game_id,pokemon_id,form_id,slot,type_id
1,1,1,1,4
1,1,1,2,8
1,2,1,1,4
1,2,1,2,8
1,3,1,1,4
1,3,1,2,8
1,4,1,1,2
1,5,1,1,2
1,6,1,1,2
1,6,1,2,10
1,7,1,1,3
1,8,1,1,3
1,9,1,1,3
1,10,1,1,12
1,11,1,1,12
1,12,1,1,12
1,12,1,2,10
1,13,1,1,12
1,13,1,2,8
1,14,1,1,12
1,14,1,2,8
1,15,1,1,12
1,15,1,2,8
1,16,1,1,1
1,16,1,2,10
1,17,1,1,1
1,17,1,2,10
1,18,1,1,1
1,18,1,2,10
1,19,1,1,1
1,20,1,1,1
1,21,1,1,1
1,21,1,2,10
1,22,1,1,1
1,22,1,2,10
1,23,1,1,8
1,24,1,1,8
1,25,1,1,5
1,26,1,1,5
1,27,1,1,9
1,28,1,1,9
1,29,1,1,8
1,30,1,1,8
1,31,1,1,8
1,31,1,2,9
1,32,1,1,8
1,33,1,1,8
1,34,1,1,8
1,34,1,2,9
1,35,1,1,1
1,36,1,1,1
1,37,1,1,2
1,38,1,1,2
1,39,1,1,1
1,40,1,1,1
1,41,1,1,8
1,41,1,2,10
1,42,1,1,8
1,42,1,2,10
1,43,1,1,4
1,43,1,2,8
1,44,1,1,4
1,44,1,2,8
1,45,1,1,4
1,45,1,2,8
1,46,1,1,12
1,46,1,2,4
1,47,1,1,12
1,47,1,2,4
1,48,1,1,12
1,48,1,2,8
1,49,1,1,12
1,49,1,2,8
1,50,1,1,9
1,51,1,1,9
1,52,1,1,1
1,53,1,1,1
1,54,1,1,3
1,55,1,1,3
1,56,1,1,7
1,57,1,1,7
1,58,1,1,2
1,59,1,1,2
1,60,1,1,3
1,61,1,1,3
1,62,1,1,3
1,62,1,2,7
1,63,1,1,11
1,64,1,1,11
1,65,1,1,11
1,66,1,1,7
1,67,1,1,7
1,68,1,1,7
1,69,1,1,4
1,69,1,2,8
1,70,1,1,4
1,70,1,2,8
1,71,1,1,4
1,71,1,2,8
1,72,1,1,3
1,72,1,2,8
1,73,1,1,3
1,73,1,2,8
1,74,1,1,13
1,74,1,2,9
1,75,1,1,13
1,75,1,2,9
1,76,1,1,13
1,76,1,2,9
1,77,1,1,2
1,78,1,1,2
1,79,1,1,3
1,79,1,2,11
1,80,1,1,3
1,80,1,2,11
1,81,1,1,5
1,82,1,1,5
1,83,1,1,1
1,83,1,2,10
1,84,1,1,1
1,84,1,2,10
1,85,1,1,1
1,85,1,2,10
1,86,1,1,3
1,87,1,1,3
1,87,1,2,6
1,88,1,1,8
1,89,1,1,8
1,90,1,1,3
1,91,1,1,3
1,91,1,2,6
1,92,1,1,14
1,92,1,2,8
1,93,1,1,14
1,93,1,2,8
1,94,1,1,14
1,94,1,2,8
1,95,1,1,13
1,95,1,2,9
1,96,1,1,11
1,97,1,1,11
1,98,1,1,3
1,99,1,1,3
1,100,1,1,5
1,101,1,1,5
1,102,1,1,4
1,102,1,2,11
1,103,1,1,4
1,103,1,2,11
1,104,1,1,9
1,105,1,1,9
1,106,1,1,7
1,107,1,1,7
1,108,1,1,1
1,109,1,1,8
1,110,1,1,8
1,111,1,1,9
1,111,1,2,13
1,112,1,1,9
1,112,1,2,13
1,113,1,1,1
1,114,1,1,4
1,115,1,1,1
1,116,1,1,3
1,117,1,1,3
1,118,1,1,3
1,119,1,1,3
1,120,1,1,3
1,121,1,1,3
1,121,1,2,11
1,122,1,1,11
1,123,1,1,12
1,123,1,2,10
1,124,1,1,6
1,124,1,2,11
1,125,1,1,5
1,126,1,1,2
1,127,1,1,12
1,128,1,1,1
1,129,1,1,3
1,130,1,1,3
1,130,1,2,10
1,131,1,1,3
1,131,1,2,6
1,132,1,1,1
1,133,1,1,1
1,134,1,1,3
1,135,1,1,5
1,136,1,1,2
1,137,1,1,1
1,138,1,1,13
1,138,1,2,3
1,139,1,1,13
1,139,1,2,3
1,140,1,1,13
1,140,1,2,3
1,141,1,1,13
1,141,1,2,3
1,142,1,1,13
1,142,1,2,10
1,143,1,1,1
1,144,1,1,6
1,144,1,2,10
1,145,1,1,5
1,145,1,2,10
1,146,1,1,2
1,146,1,2,10
1,147,1,1,15
1,148,1,1,15
1,149,1,1,15
1,149,1,2,10
1,150,1,1,11
1,151,1,1,11
2,1,1,1,4
2,1,1,2,8
2,2,1,1,4
2,2,1,2,8
2,3,1,1,4
2,3,1,2,8
2,4,1,1,2
2,5,1,1,2
2,6,1,1,2
2,6,1,2,10
2,7,1,1,3
2,8,1,1,3
2,9,1,1,3
2,10,1,1,12
2,11,1,1,12
2,12,1,1,12
2,12,1,2,10
2,13,1,1,12
2,13,1,2,8
2,14,1,1,12
2,14,1,2,8
2,15,1,1,12
2,15,1,2,8
2,16,1,1,1
2,16,1,2,10
2,17,1,1,1
2,17,1,2,10
2,18,1,1,1
2,18,1,2,10
2,19,1,1,1
2,20,1,1,1
2,21,1,1,1
2,21,1,2,10
2,22,1,1,1
2,22,1,2,10
2,23,1,1,8
2,24,1,1,8
2,25,1,1,5
2,26,1,1,5
2,27,1,1,9
2,28,1,1,9
2,29,1,1,8
2,30,1,1,8
2,31,1,1,8
2,31,1,2,9
2,32,1,1,8
2,33,1,1,8
2,34,1,1,8
2,34,1,2,9
2,35,1,1,1
2,36,1,1,1
2,37,1,1,2
2,38,1,1,2
2,39,1,1,1
2,40,1,1,1
2,41,1,1,8
2,41,1,2,10
2,42,1,1,8
2,42,1,2,10
2,43,1,1,4
2,43,1,2,8
2,44,1,1,4
2,44,1,2,8
2,45,1,1,4
2,45,1,2,8
2,46,1,1,12
2,46,1,2,4
2,47,1,1,12
2,47,1,2,4
2,48,1,1,12
2,48,1,2,8
2,49,1,1,12
2,49,1,2,8
2,50,1,1,9
2,51,1,1,9
2,52,1,1,1
2,53,1,1,1
2,54,1,1,3
2,55,1,1,3
2,56,1,1,7
2,57,1,1,7
2,58,1,1,2
2,59,1,1,2
2,60,1,1,3
2,61,1,1,3
2,62,1,1,3
2,62,1,2,7
2,63,1,1,11
2,64,1,1,11
2,65,1,1,11
2,66,1,1,7
2,67,1,1,7
2,68,1,1,7
2,69,1,1,4
2,69,1,2,8
2,70,1,1,4
2,70,1,2,8
2,71,1,1,4
2,71,1,2,8
2,72,1,1,3
2,72,1,2,8
2,73,1,1,3
2,73,1,2,8
2,74,1,1,13
2,74,1,2,9
2,75,1,1,13
2,75,1,2,9
2,76,1,1,13
2,76,1,2,9
2,77,1,1,2
2,78,1,1,2
2,79,1,1,3
2,79,1,2,11
2,80,1,1,3
2,80,1,2,11
2,81,1,1,5
2,82,1,1,5
2,83,1,1,1
2,83,1,2,10
2,84,1,1,1
2,84,1,2,10
2,85,1,1,1
2,85,1,2,10
2,86,1,1,3
2,87,1,1,3
2,87,1,2,6
2,88,1,1,8
2,89,1,1,8
2,90,1,1,3
2,91,1,1,3
2,91,1,2,6
2,92,1,1,14
2,92,1,2,8
2,93,1,1,14
2,93,1,2,8
2,94,1,1,14
2,94,1,2,8
2,95,1,1,13
2,95,1,2,9
2,96,1,1,11
2,97,1,1,11
2,98,1,1,3
2,99,1,1,3
2,100,1,1,5
2,101,1,1,5
2,102,1,1,4
2,102,1,2,11
2,103,1,1,4
2,103,1,2,11
2,104,1,1,9
2,105,1,1,9
2,106,1,1,7
2,107,1,1,7
2,108,1,1,1
2,109,1,1,8
2,110,1,1,8
2,111,1,1,9
2,111,1,2,13
2,112,1,1,9
2,112,1,2,13
2,113,1,1,1
2,114,1,1,4
2,115,1,1,1
2,116,1,1,3
2,117,1,1,3
2,118,1,1,3
2,119,1,1,3
2,120,1,1,3
2,121,1,1,3
2,121,1,2,11
2,122,1,1,11
2,123,1,1,12
2,123,1,2,10
2,124,1,1,6
2,124,1,2,11
2,125,1,1,5
2,126,1,1,2
2,127,1,1,12
2,128,1,1,1
2,129,1,1,3
2,130,1,1,3
2,130,1,2,10
2,131,1,1,3
2,131,1,2,6
2,132,1,1,1
2,133,1,1,1
2,134,1,1,3
2,135,1,1,5
2,136,1,1,2
2,137,1,1,1
2,138,1,1,13
2,138,1,2,3
2,139,1,1,13
2,139,1,2,3
2,140,1,1,13
2,140,1,2,3
2,141,1,1,13
2,141,1,2,3
2,142,1,1,13
2,142,1,2,10
2,143,1,1,1
2,144,1,1,6
2,144,1,2,10
2,145,1,1,5
2,145,1,2,10
2,146,1,1,2
2,146,1,2,10
2,147,1,1,15
2,148,1,1,15
2,149,1,1,15
2,149,1,2,10
2,150,1,1,11
2,151,1,1,11
3,1,1,1,4
3,1,1,2,8
3,2,1,1,4
3,2,1,2,8
3,3,1,1,4
3,3,1,2,8
3,4,1,1,2
3,5,1,1,2
3,6,1,1,2
3,6,1,2,10
3,7,1,1,3
3,8,1,1,3
3,9,1,1,3
3,10,1,1,12
3,11,1,1,12
3,12,1,1,12
3,12,1,2,10
3,13,1,1,12
3,13,1,2,8
3,14,1,1,12
3,14,1,2,8
3,15,1,1,12
3,15,1,2,8
3,16,1,1,1
3,16,1,2,10
3,17,1,1,1
3,17,1,2,10
3,18,1,1,1
3,18,1,2,10
3,19,1,1,1
3,20,1,1,1
3,21,1,1,1
3,21,1,2,10
3,22,1,1,1
3,22,1,2,10
3,23,1,1,8
3,24,1,1,8
3,25,1,1,5
3,26,1,1,5
3,27,1,1,9
3,28,1,1,9
3,29,1,1,8
3,30,1,1,8
3,31,1,1,8
3,31,1,2,9
3,32,1,1,8
3,33,1,1,8
3,34,1,1,8
3,34,1,2,9
3,35,1,1,1
3,36,1,1,1
3,37,1,1,2
3,38,1,1,2
3,39,1,1,1
3,40,1,1,1
3,41,1,1,8
3,41,1,2,10
3,42,1,1,8
3,42,1,2,10
3,43,1,1,4
3,43,1,2,8
3,44,1,1,4
3,44,1,2,8
3,45,1,1,4
3,45,1,2,8
3,46,1,1,12
3,46,1,2,4
3,47,1,1,12
3,47,1,2,4
3,48,1,1,12
3,48,1,2,8
3,49,1,1,12
3,49,1,2,8
3,50,1,1,9
3,51,1,1,9
3,52,1,1,1
3,53,1,1,1
3,54,1,1,3
3,55,1,1,3
3,56,1,1,7
3,57,1,1,7
3,58,1,1,2
3,59,1,1,2
3,60,1,1,3
3,61,1,1,3
3,62,1,1,3
3,62,1,2,7
3,63,1,1,11
3,64,1,1,11
3,65,1,1,11
3,66,1,1,7
3,67,1,1,7
3,68,1,1,7
3,69,1,1,4
3,69,1,2,8
3,70,1,1,4
3,70,1,2,8
3,71,1,1,4
3,71,1,2,8
3,72,1,1,3
3,72,1,2,8
3,73,1,1,3
3,73,1,2,8
3,74,1,1,13
3,74,1,2,9
3,75,1,1,13
3,75,1,2,9
3,76,1,1,13
3,76,1,2,9
3,77,1,1,2
3,78,1,1,2
3,79,1,1,3
3,79,1,2,11
3,80,1,1,3
3,80,1,2,11
3,81,1,1,5
3,82,1,1,5
3,83,1,1,1
3,83,1,2,10
3,84,1,1,1
3,84,1,2,10
3,85,1,1,1
3,85,1,2,10
3,86,1,1,3
3,87,1,1,3
3,87,1,2,6
3,88,1,1,8
3,89,1,1,8
3,90,1,1,3
3,91,1,1,3
3,91,1,2,6
3,92,1,1,14
3,92,1,2,8
3,93,1,1,14
3,93,1,2,8
3,94,1,1,14
3,94,1,2,8
3,95,1,1,13
3,95,1,2,9
3,96,1,1,11
3,97,1,1,11
3,98,1,1,3
3,99,1,1,3
3,100,1,1,5
3,101,1,1,5
3,102,1,1,4
3,102,1,2,11
3,103,1,1,4
3,103,1,2,11
3,104,1,1,9
3,105,1,1,9
3,106,1,1,7
3,107,1,1,7
3,108,1,1,1
3,109,1,1,8
3,110,1,1,8
3,111,1,1,9
3,111,1,2,13
3,112,1,1,9
3,112,1,2,13
3,113,1,1,1
3,114,1,1,4
3,115,1,1,1
3,116,1,1,3
3,117,1,1,3
3,118,1,1,3
3,119,1,1,3
3,120,1,1,3
3,121,1,1,3
3,121,1,2,11
3,122,1,1,11
3,123,1,1,12
3,123,1,2,10
3,124,1,1,6
3,124,1,2,11
3,125,1,1,5
3,126,1,1,2
3,127,1,1,12
3,128,1,1,1
3,129,1,1,3
3,130,1,1,3
3,130,1,2,10
3,131,1,1,3
3,131,1,2,6
3,132,1,1,1
3,133,1,1,1
3,134,1,1,3
3,135,1,1,5
3,136,1,1,2
3,137,1,1,1
3,138,1,1,13
3,138,1,2,3
3,139,1,1,13
3,139,1,2,3
3,140,1,1,13
3,140,1,2,3
3,141,1,1,13
3,141,1,2,3
3,142,1,1,13
3,142,1,2,10
3,143,1,1,1
3,144,1,1,6
3,144,1,2,10
3,145,1,1,5
3,145,1,2,10
3,146,1,1,2
3,146,1,2,10
3,147,1,1,15
3,148,1,1,15
3,149,1,1,15
3,149,1,2,10
3,150,1,1,11
3,151,1,1,11
4,1,1,1,4
4,1,1,2,8
4,2,1,1,4
4,2,1,2,8
4,3,1,1,4
4,3,1,2,8
4,4,1,1,2
4,5,1,1,2
4,6,1,1,2
4,6,1,2,10
4,7,1,1,3
4,8,1,1,3
4,9,1,1,3
4,10,1,1,12
4,11,1,1,12
4,12,1,1,12
4,12,1,2,10
4,13,1,1,12
4,13,1,2,8
4,14,1,1,12
4,14,1,2,8
4,15,1,1,12
4,15,1,2,8
4,16,1,1,1
4,16,1,2,10
4,17,1,1,1
4,17,1,2,10
4,18,1,1,1
4,18,1,2,10
4,19,1,1,1
4,20,1,1,1
4,21,1,1,1
4,21,1,2,10
4,22,1,1,1
4,22,1,2,10
4,23,1,1,8
4,24,1,1,8
4,25,1,1,5
4,26,1,1,5
4,27,1,1,9
4,28,1,1,9
4,29,1,1,8
4,30,1,1,8
4,31,1,1,8
4,31,1,2,9
4,32,1,1,8
4,33,1,1,8
4,34,1,1,8
4,34,1,2,9
4,35,1,1,1
4,36,1,1,1
4,37,1,1,2
4,38,1,1,2
4,39,1,1,1
4,40,1,1,1
4,41,1,1,8
4,41,1,2,10
4,42,1,1,8
4,42,1,2,10
4,43,1,1,4
4,43,1,2,8
4,44,1,1,4
4,44,1,2,8
4,45,1,1,4
4,45,1,2,8
4,46,1,1,12
4,46,1,2,4
4,47,1,1,12
4,47,1,2,4
4,48,1,1,12
4,48,1,2,8
4,49,1,1,12
4,49,1,2,8
4,50,1,1,9
4,51,1,1,9
4,52,1,1,1
4,53,1,1,1
4,54,1,1,3
4,55,1,1,3
4,56,1,1,7
4,57,1,1,7
4,58,1,1,2
4,59,1,1,2
4,60,1,1,3
4,61,1,1,3
4,62,1,1,3
4,62,1,2,7
4,63,1,1,11
4,64,1,1,11
4,65,1,1,11
4,66,1,1,7
4,67,1,1,7
4,68,1,1,7
4,69,1,1,4
4,69,1,2,8
4,70,1,1,4
4,70,1,2,8
4,71,1,1,4
4,71,1,2,8
4,72,1,1,3
4,72,1,2,8
4,73,1,1,3
4,73,1,2,8
4,74,1,1,13
4,74,1,2,9
4,75,1,1,13
4,75,1,2,9
4,76,1,1,13
4,76,1,2,9
4,77,1,1,2
4,78,1,1,2
4,79,1,1,3
4,79,1,2,11
4,80,1,1,3
4,80,1,2,11
4,81,1,1,5
4,81,1,2,17
4,82,1,1,5
4,82,1,2,17
4,83,1,1,1
4,83,1,2,10
4,84,1,1,1
4,84,1,2,10
4,85,1,1,1
4,85,1,2,10
4,86,1,1,3
4,87,1,1,3
4,87,1,2,6
4,88,1,1,8
4,89,1,1,8
4,90,1,1,3
4,91,1,1,3
4,91,1,2,6
4,92,1,1,14
4,92,1,2,8
4,93,1,1,14
4,93,1,2,8
4,94,1,1,14
4,94,1,2,8
4,95,1,1,13
4,95,1,2,9
4,96,1,1,11
4,97,1,1,11
4,98,1,1,3
4,99,1,1,3
4,100,1,1,5
4,101,1,1,5
4,102,1,1,4
4,102,1,2,11
4,103,1,1,4
4,103,1,2,11
4,104,1,1,9
4,105,1,1,9
4,106,1,1,7
4,107,1,1,7
4,108,1,1,1
4,109,1,1,8
4,110,1,1,8
4,111,1,1,9
4,111,1,2,13
4,112,1,1,9
4,112,1,2,13
4,113,1,1,1
4,114,1,1,4
4,115,1,1,1
4,116,1,1,3
4,117,1,1,3
4,118,1,1,3
4,119,1,1,3
4,120,1,1,3
4,121,1,1,3
4,121,1,2,11
4,122,1,1,11
4,123,1,1,12
4,123,1,2,10
4,124,1,1,6
4,124,1,2,11
4,125,1,1,5
4,126,1,1,2
4,127,1,1,12
4,128,1,1,1
4,129,1,1,3
4,130,1,1,3
4,130,1,2,10
4,131,1,1,3
4,131,1,2,6
4,132,1,1,1
4,133,1,1,1
4,134,1,1,3
4,135,1,1,5
4,136,1,1,2
4,137,1,1,1
4,138,1,1,13
4,138,1,2,3
4,139,1,1,13
4,139,1,2,3
4,140,1,1,13
4,140,1,2,3
4,141,1,1,13
4,141,1,2,3
4,142,1,1,13
4,142,1,2,10
4,143,1,1,1
4,144,1,1,6
4,144,1,2,10
4,145,1,1,5
4,145,1,2,10
4,146,1,1,2
4,146,1,2,10
4,147,1,1,15
4,148,1,1,15
4,149,1,1,15
4,149,1,2,10
4,150,1,1,11
4,151,1,1,11
4,152,1,1,4
4,153,1,1,4
4,154,1,1,4
4,155,1,1,2
4,156,1,1,2
4,157,1,1,2
4,158,1,1,3
4,159,1,1,3
4,160,1,1,3
4,161,1,1,1
4,162,1,1,1
4,163,1,1,1
4,163,1,2,10
4,164,1,1,1
4,164,1,2,10
4,165,1,1,12
4,165,1,2,10
4,166,1,1,12
4,166,1,2,10
4,167,1,1,12
4,167,1,2,8
4,168,1,1,12
4,168,1,2,8
4,169,1,1,8
4,169,1,2,10
4,170,1,1,3
4,170,1,2,5
4,171,1,1,3
4,171,1,2,5
4,172,1,1,5
4,173,1,1,1
4,174,1,1,1
4,175,1,1,1
4,176,1,1,1
4,176,1,2,10
4,177,1,1,11
4,177,1,2,10
4,178,1,1,11
4,178,1,2,10
4,179,1,1,5
4,180,1,1,5
4,181,1,1,5
4,182,1,1,4
4,183,1,1,3
4,184,1,1,3
4,185,1,1,13
4,186,1,1,3
4,187,1,1,4
4,187,1,2,10
4,188,1,1,4
4,188,1,2,10
4,189,1,1,4
4,189,1,2,10
4,190,1,1,1
4,191,1,1,4
4,192,1,1,4
4,193,1,1,12
4,193,1,2,10
4,194,1,1,3
4,194,1,2,9
4,195,1,1,3
4,195,1,2,9
4,196,1,1,11
4,197,1,1,16
4,198,1,1,16
4,198,1,2,10
4,199,1,1,3
4,199,1,2,11
4,200,1,1,14
4,201,1,1,11
4,201,2,1,11
4,201,3,1,11
4,201,4,1,11
4,201,5,1,11
4,201,6,1,11
4,201,7,1,11
4,201,8,1,11
4,201,9,1,11
4,201,10,1,11
4,201,11,1,11
4,201,12,1,11
4,201,13,1,11
4,201,14,1,11
4,201,15,1,11
4,201,16,1,11
4,201,17,1,11
4,201,18,1,11
4,201,19,1,11
4,201,20,1,11
4,201,21,1,11
4,201,22,1,11
4,201,23,1,11
4,201,24,1,11
4,201,25,1,11
4,201,26,1,11
4,202,1,1,11
4,203,1,1,1
4,203,1,2,11
4,204,1,1,12
4,205,1,1,12
4,205,1,2,17
4,206,1,1,1
4,207,1,1,9
4,207,1,2,10
4,208,1,1,17
4,208,1,2,9
4,209,1,1,1
4,210,1,1,1
4,211,1,1,3
4,211,1,2,8
4,212,1,1,12
4,212,1,2,17
4,213,1,1,12
4,213,1,2,13
4,214,1,1,12
4,214,1,2,7
4,215,1,1,16
4,215,1,2,6
4,216,1,1,1
4,217,1,1,1
4,218,1,1,2
4,219,1,1,2
4,219,1,2,13
4,220,1,1,6
4,220,1,2,9
4,221,1,1,6
4,221,1,2,9
4,222,1,1,3
4,222,1,2,13
4,223,1,1,3
4,224,1,1,3
4,225,1,1,6
4,225,1,2,10
4,226,1,1,3
4,226,1,2,10
4,227,1,1,17
4,227,1,2,10
4,228,1,1,16
4,228,1,2,2
4,229,1,1,16
4,229,1,2,2
4,230,1,1,3
4,230,1,2,15
4,231,1,1,9
4,232,1,1,9
4,233,1,1,1
4,234,1,1,1
4,235,1,1,1
4,236,1,1,7
4,237,1,1,7
4,238,1,1,6
4,238,1,2,11
4,239,1,1,5
4,240,1,1,2
4,241,1,1,1
4,242,1,1,1
4,243,1,1,5
4,244,1,1,2
4,245,1,1,3
4,246,1,1,13
4,246,1,2,9
4,247,1,1,13
4,247,1,2,9
4,248,1,1,13
4,248,1,2,16
4,249,1,1,11
4,249,1,2,10
4,250,1,1,2
4,250,1,2,10
4,251,1,1,11
4,251,1,2,4
5,1,1,1,4
5,1,1,2,8
5,2,1,1,4
5,2,1,2,8
5,3,1,1,4
5,3,1,2,8
5,4,1,1,2
5,5,1,1,2
5,6,1,1,2
5,6,1,2,10
5,7,1,1,3
5,8,1,1,3
5,9,1,1,3
5,10,1,1,12
5,11,1,1,12
5,12,1,1,12
5,12,1,2,10
5,13,1,1,12
5,13,1,2,8
5,14,1,1,12
5,14,1,2,8
5,15,1,1,12
5,15,1,2,8
5,16,1,1,1
5,16,1,2,10
5,17,1,1,1
5,17,1,2,10
5,18,1,1,1
5,18,1,2,10
5,19,1,1,1
5,20,1,1,1
5,21,1,1,1
5,21,1,2,10
5,22,1,1,1
5,22,1,2,10
5,23,1,1,8
5,24,1,1,8
5,25,1,1,5
5,26,1,1,5
5,27,1,1,9
5,28,1,1,9
5,29,1,1,8
5,30,1,1,8
5,31,1,1,8
5,31,1,2,9
5,32,1,1,8
5,33,1,1,8
5,34,1,1,8
5,34,1,2,9
5,35,1,1,1
5,36,1,1,1
5,37,1,1,2
5,38,1,1,2
5,39,1,1,1
5,40,1,1,1
5,41,1,1,8
5,41,1,2,10
5,42,1,1,8
5,42,1,2,10
5,43,1,1,4
5,43,1,2,8
5,44,1,1,4
5,44,1,2,8
5,45,1,1,4
5,45,1,2,8
5,46,1,1,12
5,46,1,2,4
5,47,1,1,12
5,47,1,2,4
5,48,1,1,12
5,48,1,2,8
5,49,1,1,12
5,49,1,2,8
5,50,1,1,9
5,51,1,1,9
5,52,1,1,1
5,53,1,1,1
5,54,1,1,3
5,55,1,1,3
5,56,1,1,7
5,57,1,1,7
5,58,1,1,2
5,59,1,1,2
5,60,1,1,3
5,61,1,1,3
5,62,1,1,3
5,62,1,2,7
5,63,1,1,11
5,64,1,1,11
5,65,1,1,11
5,66,1,1,7
5,67,1,1,7
5,68,1,1,7
5,69,1,1,4
5,69,1,2,8
5,70,1,1,4
5,70,1,2,8
5,71,1,1,4
5,71,1,2,8
5,72,1,1,3
5,72,1,2,8
5,73,1,1,3
5,73,1,2,8
5,74,1,1,13
5,74,1,2,9
5,75,1,1,13
5,75,1,2,9
5,76,1,1,13
5,76,1,2,9
5,77,1,1,2
5,78,1,1,2
5,79,1,1,3
5,79,1,2,11
5,80,1,1,3
5,80,1,2,11
5,81,1,1,5
5,81,1,2,17
5,82,1,1,5
5,82,1,2,17
5,83,1,1,1
5,83,1,2,10
5,84,1,1,1
5,84,1,2,10
5,85,1,1,1
5,85,1,2,10
5,86,1,1,3
5,87,1,1,3
5,87,1,2,6
5,88,1,1,8
5,89,1,1,8
5,90,1,1,3
5,91,1,1,3
5,91,1,2,6
5,92,1,1,14
5,92,1,2,8
5,93,1,1,14
5,93,1,2,8
5,94,1,1,14
5,94,1,2,8
5,95,1,1,13
5,95,1,2,9
5,96,1,1,11
5,97,1,1,11
5,98,1,1,3
5,99,1,1,3
5,100,1,1,5
5,101,1,1,5
5,102,1,1,4
5,102,1,2,11
5,103,1,1,4
5,103,1,2,11
5,104,1,1,9
5,105,1,1,9
5,106,1,1,7
5,107,1,1,7
5,108,1,1,1
5,109,1,1,8
5,110,1,1,8
5,111,1,1,9
5,111,1,2,13
5,112,1,1,9
5,112,1,2,13
5,113,1,1,1
5,114,1,1,4
5,115,1,1,1
5,116,1,1,3
5,117,1,1,3
5,118,1,1,3
5,119,1,1,3
5,120,1,1,3
5,121,1,1,3
5,121,1,2,11
5,122,1,1,11
5,123,1,1,12
5,123,1,2,10
5,124,1,1,6
5,124,1,2,11
5,125,1,1,5
5,126,1,1,2
5,127,1,1,12
5,128,1,1,1
5,129,1,1,3
5,130,1,1,3
5,130,1,2,10
5,131,1,1,3
5,131,1,2,6
5,132,1,1,1
5,133,1,1,1
5,134,1,1,3
5,135,1,1,5
5,136,1,1,2
5,137,1,1,1
5,138,1,1,13
5,138,1,2,3
5,139,1,1,13
5,139,1,2,3
5,140,1,1,13
5,140,1,2,3
5,141,1,1,13
5,141,1,2,3
5,142,1,1,13
5,142,1,2,10
5,143,1,1,1
5,144,1,1,6
5,144,1,2,10
5,145,1,1,5
5,145,1,2,10
5,146,1,1,2
5,146,1,2,10
5,147,1,1,15
5,148,1,1,15
5,149,1,1,15
5,149,1,2,10
5,150,1,1,11
5,151,1,1,11
5,152,1,1,4
5,153,1,1,4
5,154,1,1,4
5,155,1,1,2
5,156,1,1,2
5,157,1,1,2
5,158,1,1,3
5,159,1,1,3
5,160,1,1,3
5,161,1,1,1
5,162,1,1,1
5,163,1,1,1
5,163,1,2,10
5,164,1,1,1
5,164,1,2,10
5,165,1,1,12
5,165,1,2,10
5,166,1,1,12
5,166,1,2,10
5,167,1,1,12
5,167,1,2,8
5,168,1,1,12
5,168,1,2,8
5,169,1,1,8
5,169,1,2,10
5,170,1,1,3
5,170,1,2,5
5,171,1,1,3
5,171,1,2,5
5,172,1,1,5
5,173,1,1,1
5,174,1,1,1
5,175,1,1,1
5,176,1,1,1
5,176,1,2,10
5,177,1,1,11
5,177,1,2,10
5,178,1,1,11
5,178,1,2,10
5,179,1,1,5
5,180,1,1,5
5,181,1,1,5
5,182,1,1,4
5,183,1,1,3
5,184,1,1,3
5,185,1,1,13
5,186,1,1,3
5,187,1,1,4
5,187,1,2,10
5,188,1,1,4
5,188,1,2,10
5,189,1,1,4
5,189,1,2,10
5,190,1,1,1
5,191,1,1,4
5,192,1,1,4
5,193,1,1,12
5,193,1,2,10
5,194,1,1,3
5,194,1,2,9
5,195,1,1,3
5,195,1,2,9
5,196,1,1,11
5,197,1,1,16
5,198,1,1,16
5,198,1,2,10
5,199,1,1,3
5,199,1,2,11
5,200,1,1,14
5,201,1,1,11
5,201,2,1,11
5,201,3,1,11
5,201,4,1,11
5,201,5,1,11
5,201,6,1,11
5,201,7,1,11
5,201,8,1,11
5,201,9,1,11
5,201,10,1,11
5,201,11,1,11
5,201,12,1,11
5,201,13,1,11
5,201,14,1,11
5,201,15,1,11
5,201,16,1,11
5,201,17,1,11
5,201,18,1,11
5,201,19,1,11
5,201,20,1,11
5,201,21,1,11
5,201,22,1,11
5,201,23,1,11
5,201,24,1,11
5,201,25,1,11
5,201,26,1,11
5,202,1,1,11
5,203,1,1,1
5,203,1,2,11
5,204,1,1,12
5,205,1,1,12
5,205,1,2,17
5,206,1,1,1
5,207,1,1,9
5,207,1,2,10
5,208,1,1,17
5,208,1,2,9
5,209,1,1,1
5,210,1,1,1
5,211,1,1,3
5,211,1,2,8
5,212,1,1,12
5,212,1,2,17
5,213,1,1,12
5,213,1,2,13
5,214,1,1,12
5,214,1,2,7
5,215,1,1,16
5,215,1,2,6
5,216,1,1,1
5,217,1,1,1
5,218,1,1,2
5,219,1,1,2
5,219,1,2,13
5,220,1,1,6
5,220,1,2,9
5,221,1,1,6
5,221,1,2,9
5,222,1,1,3
5,222,1,2,13
5,223,1,1,3
5,224,1,1,3
5,225,1,1,6
5,225,1,2,10
5,226,1,1,3
5,226,1,2,10
5,227,1,1,17
5,227,1,2,10
5,228,1,1,16
5,228,1,2,2
5,229,1,1,16
5,229,1,2,2
5,230,1,1,3
5,230,1,2,15
5,231,1,1,9
5,232,1,1,9
5,233,1,1,1
5,234,1,1,1
5,235,1,1,1
5,236,1,1,7
5,237,1,1,7
5,238,1,1,6
5,238,1,2,11
5,239,1,1,5
5,240,1,1,2
5,241,1,1,1
5,242,1,1,1
5,243,1,1,5
5,244,1,1,2
5,245,1,1,3
5,246,1,1,13
5,246,1,2,9
5,247,1,1,13
5,247,1,2,9
5,248,1,1,13
5,248,1,2,16
5,249,1,1,11
5,249,1,2,10
5,250,1,1,2
5,250,1,2,10
5,251,1,1,11
5,251,1,2,4
6,1,1,1,4
6,1,1,2,8
6,2,1,1,4
6,2,1,2,8
6,3,1,1,4
6,3,1,2,8
6,4,1,1,2
6,5,1,1,2
6,6,1,1,2
6,6,1,2,10
6,7,1,1,3
6,8,1,1,3
6,9,1,1,3
6,10,1,1,12
6,11,1,1,12
6,12,1,1,12
6,12,1,2,10
6,13,1,1,12
6,13,1,2,8
6,14,1,1,12
6,14,1,2,8
6,15,1,1,12
6,15,1,2,8
6,16,1,1,1
6,16,1,2,10
6,17,1,1,1
6,17,1,2,10
6,18,1,1,1
6,18,1,2,10
6,19,1,1,1
6,20,1,1,1
6,21,1,1,1
6,21,1,2,10
6,22,1,1,1
6,22,1,2,10
6,23,1,1,8
6,24,1,1,8
6,25,1,1,5
6,26,1,1,5
6,27,1,1,9
6,28,1,1,9
6,29,1,1,8
6,30,1,1,8
6,31,1,1,8
6,31,1,2,9
6,32,1,1,8
6,33,1,1,8
6,34,1,1,8
6,34,1,2,9
6,35,1,1,1
6,36,1,1,1
6,37,1,1,2
6,38,1,1,2
6,39,1,1,1
6,40,1,1,1
6,41,1,1,8
6,41,1,2,10
6,42,1,1,8
6,42,1,2,10
6,43,1,1,4
6,43,1,2,8
6,44,1,1,4
6,44,1,2,8
6,45,1,1,4
6,45,1,2,8
6,46,1,1,12
6,46,1,2,4
6,47,1,1,12
6,47,1,2,4
6,48,1,1,12
6,48,1,2,8
6,49,1,1,12
6,49,1,2,8
6,50,1,1,9
6,51,1,1,9
6,52,1,1,1
6,53,1,1,1
6,54,1,1,3
6,55,1,1,3
6,56,1,1,7
6,57,1,1,7
6,58,1,1,2
6,59,1,1,2
6,60,1,1,3
6,61,1,1,3
6,62,1,1,3
6,62,1,2,7
6,63,1,1,11
6,64,1,1,11
6,65,1,1,11
6,66,1,1,7
6,67,1,1,7
6,68,1,1,7
6,69,1,1,4
6,69,1,2,8
6,70,1,1,4
6,70,1,2,8
6,71,1,1,4
6,71,1,2,8
6,72,1,1,3
6,72,1,2,8
6,73,1,1,3
6,73,1,2,8
6,74,1,1,13
6,74,1,2,9
6,75,1,1,13
6,75,1,2,9
6,76,1,1,13
6,76,1,2,9
6,77,1,1,2
6,78,1,1,2
6,79,1,1,3
6,79,1,2,11
6,80,1,1,3
6,80,1,2,11
6,81,1,1,5
6,81,1,2,17
6,82,1,1,5
6,82,1,2,17
6,83,1,1,1
6,83,1,2,10
6,84,1,1,1
6,84,1,2,10
6,85,1,1,1
6,85,1,2,10
6,86,1,1,3
6,87,1,1,3
6,87,1,2,6
6,88,1,1,8
6,89,1,1,8
6,90,1,1,3
6,91,1,1,3
6,91,1,2,6
6,92,1,1,14
6,92,1,2,8
6,93,1,1,14
6,93,1,2,8
6,94,1,1,14
6,94,1,2,8
6,95,1,1,13
6,95,1,2,9
6,96,1,1,11
6,97,1,1,11
6,98,1,1,3
6,99,1,1,3
6,100,1,1,5
6,101,1,1,5
6,102,1,1,4
6,102,1,2,11
6,103,1,1,4
6,103,1,2,11
6,104,1,1,9
6,105,1,1,9
6,106,1,1,7
6,107,1,1,7
6,108,1,1,1
6,109,1,1,8
6,110,1,1,8
6,111,1,1,9
6,111,1,2,13
6,112,1,1,9
6,112,1,2,13
6,113,1,1,1
6,114,1,1,4
6,115,1,1,1
6,116,1,1,3
6,117,1,1,3
6,118,1,1,3
6,119,1,1,3
6,120,1,1,3
6,121,1,1,3
6,121,1,2,11
6,122,1,1,11
6,123,1,1,12
6,123,1,2,10
6,124,1,1,6
6,124,1,2,11
6,125,1,1,5
6,126,1,1,2
6,127,1,1,12
6,128,1,1,1
6,129,1,1,3
6,130,1,1,3
6,130,1,2,10
6,131,1,1,3
6,131,1,2,6
6,132,1,1,1
6,133,1,1,1
6,134,1,1,3
6,135,1,1,5
6,136,1,1,2
6,137,1,1,1
6,138,1,1,13
6,138,1,2,3
6,139,1,1,13
6,139,1,2,3
6,140,1,1,13
6,140,1,2,3
6,141,1,1,13
6,141,1,2,3
6,142,1,1,13
6,142,1,2,10
6,143,1,1,1
6,144,1,1,6
6,144,1,2,10
6,145,1,1,5
6,145,1,2,10
6,146,1,1,2
6,146,1,2,10
6,147,1,1,15
6,148,1,1,15
6,149,1,1,15
6,149,1,2,10
6,150,1,1,11
6,151,1,1,11
6,152,1,1,4
6,153,1,1,4
6,154,1,1,4
6,155,1,1,2
6,156,1,1,2
6,157,1,1,2
6,158,1,1,3
6,159,1,1,3
6,160,1,1,3
6,161,1,1,1
6,162,1,1,1
6,163,1,1,1
6,163,1,2,10
6,164,1,1,1
6,164,1,2,10
6,165,1,1,12
6,165,1,2,10
6,166,1,1,12
6,166,1,2,10
6,167,1,1,12
6,167,1,2,8
6,168,1,1,12
6,168,1,2,8
6,169,1,1,8
6,169,1,2,10
6,170,1,1,3
6,170,1,2,5
6,171,1,1,3
6,171,1,2,5
6,172,1,1,5
6,173,1,1,1
6,174,1,1,1
6,175,1,1,1
6,176,1,1,1
6,176,1,2,10
6,177,1,1,11
6,177,1,2,10
6,178,1,1,11
6,178,1,2,10
6,179,1,1,5
6,180,1,1,5
6,181,1,1,5
6,182,1,1,4
6,183,1,1,3
6,184,1,1,3
6,185,1,1,13
6,186,1,1,3
6,187,1,1,4
6,187,1,2,10
6,188,1,1,4
6,188,1,2,10
6,189,1,1,4
6,189,1,2,10
6,190,1,1,1
6,191,1,1,4
6,192,1,1,4
6,193,1,1,12
6,193,1,2,10
6,194,1,1,3
6,194,1,2,9
6,195,1,1,3
6,195,1,2,9
6,196,1,1,11
6,197,1,1,16
6,198,1,1,16
6,198,1,2,10
6,199,1,1,3
6,199,1,2,11
6,200,1,1,14
6,201,1,1,11
6,201,2,1,11
6,201,3,1,11
6,201,4,1,11
6,201,5,1,11
6,201,6,1,11
6,201,7,1,11
6,201,8,1,11
6,201,9,1,11
6,201,10,1,11
6,201,11,1,11
6,201,12,1,11
6,201,13,1,11
6,201,14,1,11
6,201,15,1,11
6,201,16,1,11
6,201,17,1,11
6,201,18,1,11
6,201,19,1,11
6,201,20,1,11
6,201,21,1,11
6,201,22,1,11
6,201,23,1,11
6,201,24,1,11
6,201,25,1,11
6,201,26,1,11
6,202,1,1,11
6,203,1,1,1
6,203,1,2,11
6,204,1,1,12
6,205,1,1,12
6,205,1,2,17
6,206,1,1,1
6,207,1,1,9
6,207,1,2,10
6,208,1,1,17
6,208,1,2,9
6,209,1,1,1
6,210,1,1,1
6,211,1,1,3
6,211,1,2,8
6,212,1,1,12
6,212,1,2,17
6,213,1,1,12
6,213,1,2,13
6,214,1,1,12
6,214,1,2,7
6,215,1,1,16
6,215,1,2,6
6,216,1,1,1
6,217,1,1,1
6,218,1,1,2
6,219,1,1,2
6,219,1,2,13
6,220,1,1,6
6,220,1,2,9
6,221,1,1,6
6,221,1,2,9
6,222,1,1,3
6,222,1,2,13
6,223,1,1,3
6,224,1,1,3
6,225,1,1,6
6,225,1,2,10
6,226,1,1,3
6,226,1,2,10
6,227,1,1,17
6,227,1,2,10
6,228,1,1,16
6,228,1,2,2
6,229,1,1,16
6,229,1,2,2
6,230,1,1,3
6,230,1,2,15
6,231,1,1,9
6,232,1,1,9
6,233,1,1,1
6,234,1,1,1
6,235,1,1,1
6,236,1,1,7
6,237,1,1,7
6,238,1,1,6
6,238,1,2,11
6,239,1,1,5
6,240,1,1,2
6,241,1,1,1
6,242,1,1,1
6,243,1,1,5
6,244,1,1,2
6,245,1,1,3
6,246,1,1,13
6,246,1,2,9
6,247,1,1,13
6,247,1,2,9
6,248,1,1,13
6,248,1,2,16
6,249,1,1,11
6,249,1,2,10
6,250,1,1,2
6,250,1,2,10
6,251,1,1,11
6,251,1,2,4
7,1,1,1,4
7,1,1,2,8
7,2,1,1,4
7,2,1,2,8
7,3,1,1,4
7,3,1,2,8
7,4,1,1,2
7,5,1,1,2
7,6,1,1,2
7,6,1,2,10
7,7,1,1,3
7,8,1,1,3
7,9,1,1,3
7,10,1,1,12
7,11,1,1,12
7,12,1,1,12
7,12,1,2,10
7,13,1,1,12
7,13,1,2,8
7,14,1,1,12
7,14,1,2,8
7,15,1,1,12
7,15,1,2,8
7,16,1,1,1
7,16,1,2,10
7,17,1,1,1
7,17,1,2,10
7,18,1,1,1
7,18,1,2,10
7,19,1,1,1
7,20,1,1,1
7,21,1,1,1
7,21,1,2,10
7,22,1,1,1
7,22,1,2,10
7,23,1,1,8
7,24,1,1,8
7,25,1,1,5
7,26,1,1,5
7,27,1,1,9
7,28,1,1,9
7,29,1,1,8
7,30,1,1,8
7,31,1,1,8
7,31,1,2,9
7,32,1,1,8
7,33,1,1,8
7,34,1,1,8
7,34,1,2,9
7,35,1,1,1
7,36,1,1,1
7,37,1,1,2
7,38,1,1,2
7,39,1,1,1
7,40,1,1,1
7,41,1,1,8
7,41,1,2,10
7,42,1,1,8
7,42,1,2,10
7,43,1,1,4
7,43,1,2,8
7,44,1,1,4
7,44,1,2,8
7,45,1,1,4
7,45,1,2,8
7,46,1,1,12
7,46,1,2,4
7,47,1,1,12
7,47,1,2,4
7,48,1,1,12
7,48,1,2,8
7,49,1,1,12
7,49,1,2,8
7,50,1,1,9
7,51,1,1,9
7,52,1,1,1
7,53,1,1,1
7,54,1,1,3
7,55,1,1,3
7,56,1,1,7
7,57,1,1,7
7,58,1,1,2
7,59,1,1,2
7,60,1,1,3
7,61,1,1,3
7,62,1,1,3
7,62,1,2,7
7,63,1,1,11
7,64,1,1,11
7,65,1,1,11
7,66,1,1,7
7,67,1,1,7
7,68,1,1,7
7,69,1,1,4
7,69,1,2,8
7,70,1,1,4
7,70,1,2,8
7,71,1,1,4
7,71,1,2,8
7,72,1,1,3
7,72,1,2,8
7,73,1,1,3
7,73,1,2,8
7,74,1,1,13
7,74,1,2,9
7,75,1,1,13
7,75,1,2,9
7,76,1,1,13
7,76,1,2,9
7,77,1,1,2
7,78,1,1,2
7,79,1,1,3
7,79,1,2,11
7,80,1,1,3
7,80,1,2,11
7,81,1,1,5
7,81,1,2,17
7,82,1,1,5
7,82,1,2,17
7,83,1,1,1
7,83,1,2,10
7,84,1,1,1
7,84,1,2,10
7,85,1,1,1
7,85,1,2,10
7,86,1,1,3
7,87,1,1,3
7,87,1,2,6
7,88,1,1,8
7,89,1,1,8
7,90,1,1,3
7,91,1,1,3
7,91,1,2,6
7,92,1,1,14
7,92,1,2,8
7,93,1,1,14
7,93,1,2,8
7,94,1,1,14
7,94,1,2,8
7,95,1,1,13
7,95,1,2,9
7,96,1,1,11
7,97,1,1,11
7,98,1,1,3
7,99,1,1,3
7,100,1,1,5
7,101,1,1,5
7,102,1,1,4
7,102,1,2,11
7,103,1,1,4
7,103,1,2,11
7,104,1,1,9
7,105,1,1,9
7,106,1,1,7
7,107,1,1,7
7,108,1,1,1
7,109,1,1,8
7,110,1,1,8
7,111,1,1,9
7,111,1,2,13
7,112,1,1,9
7,112,1,2,13
7,113,1,1,1
7,114,1,1,4
7,115,1,1,1
7,116,1,1,3
7,117,1,1,3
7,118,1,1,3
7,119,1,1,3
7,120,1,1,3
7,121,1,1,3
7,121,1,2,11
7,122,1,1,11
7,123,1,1,12
7,123,1,2,10
7,124,1,1,6
7,124,1,2,11
7,125,1,1,5
7,126,1,1,2
7,127,1,1,12
7,128,1,1,1
7,129,1,1,3
7,130,1,1,3
7,130,1,2,10
7,131,1,1,3
7,131,1,2,6
7,132,1,1,1
7,133,1,1,1
7,134,1,1,3
7,135,1,1,5
7,136,1,1,2
7,137,1,1,1
7,138,1,1,13
7,138,1,2,3
7,139,1,1,13
7,139,1,2,3
7,140,1,1,13
7,140,1,2,3
7,141,1,1,13
7,141,1,2,3
7,142,1,1,13
7,142,1,2,10
7,143,1,1,1
7,144,1,1,6
7,144,1,2,10
7,145,1,1,5
7,145,1,2,10
7,146,1,1,2
7,146,1,2,10
7,147,1,1,15
7,148,1,1,15
7,149,1,1,15
7,149,1,2,10
7,150,1,1,11
7,151,1,1,11
7,152,1,1,4
7,153,1,1,4
7,154,1,1,4
7,155,1,1,2
7,156,1,1,2
7,157,1,1,2
7,158,1,1,3
7,159,1,1,3
7,160,1,1,3
7,161,1,1,1
7,162,1,1,1
7,163,1,1,1
7,163,1,2,10
7,164,1,1,1
7,164,1,2,10
7,165,1,1,12
7,165,1,2,10
7,166,1,1,12
7,166,1,2,10
7,167,1,1,12
7,167,1,2,8
7,168,1,1,12
7,168,1,2,8
7,169,1,1,8
7,169,1,2,10
7,170,1,1,3
7,170,1,2,5
7,171,1,1,3
7,171,1,2,5
7,172,1,1,5
7,173,1,1,1
7,174,1,1,1
7,175,1,1,1
7,176,1,1,1
7,176,1,2,10
7,177,1,1,11
7,177,1,2,10
7,178,1,1,11
7,178,1,2,10
7,179,1,1,5
7,180,1,1,5
7,181,1,1,5
7,182,1,1,4
7,183,1,1,3
7,184,1,1,3
7,185,1,1,13
7,186,1,1,3
7,187,1,1,4
7,187,1,2,10
7,188,1,1,4
7,188,1,2,10
7,189,1,1,4
7,189,1,2,10
7,190,1,1,1
7,191,1,1,4
7,192,1,1,4
7,193,1,1,12
7,193,1,2,10
7,194,1,1,3
7,194,1,2,9
7,195,1,1,3
7,195,1,2,9
7,196,1,1,11
7,197,1,1,16
7,198,1,1,16
7,198,1,2,10
7,199,1,1,3
7,199,1,2,11
7,200,1,1,14
7,201,1,1,11
7,201,2,1,11
7,201,3,1,11
7,201,4,1,11
7,201,5,1,11
7,201,6,1,11
7,201,7,1,11
7,201,8,1,11
7,201,9,1,11
7,201,10,1,11
7,201,11,1,11
7,201,12,1,11
7,201,13,1,11
7,201,14,1,11
7,201,15,1,11
7,201,16,1,11
7,201,17,1,11
7,201,18,1,11
7,201,19,1,11
7,201,20,1,11
7,201,21,1,11
7,201,22,1,11
7,201,23,1,11
7,201,24,1,11
7,201,25,1,11
7,201,26,1,11
7,201,27,1,11
7,201,28,1,11
7,202,1,1,11
7,203,1,1,1
7,203,1,2,11
7,204,1,1,12
7,205,1,1,12
7,205,1,2,17
7,206,1,1,1
7,207,1,1,9
7,207,1,2,10
7,208,1,1,17
7,208,1,2,9
7,209,1,1,1
7,210,1,1,1
7,211,1,1,3
7,211,1,2,8
7,212,1,1,12
7,212,1,2,17
7,213,1,1,12
7,213,1,2,13
7,214,1,1,12
7,214,1,2,7
7,215,1,1,16
7,215,1,2,6
7,216,1,1,1
7,217,1,1,1
7,218,1,1,2
7,219,1,1,2
7,219,1,2,13
7,220,1,1,6
7,220,1,2,9
7,221,1,1,6
7,221,1,2,9
7,222,1,1,3
7,222,1,2,13
7,223,1,1,3
7,224,1,1,3
7,225,1,1,6
7,225,1,2,10
7,226,1,1,3
7,226,1,2,10
7,227,1,1,17
7,227,1,2,10
7,228,1,1,16
7,228,1,2,2
7,229,1,1,16
7,229,1,2,2
7,230,1,1,3
7,230,1,2,15
7,231,1,1,9
7,232,1,1,9
7,233,1,1,1
7,234,1,1,1
7,235,1,1,1
7,236,1,1,7
7,237,1,1,7
7,238,1,1,6
7,238,1,2,11
7,239,1,1,5
7,240,1,1,2
7,241,1,1,1
7,242,1,1,1
7,243,1,1,5
7,244,1,1,2
7,245,1,1,3
7,246,1,1,13
7,246,1,2,9
7,247,1,1,13
7,247,1,2,9
7,248,1,1,13
7,248,1,2,16
7,249,1,1,11
7,249,1,2,10
7,250,1,1,2
7,250,1,2,10
7,251,1,1,11
7,251,1,2,4
7,252,1,1,4
7,253,1,1,4
7,254,1,1,4
7,255,1,1,2
7,256,1,1,2
7,256,1,2,7
7,257,1,1,2
7,257,1,2,7
7,258,1,1,3
7,259,1,1,3
7,259,1,2,9
7,260,1,1,3
7,260,1,2,9
7,261,1,1,16
7,262,1,1,16
7,263,1,1,1
7,264,1,1,1
7,265,1,1,12
7,266,1,1,12
7,267,1,1,12
7,267,1,2,10
7,268,1,1,12
7,269,1,1,12
7,269,1,2,8
7,270,1,1,3
7,270,1,2,4
7,271,1,1,3
7,271,1,2,4
7,272,1,1,3
7,272,1,2,4
7,273,1,1,4
7,274,1,1,4
7,274,1,2,16
7,275,1,1,4
7,275,1,2,16
7,276,1,1,1
7,276,1,2,10
7,277,1,1,1
7,277,1,2,10
7,278,1,1,3
7,278,1,2,10
7,279,1,1,3
7,279,1,2,10
7,280,1,1,11
7,281,1,1,11
7,282,1,1,11
7,283,1,1,12
7,283,1,2,3
7,284,1,1,12
7,284,1,2,10
7,285,1,1,4
7,286,1,1,4
7,286,1,2,7
7,287,1,1,1
7,288,1,1,1
7,289,1,1,1
7,290,1,1,12
7,290,1,2,9
7,291,1,1,12
7,291,1,2,10
7,292,1,1,12
7,292,1,2,14
7,293,1,1,1
7,294,1,1,1
7,295,1,1,1
7,296,1,1,7
7,297,1,1,7
7,298,1,1,1
7,299,1,1,13
7,300,1,1,1
7,301,1,1,1
7,302,1,1,16
7,302,1,2,14
7,303,1,1,17
7,304,1,1,17
7,304,1,2,13
7,305,1,1,17
7,305,1,2,13
7,306,1,1,17
7,306,1,2,13
7,307,1,1,7
7,307,1,2,11
7,308,1,1,7
7,308,1,2,11
7,309,1,1,5
7,310,1,1,5
7,311,1,1,5
7,312,1,1,5
7,313,1,1,12
7,314,1,1,12
7,315,1,1,4
7,315,1,2,8
7,316,1,1,8
7,317,1,1,8
7,318,1,1,3
7,318,1,2,16
7,319,1,1,3
7,319,1,2,16
7,320,1,1,3
7,321,1,1,3
7,322,1,1,2
7,322,1,2,9
7,323,1,1,2
7,323,1,2,9
7,324,1,1,2
7,325,1,1,11
7,326,1,1,11
7,327,1,1,1
7,328,1,1,9
7,329,1,1,9
7,329,1,2,15
7,330,1,1,9
7,330,1,2,15
7,331,1,1,4
7,332,1,1,4
7,332,1,2,16
7,333,1,1,1
7,333,1,2,10
7,334,1,1,15
7,334,1,2,10
7,335,1,1,1
7,336,1,1,8
7,337,1,1,13
7,337,1,2,11
7,338,1,1,13
7,338,1,2,11
7,339,1,1,3
7,339,1,2,9
7,340,1,1,3
7,340,1,2,9
7,341,1,1,3
7,342,1,1,3
7,342,1,2,16
7,343,1,1,9
7,343,1,2,11
7,344,1,1,9
7,344,1,2,11
7,345,1,1,13
7,345,1,2,4
7,346,1,1,13
7,346,1,2,4
7,347,1,1,13
7,347,1,2,12
7,348,1,1,13
7,348,1,2,12
7,349,1,1,3
7,350,1,1,3
7,351,1,1,1
7,351,2,1,2
7,351,3,1,3
7,351,4,1,6
7,352,1,1,1
7,353,1,1,14
7,354,1,1,14
7,355,1,1,14
7,356,1,1,14
7,357,1,1,4
7,357,1,2,10
7,358,1,1,11
7,359,1,1,16
7,360,1,1,11
7,361,1,1,6
7,362,1,1,6
7,363,1,1,6
7,363,1,2,3
7,364,1,1,6
7,364,1,2,3
7,365,1,1,6
7,365,1,2,3
7,366,1,1,3
7,367,1,1,3
7,368,1,1,3
7,369,1,1,3
7,369,1,2,13
7,370,1,1,3
7,371,1,1,15
7,372,1,1,15
7,373,1,1,15
7,373,1,2,10
7,374,1,1,17
7,374,1,2,11
7,375,1,1,17
7,375,1,2,11
7,376,1,1,17
7,376,1,2,11
7,377,1,1,13
7,378,1,1,6
7,379,1,1,17
7,380,1,1,15
7,380,1,2,11
7,381,1,1,15
7,381,1,2,11
7,382,1,1,3
7,383,1,1,9
7,384,1,1,15
7,384,1,2,10
7,385,1,1,17
7,385,1,2,11
7,386,1,1,11
8,1,1,1,4
8,1,1,2,8
8,2,1,1,4
8,2,1,2,8
8,3,1,1,4
8,3,1,2,8
8,4,1,1,2
8,5,1,1,2
8,6,1,1,2
8,6,1,2,10
8,7,1,1,3
8,8,1,1,3
8,9,1,1,3
8,10,1,1,12
8,11,1,1,12
8,12,1,1,12
8,12,1,2,10
8,13,1,1,12
8,13,1,2,8
8,14,1,1,12
8,14,1,2,8
8,15,1,1,12
8,15,1,2,8
8,16,1,1,1
8,16,1,2,10
8,17,1,1,1
8,17,1,2,10
8,18,1,1,1
8,18,1,2,10
8,19,1,1,1
8,20,1,1,1
8,21,1,1,1
8,21,1,2,10
8,22,1,1,1
8,22,1,2,10
8,23,1,1,8
8,24,1,1,8
8,25,1,1,5
8,26,1,1,5
8,27,1,1,9
8,28,1,1,9
8,29,1,1,8
8,30,1,1,8
8,31,1,1,8
8,31,1,2,9
8,32,1,1,8
8,33,1,1,8
8,34,1,1,8
8,34,1,2,9
8,35,1,1,1
8,36,1,1,1
8,37,1,1,2
8,38,1,1,2
8,39,1,1,1
8,40,1,1,1
8,41,1,1,8
8,41,1,2,10
8,42,1,1,8
8,42,1,2,10
8,43,1,1,4
8,43,1,2,8
8,44,1,1,4
8,44,1,2,8
8,45,1,1,4
8,45,1,2,8
8,46,1,1,12
8,46,1,2,4
8,47,1,1,12
8,47,1,2,4
8,48,1,1,12
8,48,1,2,8
8,49,1,1,12
8,49,1,2,8
8,50,1,1,9
8,51,1,1,9
8,52,1,1,1
8,53,1,1,1
8,54,1,1,3
8,55,1,1,3
8,56,1,1,7
8,57,1,1,7
8,58,1,1,2
8,59,1,1,2
8,60,1,1,3
8,61,1,1,3
8,62,1,1,3
8,62,1,2,7
8,63,1,1,11
8,64,1,1,11
8,65,1,1,11
8,66,1,1,7
8,67,1,1,7
8,68,1,1,7
8,69,1,1,4
8,69,1,2,8
8,70,1,1,4
8,70,1,2,8
8,71,1,1,4
8,71,1,2,8
8,72,1,1,3
8,72,1,2,8
8,73,1,1,3
8,73,1,2,8
8,74,1,1,13
8,74,1,2,9
8,75,1,1,13
8,75,1,2,9
8,76,1,1,13
8,76,1,2,9
8,77,1,1,2
8,78,1,1,2
8,79,1,1,3
8,79,1,2,11
8,80,1,1,3
8,80,1,2,11
8,81,1,1,5
8,81,1,2,17
8,82,1,1,5
8,82,1,2,17
8,83,1,1,1
8,83,1,2,10
8,84,1,1,1
8,84,1,2,10
8,85,1,1,1
8,85,1,2,10
8,86,1,1,3
8,87,1,1,3
8,87,1,2,6
8,88,1,1,8
8,89,1,1,8
8,90,1,1,3
8,91,1,1,3
8,91,1,2,6
8,92,1,1,14
8,92,1,2,8
8,93,1,1,14
8,93,1,2,8
8,94,1,1,14
8,94,1,2,8
8,95,1,1,13
8,95,1,2,9
8,96,1,1,11
8,97,1,1,11
8,98,1,1,3
8,99,1,1,3
8,100,1,1,5
8,101,1,1,5
8,102,1,1,4
8,102,1,2,11
8,103,1,1,4
8,103,1,2,11
8,104,1,1,9
8,105,1,1,9
8,106,1,1,7
8,107,1,1,7
8,108,1,1,1
8,109,1,1,8
8,110,1,1,8
8,111,1,1,9
8,111,1,2,13
8,112,1,1,9
8,112,1,2,13
8,113,1,1,1
8,114,1,1,4
8,115,1,1,1
8,116,1,1,3
8,117,1,1,3
8,118,1,1,3
8,119,1,1,3
8,120,1,1,3
8,121,1,1,3
8,121,1,2,11
8,122,1,1,11
8,123,1,1,12
8,123,1,2,10
8,124,1,1,6
8,124,1,2,11
8,125,1,1,5
8,126,1,1,2
8,127,1,1,12
8,128,1,1,1
8,129,1,1,3
8,130,1,1,3
8,130,1,2,10
8,131,1,1,3
8,131,1,2,6
8,132,1,1,1
8,133,1,1,1
8,134,1,1,3
8,135,1,1,5
8,136,1,1,2
8,137,1,1,1
8,138,1,1,13
8,138,1,2,3
8,139,1,1,13
8,139,1,2,3
8,140,1,1,13
8,140,1,2,3
8,141,1,1,13
8,141,1,2,3
8,142,1,1,13
8,142,1,2,10
8,143,1,1,1
8,144,1,1,6
8,144,1,2,10
8,145,1,1,5
8,145,1,2,10
8,146,1,1,2
8,146,1,2,10
8,147,1,1,15
8,148,1,1,15
8,149,1,1,15
8,149,1,2,10
8,150,1,1,11
8,151,1,1,11
8,152,1,1,4
8,153,1,1,4
8,154,1,1,4
8,155,1,1,2
8,156,1,1,2
8,157,1,1,2
8,158,1,1,3
8,159,1,1,3
8,160,1,1,3
8,161,1,1,1
8,162,1,1,1
8,163,1,1,1
8,163,1,2,10
8,164,1,1,1
8,164,1,2,10
8,165,1,1,12
8,165,1,2,10
8,166,1,1,12
8,166,1,2,10
8,167,1,1,12
8,167,1,2,8
8,168,1,1,12
8,168,1,2,8
8,169,1,1,8
8,169,1,2,10
8,170,1,1,3
8,170,1,2,5
8,171,1,1,3
8,171,1,2,5
8,172,1,1,5
8,173,1,1,1
8,174,1,1,1
8,175,1,1,1
8,176,1,1,1
8,176,1,2,10
8,177,1,1,11
8,177,1,2,10
8,178,1,1,11
8,178,1,2,10
8,179,1,1,5
8,180,1,1,5
8,181,1,1,5
8,182,1,1,4
8,183,1,1,3
8,184,1,1,3
8,185,1,1,13
8,186,1,1,3
8,187,1,1,4
8,187,1,2,10
8,188,1,1,4
8,188,1,2,10
8,189,1,1,4
8,189,1,2,10
8,190,1,1,1
8,191,1,1,4
8,192,1,1,4
8,193,1,1,12
8,193,1,2,10
8,194,1,1,3
8,194,1,2,9
8,195,1,1,3
8,195,1,2,9
8,196,1,1,11
8,197,1,1,16
8,198,1,1,16
8,198,1,2,10
8,199,1,1,3
8,199,1,2,11
8,200,1,1,14
8,201,1,1,11
8,201,2,1,11
8,201,3,1,11
8,201,4,1,11
8,201,5,1,11
8,201,6,1,11
8,201,7,1,11
8,201,8,1,11
8,201,9,1,11
8,201,10,1,11
8,201,11,1,11
8,201,12,1,11
8,201,13,1,11
8,201,14,1,11
8,201,15,1,11
8,201,16,1,11
8,201,17,1,11
8,201,18,1,11
8,201,19,1,11
8,201,20,1,11
8,201,21,1,11
8,201,22,1,11
8,201,23,1,11
8,201,24,1,11
8,201,25,1,11
8,201,26,1,11
8,201,27,1,11
8,201,28,1,11
8,202,1,1,11
8,203,1,1,1
8,203,1,2,11
8,204,1,1,12
8,205,1,1,12
8,205,1,2,17
8,206,1,1,1
8,207,1,1,9
8,207,1,2,10
8,208,1,1,17
8,208,1,2,9
8,209,1,1,1
8,210,1,1,1
8,211,1,1,3
8,211,1,2,8
8,212,1,1,12
8,212,1,2,17
8,213,1,1,12
8,213,1,2,13
8,214,1,1,12
8,214,1,2,7
8,215,1,1,16
8,215,1,2,6
8,216,1,1,1
8,217,1,1,1
8,218,1,1,2
8,219,1,1,2
8,219,1,2,13
8,220,1,1,6
8,220,1,2,9
8,221,1,1,6
8,221,1,2,9
8,222,1,1,3
8,222,1,2,13
8,223,1,1,3
8,224,1,1,3
8,225,1,1,6
8,225,1,2,10
8,226,1,1,3
8,226,1,2,10
8,227,1,1,17
8,227,1,2,10
8,228,1,1,16
8,228,1,2,2
8,229,1,1,16
8,229,1,2,2
8,230,1,1,3
8,230,1,2,15
8,231,1,1,9
8,232,1,1,9
8,233,1,1,1
8,234,1,1,1
8,235,1,1,1
8,236,1,1,7
8,237,1,1,7
8,238,1,1,6
8,238,1,2,11
8,239,1,1,5
8,240,1,1,2
8,241,1,1,1
8,242,1,1,1
8,243,1,1,5
8,244,1,1,2
8,245,1,1,3
8,246,1,1,13
8,246,1,2,9
8,247,1,1,13
8,247,1,2,9
8,248,1,1,13
8,248,1,2,16
8,249,1,1,11
8,249,1,2,10
8,250,1,1,2
8,250,1,2,10
8,251,1,1,11
8,251,1,2,4
8,252,1,1,4
8,253,1,1,4
8,254,1,1,4
8,255,1,1,2
8,256,1,1,2
8,256,1,2,7
8,257,1,1,2
8,257,1,2,7
8,258,1,1,3
8,259,1,1,3
8,259,1,2,9
8,260,1,1,3
8,260,1,2,9
8,261,1,1,16
8,262,1,1,16
8,263,1,1,1
8,264,1,1,1
8,265,1,1,12
8,266,1,1,12
8,267,1,1,12
8,267,1,2,10
8,268,1,1,12
8,269,1,1,12
8,269,1,2,8
8,270,1,1,3
8,270,1,2,4
8,271,1,1,3
8,271,1,2,4
8,272,1,1,3
8,272,1,2,4
8,273,1,1,4
8,274,1,1,4
8,274,1,2,16
8,275,1,1,4
8,275,1,2,16
8,276,1,1,1
8,276,1,2,10
8,277,1,1,1
8,277,1,2,10
8,278,1,1,3
8,278,1,2,10
8,279,1,1,3
8,279,1,2,10
8,280,1,1,11
8,281,1,1,11
8,282,1,1,11
8,283,1,1,12
8,283,1,2,3
8,284,1,1,12
8,284,1,2,10
8,285,1,1,4
8,286,1,1,4
8,286,1,2,7
8,287,1,1,1
8,288,1,1,1
8,289,1,1,1
8,290,1,1,12
8,290,1,2,9
8,291,1,1,12
8,291,1,2,10
8,292,1,1,12
8,292,1,2,14
8,293,1,1,1
8,294,1,1,1
8,295,1,1,1
8,296,1,1,7
8,297,1,1,7
8,298,1,1,1
8,299,1,1,13
8,300,1,1,1
8,301,1,1,1
8,302,1,1,16
8,302,1,2,14
8,303,1,1,17
8,304,1,1,17
8,304,1,2,13
8,305,1,1,17
8,305,1,2,13
8,306,1,1,17
8,306,1,2,13
8,307,1,1,7
8,307,1,2,11
8,308,1,1,7
8,308,1,2,11
8,309,1,1,5
8,310,1,1,5
8,311,1,1,5
8,312,1,1,5
8,313,1,1,12
8,314,1,1,12
8,315,1,1,4
8,315,1,2,8
8,316,1,1,8
8,317,1,1,8
8,318,1,1,3
8,318,1,2,16
8,319,1,1,3
8,319,1,2,16
8,320,1,1,3
8,321,1,1,3
8,322,1,1,2
8,322,1,2,9
8,323,1,1,2
8,323,1,2,9
8,324,1,1,2
8,325,1,1,11
8,326,1,1,11
8,327,1,1,1
8,328,1,1,9
8,329,1,1,9
8,329,1,2,15
8,330,1,1,9
8,330,1,2,15
8,331,1,1,4
8,332,1,1,4
8,332,1,2,16
8,333,1,1,1
8,333,1,2,10
8,334,1,1,15
8,334,1,2,10
8,335,1,1,1
8,336,1,1,8
8,337,1,1,13
8,337,1,2,11
8,338,1,1,13
8,338,1,2,11
8,339,1,1,3
8,339,1,2,9
8,340,1,1,3
8,340,1,2,9
8,341,1,1,3
8,342,1,1,3
8,342,1,2,16
8,343,1,1,9
8,343,1,2,11
8,344,1,1,9
8,344,1,2,11
8,345,1,1,13
8,345,1,2,4
8,346,1,1,13
8,346,1,2,4
8,347,1,1,13
8,347,1,2,12
8,348,1,1,13
8,348,1,2,12
8,349,1,1,3
8,350,1,1,3
8,351,1,1,1
8,351,2,1,2
8,351,3,1,3
8,351,4,1,6
8,352,1,1,1
8,353,1,1,14
8,354,1,1,14
8,355,1,1,14
8,356,1,1,14
8,357,1,1,4
8,357,1,2,10
8,358,1,1,11
8,359,1,1,16
8,360,1,1,11
8,361,1,1,6
8,362,1,1,6
8,363,1,1,6
8,363,1,2,3
8,364,1,1,6
8,364,1,2,3
8,365,1,1,6
8,365,1,2,3
8,366,1,1,3
8,367,1,1,3
8,368,1,1,3
8,369,1,1,3
8,369,1,2,13
8,370,1,1,3
8,371,1,1,15
8,372,1,1,15
8,373,1,1,15
8,373,1,2,10
8,374,1,1,17
8,374,1,2,11
8,375,1,1,17
8,375,1,2,11
8,376,1,1,17
8,376,1,2,11
8,377,1,1,13
8,378,1,1,6
8,379,1,1,17
8,380,1,1,15
8,380,1,2,11
8,381,1,1,15
8,381,1,2,11
8,382,1,1,3
8,383,1,1,9
8,384,1,1,15
8,384,1,2,10
8,385,1,1,17
8,385,1,2,11
8,386,1,1,11
9,1,1,1,4
9,1,1,2,8
9,2,1,1,4
9,2,1,2,8
9,3,1,1,4
9,3,1,2,8
9,4,1,1,2
9,5,1,1,2
9,6,1,1,2
9,6,1,2,10
9,7,1,1,3
9,8,1,1,3
9,9,1,1,3
9,10,1,1,12
9,11,1,1,12
9,12,1,1,12
9,12,1,2,10
9,13,1,1,12
9,13,1,2,8
9,14,1,1,12
9,14,1,2,8
9,15,1,1,12
9,15,1,2,8
9,16,1,1,1
9,16,1,2,10
9,17,1,1,1
9,17,1,2,10
9,18,1,1,1
9,18,1,2,10
9,19,1,1,1
9,20,1,1,1
9,21,1,1,1
9,21,1,2,10
9,22,1,1,1
9,22,1,2,10
9,23,1,1,8
9,24,1,1,8
9,25,1,1,5
9,26,1,1,5
9,27,1,1,9
9,28,1,1,9
9,29,1,1,8
9,30,1,1,8
9,31,1,1,8
9,31,1,2,9
9,32,1,1,8
9,33,1,1,8
9,34,1,1,8
9,34,1,2,9
9,35,1,1,1
9,36,1,1,1
9,37,1,1,2
9,38,1,1,2
9,39,1,1,1
9,40,1,1,1
9,41,1,1,8
9,41,1,2,10
9,42,1,1,8
9,42,1,2,10
9,43,1,1,4
9,43,1,2,8
9,44,1,1,4
9,44,1,2,8
9,45,1,1,4
9,45,1,2,8
9,46,1,1,12
9,46,1,2,4
9,47,1,1,12
9,47,1,2,4
9,48,1,1,12
9,48,1,2,8
9,49,1,1,12
9,49,1,2,8
9,50,1,1,9
9,51,1,1,9
9,52,1,1,1
9,53,1,1,1
9,54,1,1,3
9,55,1,1,3
9,56,1,1,7
9,57,1,1,7
9,58,1,1,2
9,59,1,1,2
9,60,1,1,3
9,61,1,1,3
9,62,1,1,3
9,62,1,2,7
9,63,1,1,11
9,64,1,1,11
9,65,1,1,11
9,66,1,1,7
9,67,1,1,7
9,68,1,1,7
9,69,1,1,4
9,69,1,2,8
9,70,1,1,4
9,70,1,2,8
9,71,1,1,4
9,71,1,2,8
9,72,1,1,3
9,72,1,2,8
9,73,1,1,3
9,73,1,2,8
9,74,1,1,13
9,74,1,2,9
9,75,1,1,13
9,75,1,2,9
9,76,1,1,13
9,76,1,2,9
9,77,1,1,2
9,78,1,1,2
9,79,1,1,3
9,79,1,2,11
9,80,1,1,3
9,80,1,2,11
9,81,1,1,5
9,81,1,2,17
9,82,1,1,5
9,82,1,2,17
9,83,1,1,1
9,83,1,2,10
9,84,1,1,1
9,84,1,2,10
9,85,1,1,1
9,85,1,2,10
9,86,1,1,3
9,87,1,1,3
9,87,1,2,6
9,88,1,1,8
9,89,1,1,8
9,90,1,1,3
9,91,1,1,3
9,91,1,2,6
9,92,1,1,14
9,92,1,2,8
9,93,1,1,14
9,93,1,2,8
9,94,1,1,14
9,94,1,2,8
9,95,1,1,13
9,95,1,2,9
9,96,1,1,11
9,97,1,1,11
9,98,1,1,3
9,99,1,1,3
9,100,1,1,5
9,101,1,1,5
9,102,1,1,4
9,102,1,2,11
9,103,1,1,4
9,103,1,2,11
9,104,1,1,9
9,105,1,1,9
9,106,1,1,7
9,107,1,1,7
9,108,1,1,1
9,109,1,1,8
9,110,1,1,8
9,111,1,1,9
9,111,1,2,13
9,112,1,1,9
9,112,1,2,13
9,113,1,1,1
9,114,1,1,4
9,115,1,1,1
9,116,1,1,3
9,117,1,1,3
9,118,1,1,3
9,119,1,1,3
9,120,1,1,3
9,121,1,1,3
9,121,1,2,11
9,122,1,1,11
9,123,1,1,12
9,123,1,2,10
9,124,1,1,6
9,124,1,2,11
9,125,1,1,5
9,126,1,1,2
9,127,1,1,12
9,128,1,1,1
9,129,1,1,3
9,130,1,1,3
9,130,1,2,10
9,131,1,1,3
9,131,1,2,6
9,132,1,1,1
9,133,1,1,1
9,134,1,1,3
9,135,1,1,5
9,136,1,1,2
9,137,1,1,1
9,138,1,1,13
9,138,1,2,3
9,139,1,1,13
9,139,1,2,3
9,140,1,1,13
9,140,1,2,3
9,141,1,1,13
9,141,1,2,3
9,142,1,1,13
9,142,1,2,10
9,143,1,1,1
9,144,1,1,6
9,144,1,2,10
9,145,1,1,5
9,145,1,2,10
9,146,1,1,2
9,146,1,2,10
9,147,1,1,15
9,148,1,1,15
9,149,1,1,15
9,149,1,2,10
9,150,1,1,11
9,151,1,1,11
9,152,1,1,4
9,153,1,1,4
9,154,1,1,4
9,155,1,1,2
9,156,1,1,2
9,157,1,1,2
9,158,1,1,3
9,159,1,1,3
9,160,1,1,3
9,161,1,1,1
9,162,1,1,1
9,163,1,1,1
9,163,1,2,10
9,164,1,1,1
9,164,1,2,10
9,165,1,1,12
9,165,1,2,10
9,166,1,1,12
9,166,1,2,10
9,167,1,1,12
9,167,1,2,8
9,168,1,1,12
9,168,1,2,8
9,169,1,1,8
9,169,1,2,10
9,170,1,1,3
9,170,1,2,5
9,171,1,1,3
9,171,1,2,5
9,172,1,1,5
9,173,1,1,1
9,174,1,1,1
9,175,1,1,1
9,176,1,1,1
9,176,1,2,10
9,177,1,1,11
9,177,1,2,10
9,178,1,1,11
9,178,1,2,10
9,179,1,1,5
9,180,1,1,5
9,181,1,1,5
9,182,1,1,4
9,183,1,1,3
9,184,1,1,3
9,185,1,1,13
9,186,1,1,3
9,187,1,1,4
9,187,1,2,10
9,188,1,1,4
9,188,1,2,10
9,189,1,1,4
9,189,1,2,10
9,190,1,1,1
9,191,1,1,4
9,192,1,1,4
9,193,1,1,12
9,193,1,2,10
9,194,1,1,3
9,194,1,2,9
9,195,1,1,3
9,195,1,2,9
9,196,1,1,11
9,197,1,1,16
9,198,1,1,16
9,198,1,2,10
9,199,1,1,3
9,199,1,2,11
9,200,1,1,14
9,201,1,1,11
9,201,2,1,11
9,201,3,1,11
9,201,4,1,11
9,201,5,1,11
9,201,6,1,11
9,201,7,1,11
9,201,8,1,11
9,201,9,1,11
9,201,10,1,11
9,201,11,1,11
9,201,12,1,11
9,201,13,1,11
9,201,14,1,11
9,201,15,1,11
9,201,16,1,11
9,201,17,1,11
9,201,18,1,11
9,201,19,1,11
9,201,20,1,11
9,201,21,1,11
9,201,22,1,11
9,201,23,1,11
9,201,24,1,11
9,201,25,1,11
9,201,26,1,11
9,201,27,1,11
9,201,28,1,11
9,202,1,1,11
9,203,1,1,1
9,203,1,2,11
9,204,1,1,12
9,205,1,1,12
9,205,1,2,17
9,206,1,1,1
9,207,1,1,9
9,207,1,2,10
9,208,1,1,17
9,208,1,2,9
9,209,1,1,1
9,210,1,1,1
9,211,1,1,3
9,211,1,2,8
9,212,1,1,12
9,212,1,2,17
9,213,1,1,12
9,213,1,2,13
9,214,1,1,12
9,214,1,2,7
9,215,1,1,16
9,215,1,2,6
9,216,1,1,1
9,217,1,1,1
9,218,1,1,2
9,219,1,1,2
9,219,1,2,13
9,220,1,1,6
9,220,1,2,9
9,221,1,1,6
9,221,1,2,9
9,222,1,1,3
9,222,1,2,13
9,223,1,1,3
9,224,1,1,3
9,225,1,1,6
9,225,1,2,10
9,226,1,1,3
9,226,1,2,10
9,227,1,1,17
9,227,1,2,10
9,228,1,1,16
9,228,1,2,2
9,229,1,1,16
9,229,1,2,2
9,230,1,1,3
9,230,1,2,15
9,231,1,1,9
9,232,1,1,9
9,233,1,1,1
9,234,1,1,1
9,235,1,1,1
9,236,1,1,7
9,237,1,1,7
9,238,1,1,6
9,238,1,2,11
9,239,1,1,5
9,240,1,1,2
9,241,1,1,1
9,242,1,1,1
9,243,1,1,5
9,244,1,1,2
9,245,1,1,3
9,246,1,1,13
9,246,1,2,9
9,247,1,1,13
9,247,1,2,9
9,248,1,1,13
9,248,1,2,16
9,249,1,1,11
9,249,1,2,10
9,250,1,1,2
9,250,1,2,10
9,251,1,1,11
9,251,1,2,4
9,252,1,1,4
9,253,1,1,4
9,254,1,1,4
9,255,1,1,2
9,256,1,1,2
9,256,1,2,7
9,257,1,1,2
9,257,1,2,7
9,258,1,1,3
9,259,1,1,3
9,259,1,2,9
9,260,1,1,3
9,260,1,2,9
9,261,1,1,16
9,262,1,1,16
9,263,1,1,1
9,264,1,1,1
9,265,1,1,12
9,266,1,1,12
9,267,1,1,12
9,267,1,2,10
9,268,1,1,12
9,269,1,1,12
9,269,1,2,8
9,270,1,1,3
9,270,1,2,4
9,271,1,1,3
9,271,1,2,4
9,272,1,1,3
9,272,1,2,4
9,273,1,1,4
9,274,1,1,4
9,274,1,2,16
9,275,1,1,4
9,275,1,2,16
9,276,1,1,1
9,276,1,2,10
9,277,1,1,1
9,277,1,2,10
9,278,1,1,3
9,278,1,2,10
9,279,1,1,3
9,279,1,2,10
9,280,1,1,11
9,281,1,1,11
9,282,1,1,11
9,283,1,1,12
9,283,1,2,3
9,284,1,1,12
9,284,1,2,10
9,285,1,1,4
9,286,1,1,4
9,286,1,2,7
9,287,1,1,1
9,288,1,1,1
9,289,1,1,1
9,290,1,1,12
9,290,1,2,9
9,291,1,1,12
9,291,1,2,10
9,292,1,1,12
9,292,1,2,14
9,293,1,1,1
9,294,1,1,1
9,295,1,1,1
9,296,1,1,7
9,297,1,1,7
9,298,1,1,1
9,299,1,1,13
9,300,1,1,1
9,301,1,1,1
9,302,1,1,16
9,302,1,2,14
9,303,1,1,17
9,304,1,1,17
9,304,1,2,13
9,305,1,1,17
9,305,1,2,13
9,306,1,1,17
9,306,1,2,13
9,307,1,1,7
9,307,1,2,11
9,308,1,1,7
9,308,1,2,11
9,309,1,1,5
9,310,1,1,5
9,311,1,1,5
9,312,1,1,5
9,313,1,1,12
9,314,1,1,12
9,315,1,1,4
9,315,1,2,8
9,316,1,1,8
9,317,1,1,8
9,318,1,1,3
9,318,1,2,16
9,319,1,1,3
9,319,1,2,16
9,320,1,1,3
9,321,1,1,3
9,322,1,1,2
9,322,1,2,9
9,323,1,1,2
9,323,1,2,9
9,324,1,1,2
9,325,1,1,11
9,326,1,1,11
9,327,1,1,1
9,328,1,1,9
9,329,1,1,9
9,329,1,2,15
9,330,1,1,9
9,330,1,2,15
9,331,1,1,4
9,332,1,1,4
9,332,1,2,16
9,333,1,1,1
9,333,1,2,10
9,334,1,1,15
9,334,1,2,10
9,335,1,1,1
9,336,1,1,8
9,337,1,1,13
9,337,1,2,11
9,338,1,1,13
9,338,1,2,11
9,339,1,1,3
9,339,1,2,9
9,340,1,1,3
9,340,1,2,9
9,341,1,1,3
9,342,1,1,3
9,342,1,2,16
9,343,1,1,9
9,343,1,2,11
9,344,1,1,9
9,344,1,2,11
9,345,1,1,13
9,345,1,2,4
9,346,1,1,13
9,346,1,2,4
9,347,1,1,13
9,347,1,2,12
9,348,1,1,13
9,348,1,2,12
9,349,1,1,3
9,350,1,1,3
9,351,1,1,1
9,351,2,1,2
9,351,3,1,3
9,351,4,1,6
9,352,1,1,1
9,353,1,1,14
9,354,1,1,14
9,355,1,1,14
9,356,1,1,14
9,357,1,1,4
9,357,1,2,10
9,358,1,1,11
9,359,1,1,16
9,360,1,1,11
9,361,1,1,6
9,362,1,1,6
9,363,1,1,6
9,363,1,2,3
9,364,1,1,6
9,364,1,2,3
9,365,1,1,6
9,365,1,2,3
9,366,1,1,3
9,367,1,1,3
9,368,1,1,3
9,369,1,1,3
9,369,1,2,13
9,370,1,1,3
9,371,1,1,15
9,372,1,1,15
9,373,1,1,15
9,373,1,2,10
9,374,1,1,17
9,374,1,2,11
9,375,1,1,17
9,375,1,2,11
9,376,1,1,17
9,376,1,2,11
9,377,1,1,13
9,378,1,1,6
9,379,1,1,17
9,380,1,1,15
9,380,1,2,11
9,381,1,1,15
9,381,1,2,11
9,382,1,1,3
9,383,1,1,9
9,384,1,1,15
9,384,1,2,10
9,385,1,1,17
9,385,1,2,11
9,386,2,1,11
10,1,1,1,4
10,1,1,2,8
10,2,1,1,4
10,2,1,2,8
10,3,1,1,4
10,3,1,2,8
10,4,1,1,2
10,5,1,1,2
10,6,1,1,2
10,6,1,2,10
10,7,1,1,3
10,8,1,1,3
10,9,1,1,3
10,10,1,1,12
10,11,1,1,12
10,12,1,1,12
10,12,1,2,10
10,13,1,1,12
10,13,1,2,8
10,14,1,1,12
10,14,1,2,8
10,15,1,1,12
10,15,1,2,8
10,16,1,1,1
10,16,1,2,10
10,17,1,1,1
10,17,1,2,10
10,18,1,1,1
10,18,1,2,10
10,19,1,1,1
10,20,1,1,1
10,21,1,1,1
10,21,1,2,10
10,22,1,1,1
10,22,1,2,10
10,23,1,1,8
10,24,1,1,8
10,25,1,1,5
10,26,1,1,5
10,27,1,1,9
10,28,1,1,9
10,29,1,1,8
10,30,1,1,8
10,31,1,1,8
10,31,1,2,9
10,32,1,1,8
10,33,1,1,8
10,34,1,1,8
10,34,1,2,9
10,35,1,1,1
10,36,1,1,1
10,37,1,1,2
10,38,1,1,2
10,39,1,1,1
10,40,1,1,1
10,41,1,1,8
10,41,1,2,10
10,42,1,1,8
10,42,1,2,10
10,43,1,1,4
10,43,1,2,8
10,44,1,1,4
10,44,1,2,8
10,45,1,1,4
10,45,1,2,8
10,46,1,1,12
10,46,1,2,4
10,47,1,1,12
10,47,1,2,4
10,48,1,1,12
10,48,1,2,8
10,49,1,1,12
10,49,1,2,8
10,50,1,1,9
10,51,1,1,9
10,52,1,1,1
10,53,1,1,1
10,54,1,1,3
10,55,1,1,3
10,56,1,1,7
10,57,1,1,7
10,58,1,1,2
10,59,1,1,2
10,60,1,1,3
10,61,1,1,3
10,62,1,1,3
10,62,1,2,7
10,63,1,1,11
10,64,1,1,11
10,65,1,1,11
10,66,1,1,7
10,67,1,1,7
10,68,1,1,7
10,69,1,1,4
10,69,1,2,8
10,70,1,1,4
10,70,1,2,8
10,71,1,1,4
10,71,1,2,8
10,72,1,1,3
10,72,1,2,8
10,73,1,1,3
10,73,1,2,8
10,74,1,1,13
10,74,1,2,9
10,75,1,1,13
10,75,1,2,9
10,76,1,1,13
10,76,1,2,9
10,77,1,1,2
10,78,1,1,2
10,79,1,1,3
10,79,1,2,11
10,80,1,1,3
10,80,1,2,11
10,81,1,1,5
10,81,1,2,17
10,82,1,1,5
10,82,1,2,17
10,83,1,1,1
10,83,1,2,10
10,84,1,1,1
10,84,1,2,10
10,85,1,1,1
10,85,1,2,10
10,86,1,1,3
10,87,1,1,3
10,87,1,2,6
10,88,1,1,8
10,89,1,1,8
10,90,1,1,3
10,91,1,1,3
10,91,1,2,6
10,92,1,1,14
10,92,1,2,8
10,93,1,1,14
10,93,1,2,8
10,94,1,1,14
10,94,1,2,8
10,95,1,1,13
10,95,1,2,9
10,96,1,1,11
10,97,1,1,11
10,98,1,1,3
10,99,1,1,3
10,100,1,1,5
10,101,1,1,5
10,102,1,1,4
10,102,1,2,11
10,103,1,1,4
10,103,1,2,11
10,104,1,1,9
10,105,1,1,9
10,106,1,1,7
10,107,1,1,7
10,108,1,1,1
10,109,1,1,8
10,110,1,1,8
10,111,1,1,9
10,111,1,2,13
10,112,1,1,9
10,112,1,2,13
10,113,1,1,1
10,114,1,1,4
10,115,1,1,1
10,116,1,1,3
10,117,1,1,3
10,118,1,1,3
10,119,1,1,3
10,120,1,1,3
10,121,1,1,3
10,121,1,2,11
10,122,1,1,11
10,123,1,1,12
10,123,1,2,10
10,124,1,1,6
10,124,1,2,11
10,125,1,1,5
10,126,1,1,2
10,127,1,1,12
10,128,1,1,1
10,129,1,1,3
10,130,1,1,3
10,130,1,2,10
10,131,1,1,3
10,131,1,2,6
10,132,1,1,1
10,133,1,1,1
10,134,1,1,3
10,135,1,1,5
10,136,1,1,2
10,137,1,1,1
10,138,1,1,13
10,138,1,2,3
10,139,1,1,13
10,139,1,2,3
10,140,1,1,13
10,140,1,2,3
10,141,1,1,13
10,141,1,2,3
10,142,1,1,13
10,142,1,2,10
10,143,1,1,1
10,144,1,1,6
10,144,1,2,10
10,145,1,1,5
10,145,1,2,10
10,146,1,1,2
10,146,1,2,10
10,147,1,1,15
10,148,1,1,15
10,149,1,1,15
10,149,1,2,10
10,150,1,1,11
10,151,1,1,11
10,152,1,1,4
10,153,1,1,4
10,154,1,1,4
10,155,1,1,2
10,156,1,1,2
10,157,1,1,2
10,158,1,1,3
10,159,1,1,3
10,160,1,1,3
10,161,1,1,1
10,162,1,1,1
10,163,1,1,1
10,163,1,2,10
10,164,1,1,1
10,164,1,2,10
10,165,1,1,12
10,165,1,2,10
10,166,1,1,12
10,166,1,2,10
10,167,1,1,12
10,167,1,2,8
10,168,1,1,12
10,168,1,2,8
10,169,1,1,8
10,169,1,2,10
10,170,1,1,3
10,170,1,2,5
10,171,1,1,3
10,171,1,2,5
10,172,1,1,5
10,173,1,1,1
10,174,1,1,1
10,175,1,1,1
10,176,1,1,1
10,176,1,2,10
10,177,1,1,11
10,177,1,2,10
10,178,1,1,11
10,178,1,2,10
10,179,1,1,5
10,180,1,1,5
10,181,1,1,5
10,182,1,1,4
10,183,1,1,3
10,184,1,1,3
10,185,1,1,13
10,186,1,1,3
10,187,1,1,4
10,187,1,2,10
10,188,1,1,4
10,188,1,2,10
10,189,1,1,4
10,189,1,2,10
10,190,1,1,1
10,191,1,1,4
10,192,1,1,4
10,193,1,1,12
10,193,1,2,10
10,194,1,1,3
10,194,1,2,9
10,195,1,1,3
10,195,1,2,9
10,196,1,1,11
10,197,1,1,16
10,198,1,1,16
10,198,1,2,10
10,199,1,1,3
10,199,1,2,11
10,200,1,1,14
10,201,1,1,11
10,201,2,1,11
10,201,3,1,11
10,201,4,1,11
10,201,5,1,11
10,201,6,1,11
10,201,7,1,11
10,201,8,1,11
10,201,9,1,11
10,201,10,1,11
10,201,11,1,11
10,201,12,1,11
10,201,13,1,11
10,201,14,1,11
10,201,15,1,11
10,201,16,1,11
10,201,17,1,11
10,201,18,1,11
10,201,19,1,11
10,201,20,1,11
10,201,21,1,11
10,201,22,1,11
10,201,23,1,11
10,201,24,1,11
10,201,25,1,11
10,201,26,1,11
10,201,27,1,11
10,201,28,1,11
10,202,1,1,11
10,203,1,1,1
10,203,1,2,11
10,204,1,1,12
10,205,1,1,12
10,205,1,2,17
10,206,1,1,1
10,207,1,1,9
10,207,1,2,10
10,208,1,1,17
10,208,1,2,9
10,209,1,1,1
10,210,1,1,1
10,211,1,1,3
10,211,1,2,8
10,212,1,1,12
10,212,1,2,17
10,213,1,1,12
10,213,1,2,13
10,214,1,1,12
10,214,1,2,7
10,215,1,1,16
10,215,1,2,6
10,216,1,1,1
10,217,1,1,1
10,218,1,1,2
10,219,1,1,2
10,219,1,2,13
10,220,1,1,6
10,220,1,2,9
10,221,1,1,6
10,221,1,2,9
10,222,1,1,3
10,222,1,2,13
10,223,1,1,3
10,224,1,1,3
10,225,1,1,6
10,225,1,2,10
10,226,1,1,3
10,226,1,2,10
10,227,1,1,17
10,227,1,2,10
10,228,1,1,16
10,228,1,2,2
10,229,1,1,16
10,229,1,2,2
10,230,1,1,3
10,230,1,2,15
10,231,1,1,9
10,232,1,1,9
10,233,1,1,1
10,234,1,1,1
10,235,1,1,1
10,236,1,1,7
10,237,1,1,7
10,238,1,1,6
10,238,1,2,11
10,239,1,1,5
10,240,1,1,2
10,241,1,1,1
10,242,1,1,1
10,243,1,1,5
10,244,1,1,2
10,245,1,1,3
10,246,1,1,13
10,246,1,2,9
10,247,1,1,13
10,247,1,2,9
10,248,1,1,13
10,248,1,2,16
10,249,1,1,11
10,249,1,2,10
10,250,1,1,2
10,250,1,2,10
10,251,1,1,11
10,251,1,2,4
10,252,1,1,4
10,253,1,1,4
10,254,1,1,4
10,255,1,1,2
10,256,1,1,2
10,256,1,2,7
10,257,1,1,2
10,257,1,2,7
10,258,1,1,3
10,259,1,1,3
10,259,1,2,9
10,260,1,1,3
10,260,1,2,9
10,261,1,1,16
10,262,1,1,16
10,263,1,1,1
10,264,1,1,1
10,265,1,1,12
10,266,1,1,12
10,267,1,1,12
10,267,1,2,10
10,268,1,1,12
10,269,1,1,12
10,269,1,2,8
10,270,1,1,3
10,270,1,2,4
10,271,1,1,3
10,271,1,2,4
10,272,1,1,3
10,272,1,2,4
10,273,1,1,4
10,274,1,1,4
10,274,1,2,16
10,275,1,1,4
10,275,1,2,16
10,276,1,1,1
10,276,1,2,10
10,277,1,1,1
10,277,1,2,10
10,278,1,1,3
10,278,1,2,10
10,279,1,1,3
10,279,1,2,10
10,280,1,1,11
10,281,1,1,11
10,282,1,1,11
10,283,1,1,12
10,283,1,2,3
10,284,1,1,12
10,284,1,2,10
10,285,1,1,4
10,286,1,1,4
10,286,1,2,7
10,287,1,1,1
10,288,1,1,1
10,289,1,1,1
10,290,1,1,12
10,290,1,2,9
10,291,1,1,12
10,291,1,2,10
10,292,1,1,12
10,292,1,2,14
10,293,1,1,1
10,294,1,1,1
10,295,1,1,1
10,296,1,1,7
10,297,1,1,7
10,298,1,1,1
10,299,1,1,13
10,300,1,1,1
10,301,1,1,1
10,302,1,1,16
10,302,1,2,14
10,303,1,1,17
10,304,1,1,17
10,304,1,2,13
10,305,1,1,17
10,305,1,2,13
10,306,1,1,17
10,306,1,2,13
10,307,1,1,7
10,307,1,2,11
10,308,1,1,7
10,308,1,2,11
10,309,1,1,5
10,310,1,1,5
10,311,1,1,5
10,312,1,1,5
10,313,1,1,12
10,314,1,1,12
10,315,1,1,4
10,315,1,2,8
10,316,1,1,8
10,317,1,1,8
10,318,1,1,3
10,318,1,2,16
10,319,1,1,3
10,319,1,2,16
10,320,1,1,3
10,321,1,1,3
10,322,1,1,2
10,322,1,2,9
10,323,1,1,2
10,323,1,2,9
10,324,1,1,2
10,325,1,1,11
10,326,1,1,11
10,327,1,1,1
10,328,1,1,9
10,329,1,1,9
10,329,1,2,15
10,330,1,1,9
10,330,1,2,15
10,331,1,1,4
10,332,1,1,4
10,332,1,2,16
10,333,1,1,1
10,333,1,2,10
10,334,1,1,15
10,334,1,2,10
10,335,1,1,1
10,336,1,1,8
10,337,1,1,13
10,337,1,2,11
10,338,1,1,13
10,338,1,2,11
10,339,1,1,3
10,339,1,2,9
10,340,1,1,3
10,340,1,2,9
10,341,1,1,3
10,342,1,1,3
10,342,1,2,16
10,343,1,1,9
10,343,1,2,11
10,344,1,1,9
10,344,1,2,11
10,345,1,1,13
10,345,1,2,4
10,346,1,1,13
10,346,1,2,4
10,347,1,1,13
10,347,1,2,12
10,348,1,1,13
10,348,1,2,12
10,349,1,1,3
10,350,1,1,3
10,351,1,1,1
10,351,2,1,2
10,351,3,1,3
10,351,4,1,6
10,352,1,1,1
10,353,1,1,14
10,354,1,1,14
10,355,1,1,14
10,356,1,1,14
10,357,1,1,4
10,357,1,2,10
10,358,1,1,11
10,359,1,1,16
10,360,1,1,11
10,361,1,1,6
10,362,1,1,6
10,363,1,1,6
10,363,1,2,3
10,364,1,1,6
10,364,1,2,3
10,365,1,1,6
10,365,1,2,3
10,366,1,1,3
10,367,1,1,3
10,368,1,1,3
10,369,1,1,3
10,369,1,2,13
10,370,1,1,3
10,371,1,1,15
10,372,1,1,15
10,373,1,1,15
10,373,1,2,10
10,374,1,1,17
10,374,1,2,11
10,375,1,1,17
10,375,1,2,11
10,376,1,1,17
10,376,1,2,11
10,377,1,1,13
10,378,1,1,6
10,379,1,1,17
10,380,1,1,15
10,380,1,2,11
10,381,1,1,15
10,381,1,2,11
10,382,1,1,3
10,383,1,1,9
10,384,1,1,15
10,384,1,2,10
10,385,1,1,17
10,385,1,2,11
10,386,3,1,11
11,1,1,1,4
11,1,1,2,8
11,2,1,1,4
11,2,1,2,8
11,3,1,1,4
11,3,1,2,8
11,4,1,1,2
11,5,1,1,2
11,6,1,1,2
11,6,1,2,10
11,7,1,1,3
11,8,1,1,3
11,9,1,1,3
11,10,1,1,12
11,11,1,1,12
11,12,1,1,12
11,12,1,2,10
11,13,1,1,12
11,13,1,2,8
11,14,1,1,12
11,14,1,2,8
11,15,1,1,12
11,15,1,2,8
11,16,1,1,1
11,16,1,2,10
11,17,1,1,1
11,17,1,2,10
11,18,1,1,1
11,18,1,2,10
11,19,1,1,1
11,20,1,1,1
11,21,1,1,1
11,21,1,2,10
11,22,1,1,1
11,22,1,2,10
11,23,1,1,8
11,24,1,1,8
11,25,1,1,5
11,26,1,1,5
11,27,1,1,9
11,28,1,1,9
11,29,1,1,8
11,30,1,1,8
11,31,1,1,8
11,31,1,2,9
11,32,1,1,8
11,33,1,1,8
11,34,1,1,8
11,34,1,2,9
11,35,1,1,1
11,36,1,1,1
11,37,1,1,2
11,38,1,1,2
11,39,1,1,1
11,40,1,1,1
11,41,1,1,8
11,41,1,2,10
11,42,1,1,8
11,42,1,2,10
11,43,1,1,4
11,43,1,2,8
11,44,1,1,4
11,44,1,2,8
11,45,1,1,4
11,45,1,2,8
11,46,1,1,12
11,46,1,2,4
11,47,1,1,12
11,47,1,2,4
11,48,1,1,12
11,48,1,2,8
11,49,1,1,12
11,49,1,2,8
11,50,1,1,9
11,51,1,1,9
11,52,1,1,1
11,53,1,1,1
11,54,1,1,3
11,55,1,1,3
11,56,1,1,7
11,57,1,1,7
11,58,1,1,2
11,59,1,1,2
11,60,1,1,3
11,61,1,1,3
11,62,1,1,3
11,62,1,2,7
11,63,1,1,11
11,64,1,1,11
11,65,1,1,11
11,66,1,1,7
11,67,1,1,7
11,68,1,1,7
11,69,1,1,4
11,69,1,2,8
11,70,1,1,4
11,70,1,2,8
11,71,1,1,4
11,71,1,2,8
11,72,1,1,3
11,72,1,2,8
11,73,1,1,3
11,73,1,2,8
11,74,1,1,13
11,74,1,2,9
11,75,1,1,13
11,75,1,2,9
11,76,1,1,13
11,76,1,2,9
11,77,1,1,2
11,78,1,1,2
11,79,1,1,3
11,79,1,2,11
11,80,1,1,3
11,80,1,2,11
11,81,1,1,5
11,81,1,2,17
11,82,1,1,5
11,82,1,2,17
11,83,1,1,1
11,83,1,2,10
11,84,1,1,1
11,84,1,2,10
11,85,1,1,1
11,85,1,2,10
11,86,1,1,3
11,87,1,1,3
11,87,1,2,6
11,88,1,1,8
11,89,1,1,8
11,90,1,1,3
11,91,1,1,3
11,91,1,2,6
11,92,1,1,14
11,92,1,2,8
11,93,1,1,14
11,93,1,2,8
11,94,1,1,14
11,94,1,2,8
11,95,1,1,13
11,95,1,2,9
11,96,1,1,11
11,97,1,1,11
11,98,1,1,3
11,99,1,1,3
11,100,1,1,5
11,101,1,1,5
11,102,1,1,4
11,102,1,2,11
11,103,1,1,4
11,103,1,2,11
11,104,1,1,9
11,105,1,1,9
11,106,1,1,7
11,107,1,1,7
11,108,1,1,1
11,109,1,1,8
11,110,1,1,8
11,111,1,1,9
11,111,1,2,13
11,112,1,1,9
11,112,1,2,13
11,113,1,1,1
11,114,1,1,4
11,115,1,1,1
11,116,1,1,3
11,117,1,1,3
11,118,1,1,3
11,119,1,1,3
11,120,1,1,3
11,121,1,1,3
11,121,1,2,11
11,122,1,1,11
11,123,1,1,12
11,123,1,2,10
11,124,1,1,6
11,124,1,2,11
11,125,1,1,5
11,126,1,1,2
11,127,1,1,12
11,128,1,1,1
11,129,1,1,3
11,130,1,1,3
11,130,1,2,10
11,131,1,1,3
11,131,1,2,6
11,132,1,1,1
11,133,1,1,1
11,134,1,1,3
11,135,1,1,5
11,136,1,1,2
11,137,1,1,1
11,138,1,1,13
11,138,1,2,3
11,139,1,1,13
11,139,1,2,3
11,140,1,1,13
11,140,1,2,3
11,141,1,1,13
11,141,1,2,3
11,142,1,1,13
11,142,1,2,10
11,143,1,1,1
11,144,1,1,6
11,144,1,2,10
11,145,1,1,5
11,145,1,2,10
11,146,1,1,2
11,146,1,2,10
11,147,1,1,15
11,148,1,1,15
11,149,1,1,15
11,149,1,2,10
11,150,1,1,11
11,151,1,1,11
11,152,1,1,4
11,153,1,1,4
11,154,1,1,4
11,155,1,1,2
11,156,1,1,2
11,157,1,1,2
11,158,1,1,3
11,159,1,1,3
11,160,1,1,3
11,161,1,1,1
11,162,1,1,1
11,163,1,1,1
11,163,1,2,10
11,164,1,1,1
11,164,1,2,10
11,165,1,1,12
11,165,1,2,10
11,166,1,1,12
11,166,1,2,10
11,167,1,1,12
11,167,1,2,8
11,168,1,1,12
11,168,1,2,8
11,169,1,1,8
11,169,1,2,10
11,170,1,1,3
11,170,1,2,5
11,171,1,1,3
11,171,1,2,5
11,172,1,1,5
11,173,1,1,1
11,174,1,1,1
11,175,1,1,1
11,176,1,1,1
11,176,1,2,10
11,177,1,1,11
11,177,1,2,10
11,178,1,1,11
11,178,1,2,10
11,179,1,1,5
11,180,1,1,5
11,181,1,1,5
11,182,1,1,4
11,183,1,1,3
11,184,1,1,3
11,185,1,1,13
11,186,1,1,3
11,187,1,1,4
11,187,1,2,10
11,188,1,1,4
11,188,1,2,10
11,189,1,1,4
11,189,1,2,10
11,190,1,1,1
11,191,1,1,4
11,192,1,1,4
11,193,1,1,12
11,193,1,2,10
11,194,1,1,3
11,194,1,2,9
11,195,1,1,3
11,195,1,2,9
11,196,1,1,11
11,197,1,1,16
11,198,1,1,16
11,198,1,2,10
11,199,1,1,3
11,199,1,2,11
11,200,1,1,14
11,201,1,1,11
11,201,2,1,11
11,201,3,1,11
11,201,4,1,11
11,201,5,1,11
11,201,6,1,11
11,201,7,1,11
11,201,8,1,11
11,201,9,1,11
11,201,10,1,11
11,201,11,1,11
11,201,12,1,11
11,201,13,1,11
11,201,14,1,11
11,201,15,1,11
11,201,16,1,11
11,201,17,1,11
11,201,18,1,11
11,201,19,1,11
11,201,20,1,11
11,201,21,1,11
11,201,22,1,11
11,201,23,1,11
11,201,24,1,11
11,201,25,1,11
11,201,26,1,11
11,201,27,1,11
11,201,28,1,11
11,202,1,1,11
11,203,1,1,1
11,203,1,2,11
11,204,1,1,12
11,205,1,1,12
11,205,1,2,17
11,206,1,1,1
11,207,1,1,9
11,207,1,2,10
11,208,1,1,17
11,208,1,2,9
11,209,1,1,1
11,210,1,1,1
11,211,1,1,3
11,211,1,2,8
11,212,1,1,12
11,212,1,2,17
11,213,1,1,12
11,213,1,2,13
11,214,1,1,12
11,214,1,2,7
11,215,1,1,16
11,215,1,2,6
11,216,1,1,1
11,217,1,1,1
11,218,1,1,2
11,219,1,1,2
11,219,1,2,13
11,220,1,1,6
11,220,1,2,9
11,221,1,1,6
11,221,1,2,9
11,222,1,1,3
11,222,1,2,13
11,223,1,1,3
11,224,1,1,3
11,225,1,1,6
11,225,1,2,10
11,226,1,1,3
11,226,1,2,10
11,227,1,1,17
11,227,1,2,10
11,228,1,1,16
11,228,1,2,2
11,229,1,1,16
11,229,1,2,2
11,230,1,1,3
11,230,1,2,15
11,231,1,1,9
11,232,1,1,9
11,233,1,1,1
11,234,1,1,1
11,235,1,1,1
11,236,1,1,7
11,237,1,1,7
11,238,1,1,6
11,238,1,2,11
11,239,1,1,5
11,240,1,1,2
11,241,1,1,1
11,242,1,1,1
11,243,1,1,5
11,244,1,1,2
11,245,1,1,3
11,246,1,1,13
11,246,1,2,9
11,247,1,1,13
11,247,1,2,9
11,248,1,1,13
11,248,1,2,16
11,249,1,1,11
11,249,1,2,10
11,250,1,1,2
11,250,1,2,10
11,251,1,1,11
11,251,1,2,4
11,252,1,1,4
11,253,1,1,4
11,254,1,1,4
11,255,1,1,2
11,256,1,1,2
11,256,1,2,7
11,257,1,1,2
11,257,1,2,7
11,258,1,1,3
11,259,1,1,3
11,259,1,2,9
11,260,1,1,3
11,260,1,2,9
11,261,1,1,16
11,262,1,1,16
11,263,1,1,1
11,264,1,1,1
11,265,1,1,12
11,266,1,1,12
11,267,1,1,12
11,267,1,2,10
11,268,1,1,12
11,269,1,1,12
11,269,1,2,8
11,270,1,1,3
11,270,1,2,4
11,271,1,1,3
11,271,1,2,4
11,272,1,1,3
11,272,1,2,4
11,273,1,1,4
11,274,1,1,4
11,274,1,2,16
11,275,1,1,4
11,275,1,2,16
11,276,1,1,1
11,276,1,2,10
11,277,1,1,1
11,277,1,2,10
11,278,1,1,3
11,278,1,2,10
11,279,1,1,3
11,279,1,2,10
11,280,1,1,11
11,281,1,1,11
11,282,1,1,11
11,283,1,1,12
11,283,1,2,3
11,284,1,1,12
11,284,1,2,10
11,285,1,1,4
11,286,1,1,4
11,286,1,2,7
11,287,1,1,1
11,288,1,1,1
11,289,1,1,1
11,290,1,1,12
11,290,1,2,9
11,291,1,1,12
11,291,1,2,10
11,292,1,1,12
11,292,1,2,14
11,293,1,1,1
11,294,1,1,1
11,295,1,1,1
11,296,1,1,7
11,297,1,1,7
11,298,1,1,1
11,299,1,1,13
11,300,1,1,1
11,301,1,1,1
11,302,1,1,16
11,302,1,2,14
11,303,1,1,17
11,304,1,1,17
11,304,1,2,13
11,305,1,1,17
11,305,1,2,13
11,306,1,1,17
11,306,1,2,13
11,307,1,1,7
11,307,1,2,11
11,308,1,1,7
11,308,1,2,11
11,309,1,1,5
11,310,1,1,5
11,311,1,1,5
11,312,1,1,5
11,313,1,1,12
11,314,1,1,12
11,315,1,1,4
11,315,1,2,8
11,316,1,1,8
11,317,1,1,8
11,318,1,1,3
11,318,1,2,16
11,319,1,1,3
11,319,1,2,16
11,320,1,1,3
11,321,1,1,3
11,322,1,1,2
11,322,1,2,9
11,323,1,1,2
11,323,1,2,9
11,324,1,1,2
11,325,1,1,11
11,326,1,1,11
11,327,1,1,1
11,328,1,1,9
11,329,1,1,9
11,329,1,2,15
11,330,1,1,9
11,330,1,2,15
11,331,1,1,4
11,332,1,1,4
11,332,1,2,16
11,333,1,1,1
11,333,1,2,10
11,334,1,1,15
11,334,1,2,10
11,335,1,1,1
11,336,1,1,8
11,337,1,1,13
11,337,1,2,11
11,338,1,1,13
11,338,1,2,11
11,339,1,1,3
11,339,1,2,9
11,340,1,1,3
11,340,1,2,9
11,341,1,1,3
11,342,1,1,3
11,342,1,2,16
11,343,1,1,9
11,343,1,2,11
11,344,1,1,9
11,344,1,2,11
11,345,1,1,13
11,345,1,2,4
11,346,1,1,13
11,346,1,2,4
11,347,1,1,13
11,347,1,2,12
11,348,1,1,13
11,348,1,2,12
11,349,1,1,3
11,350,1,1,3
11,351,1,1,1
11,351,2,1,2
11,351,3,1,3
11,351,4,1,6
11,352,1,1,1
11,353,1,1,14
11,354,1,1,14
11,355,1,1,14
11,356,1,1,14
11,357,1,1,4
11,357,1,2,10
11,358,1,1,11
11,359,1,1,16
11,360,1,1,11
11,361,1,1,6
11,362,1,1,6
11,363,1,1,6
11,363,1,2,3
11,364,1,1,6
11,364,1,2,3
11,365,1,1,6
11,365,1,2,3
11,366,1,1,3
11,367,1,1,3
11,368,1,1,3
11,369,1,1,3
11,369,1,2,13
11,370,1,1,3
11,371,1,1,15
11,372,1,1,15
11,373,1,1,15
11,373,1,2,10
11,374,1,1,17
11,374,1,2,11
11,375,1,1,17
11,375,1,2,11
11,376,1,1,17
11,376,1,2,11
11,377,1,1,13
11,378,1,1,6
11,379,1,1,17
11,380,1,1,15
11,380,1,2,11
11,381,1,1,15
11,381,1,2,11
11,382,1,1,3
11,383,1,1,9
11,384,1,1,15
11,384,1,2,10
11,385,1,1,17
11,385,1,2,11
11,386,4,1,11
12,1,1,1,4
12,1,1,2,8
12,2,1,1,4
12,2,1,2,8
12,3,1,1,4
12,3,1,2,8
12,4,1,1,2
12,5,1,1,2
12,6,1,1,2
12,6,1,2,10
12,7,1,1,3
12,8,1,1,3
12,9,1,1,3
12,10,1,1,12
12,11,1,1,12
12,12,1,1,12
12,12,1,2,10
12,13,1,1,12
12,13,1,2,8
12,14,1,1,12
12,14,1,2,8
12,15,1,1,12
12,15,1,2,8
12,16,1,1,1
12,16,1,2,10
12,17,1,1,1
12,17,1,2,10
12,18,1,1,1
12,18,1,2,10
12,19,1,1,1
12,20,1,1,1
12,21,1,1,1
12,21,1,2,10
12,22,1,1,1
12,22,1,2,10
12,23,1,1,8
12,24,1,1,8
12,25,1,1,5
12,26,1,1,5
12,27,1,1,9
12,28,1,1,9
12,29,1,1,8
12,30,1,1,8
12,31,1,1,8
12,31,1,2,9
12,32,1,1,8
12,33,1,1,8
12,34,1,1,8
12,34,1,2,9
12,35,1,1,1
12,36,1,1,1
12,37,1,1,2
12,38,1,1,2
12,39,1,1,1
12,40,1,1,1
12,41,1,1,8
12,41,1,2,10
12,42,1,1,8
12,42,1,2,10
12,43,1,1,4
12,43,1,2,8
12,44,1,1,4
12,44,1,2,8
12,45,1,1,4
12,45,1,2,8
12,46,1,1,12
12,46,1,2,4
12,47,1,1,12
12,47,1,2,4
12,48,1,1,12
12,48,1,2,8
12,49,1,1,12
12,49,1,2,8
12,50,1,1,9
12,51,1,1,9
12,52,1,1,1
12,53,1,1,1
12,54,1,1,3
12,55,1,1,3
12,56,1,1,7
12,57,1,1,7
12,58,1,1,2
12,59,1,1,2
12,60,1,1,3
12,61,1,1,3
12,62,1,1,3
12,62,1,2,7
12,63,1,1,11
12,64,1,1,11
12,65,1,1,11
12,66,1,1,7
12,67,1,1,7
12,68,1,1,7
12,69,1,1,4
12,69,1,2,8
12,70,1,1,4
12,70,1,2,8
12,71,1,1,4
12,71,1,2,8
12,72,1,1,3
12,72,1,2,8
12,73,1,1,3
12,73,1,2,8
12,74,1,1,13
12,74,1,2,9
12,75,1,1,13
12,75,1,2,9
12,76,1,1,13
12,76,1,2,9
12,77,1,1,2
12,78,1,1,2
12,79,1,1,3
12,79,1,2,11
12,80,1,1,3
12,80,1,2,11
12,81,1,1,5
12,81,1,2,17
12,82,1,1,5
12,82,1,2,17
12,83,1,1,1
12,83,1,2,10
12,84,1,1,1
12,84,1,2,10
12,85,1,1,1
12,85,1,2,10
12,86,1,1,3
12,87,1,1,3
12,87,1,2,6
12,88,1,1,8
12,89,1,1,8
12,90,1,1,3
12,91,1,1,3
12,91,1,2,6
12,92,1,1,14
12,92,1,2,8
12,93,1,1,14
12,93,1,2,8
12,94,1,1,14
12,94,1,2,8
12,95,1,1,13
12,95,1,2,9
12,96,1,1,11
12,97,1,1,11
12,98,1,1,3
12,99,1,1,3
12,100,1,1,5
12,101,1,1,5
12,102,1,1,4
12,102,1,2,11
12,103,1,1,4
12,103,1,2,11
12,104,1,1,9
12,105,1,1,9
12,106,1,1,7
12,107,1,1,7
12,108,1,1,1
12,109,1,1,8
12,110,1,1,8
12,111,1,1,9
12,111,1,2,13
12,112,1,1,9
12,112,1,2,13
12,113,1,1,1
12,114,1,1,4
12,115,1,1,1
12,116,1,1,3
12,117,1,1,3
12,118,1,1,3
12,119,1,1,3
12,120,1,1,3
12,121,1,1,3
12,121,1,2,11
12,122,1,1,11
12,123,1,1,12
12,123,1,2,10
12,124,1,1,6
12,124,1,2,11
12,125,1,1,5
12,126,1,1,2
12,127,1,1,12
12,128,1,1,1
12,129,1,1,3
12,130,1,1,3
12,130,1,2,10
12,131,1,1,3
12,131,1,2,6
12,132,1,1,1
12,133,1,1,1
12,134,1,1,3
12,135,1,1,5
12,136,1,1,2
12,137,1,1,1
12,138,1,1,13
12,138,1,2,3
12,139,1,1,13
12,139,1,2,3
12,140,1,1,13
12,140,1,2,3
12,141,1,1,13
12,141,1,2,3
12,142,1,1,13
12,142,1,2,10
12,143,1,1,1
12,144,1,1,6
12,144,1,2,10
12,145,1,1,5
12,145,1,2,10
12,146,1,1,2
12,146,1,2,10
12,147,1,1,15
12,148,1,1,15
12,149,1,1,15
12,149,1,2,10
12,150,1,1,11
12,151,1,1,11
12,152,1,1,4
12,153,1,1,4
12,154,1,1,4
12,155,1,1,2
12,156,1,1,2
12,157,1,1,2
12,158,1,1,3
12,159,1,1,3
12,160,1,1,3
12,161,1,1,1
12,162,1,1,1
12,163,1,1,1
12,163,1,2,10
12,164,1,1,1
12,164,1,2,10
12,165,1,1,12
12,165,1,2,10
12,166,1,1,12
12,166,1,2,10
12,167,1,1,12
12,167,1,2,8
12,168,1,1,12
12,168,1,2,8
12,169,1,1,8
12,169,1,2,10
12,170,1,1,3
12,170,1,2,5
12,171,1,1,3
12,171,1,2,5
12,172,1,1,5
12,173,1,1,1
12,174,1,1,1
12,175,1,1,1
12,176,1,1,1
12,176,1,2,10
12,177,1,1,11
12,177,1,2,10
12,178,1,1,11
12,178,1,2,10
12,179,1,1,5
12,180,1,1,5
12,181,1,1,5
12,182,1,1,4
12,183,1,1,3
12,184,1,1,3
12,185,1,1,13
12,186,1,1,3
12,187,1,1,4
12,187,1,2,10
12,188,1,1,4
12,188,1,2,10
12,189,1,1,4
12,189,1,2,10
12,190,1,1,1
12,191,1,1,4
12,192,1,1,4
12,193,1,1,12
12,193,1,2,10
12,194,1,1,3
12,194,1,2,9
12,195,1,1,3
12,195,1,2,9
12,196,1,1,11
12,197,1,1,16
12,198,1,1,16
12,198,1,2,10
12,199,1,1,3
12,199,1,2,11
12,200,1,1,14
12,201,1,1,11
12,201,2,1,11
12,201,3,1,11
12,201,4,1,11
12,201,5,1,11
12,201,6,1,11
12,201,7,1,11
12,201,8,1,11
12,201,9,1,11
12,201,10,1,11
12,201,11,1,11
12,201,12,1,11
12,201,13,1,11
12,201,14,1,11
12,201,15,1,11
12,201,16,1,11
12,201,17,1,11
12,201,18,1,11
12,201,19,1,11
12,201,20,1,11
12,201,21,1,11
12,201,22,1,11
12,201,23,1,11
12,201,24,1,11
12,201,25,1,11
12,201,26,1,11
12,201,27,1,11
12,201,28,1,11
12,202,1,1,11
12,203,1,1,1
12,203,1,2,11
12,204,1,1,12
12,205,1,1,12
12,205,1,2,17
12,206,1,1,1
12,207,1,1,9
12,207,1,2,10
12,208,1,1,17
12,208,1,2,9
12,209,1,1,1
12,210,1,1,1
12,211,1,1,3
12,211,1,2,8
12,212,1,1,12
12,212,1,2,17
12,213,1,1,12
12,213,1,2,13
12,214,1,1,12
12,214,1,2,7
12,215,1,1,16
12,215,1,2,6
12,216,1,1,1
12,217,1,1,1
12,218,1,1,2
12,219,1,1,2
12,219,1,2,13
12,220,1,1,6
12,220,1,2,9
12,221,1,1,6
12,221,1,2,9
12,222,1,1,3
12,222,1,2,13
12,223,1,1,3
12,224,1,1,3
12,225,1,1,6
12,225,1,2,10
12,226,1,1,3
12,226,1,2,10
12,227,1,1,17
12,227,1,2,10
12,228,1,1,16
12,228,1,2,2
12,229,1,1,16
12,229,1,2,2
12,230,1,1,3
12,230,1,2,15
12,231,1,1,9
12,232,1,1,9
12,233,1,1,1
12,234,1,1,1
12,235,1,1,1
12,236,1,1,7
12,237,1,1,7
12,238,1,1,6
12,238,1,2,11
12,239,1,1,5
12,240,1,1,2
12,241,1,1,1
12,242,1,1,1
12,243,1,1,5
12,244,1,1,2
12,245,1,1,3
12,246,1,1,13
12,246,1,2,9
12,247,1,1,13
12,247,1,2,9
12,248,1,1,13
12,248,1,2,16
12,249,1,1,11
12,249,1,2,10
12,250,1,1,2
12,250,1,2,10
12,251,1,1,11
12,251,1,2,4
12,252,1,1,4
12,253,1,1,4
12,254,1,1,4
12,255,1,1,2
12,256,1,1,2
12,256,1,2,7
12,257,1,1,2
12,257,1,2,7
12,258,1,1,3
12,259,1,1,3
12,259,1,2,9
12,260,1,1,3
12,260,1,2,9
12,261,1,1,16
12,262,1,1,16
12,263,1,1,1
12,264,1,1,1
12,265,1,1,12
12,266,1,1,12
12,267,1,1,12
12,267,1,2,10
12,268,1,1,12
12,269,1,1,12
12,269,1,2,8
12,270,1,1,3
12,270,1,2,4
12,271,1,1,3
12,271,1,2,4
12,272,1,1,3
12,272,1,2,4
12,273,1,1,4
12,274,1,1,4
12,274,1,2,16
12,275,1,1,4
12,275,1,2,16
12,276,1,1,1
12,276,1,2,10
12,277,1,1,1
12,277,1,2,10
12,278,1,1,3
12,278,1,2,10
12,279,1,1,3
12,279,1,2,10
12,280,1,1,11
12,281,1,1,11
12,282,1,1,11
12,283,1,1,12
12,283,1,2,3
12,284,1,1,12
12,284,1,2,10
12,285,1,1,4
12,286,1,1,4
12,286,1,2,7
12,287,1,1,1
12,288,1,1,1
12,289,1,1,1
12,290,1,1,12
12,290,1,2,9
12,291,1,1,12
12,291,1,2,10
12,292,1,1,12
12,292,1,2,14
12,293,1,1,1
12,294,1,1,1
12,295,1,1,1
12,296,1,1,7
12,297,1,1,7
12,298,1,1,1
12,299,1,1,13
12,300,1,1,1
12,301,1,1,1
12,302,1,1,16
12,302,1,2,14
12,303,1,1,17
12,304,1,1,17
12,304,1,2,13
12,305,1,1,17
12,305,1,2,13
12,306,1,1,17
12,306,1,2,13
12,307,1,1,7
12,307,1,2,11
12,308,1,1,7
12,308,1,2,11
12,309,1,1,5
12,310,1,1,5
12,311,1,1,5
12,312,1,1,5
12,313,1,1,12
12,314,1,1,12
12,315,1,1,4
12,315,1,2,8
12,316,1,1,8
12,317,1,1,8
12,318,1,1,3
12,318,1,2,16
12,319,1,1,3
12,319,1,2,16
12,320,1,1,3
12,321,1,1,3
12,322,1,1,2
12,322,1,2,9
12,323,1,1,2
12,323,1,2,9
12,324,1,1,2
12,325,1,1,11
12,326,1,1,11
12,327,1,1,1
12,328,1,1,9
12,329,1,1,9
12,329,1,2,15
12,330,1,1,9
12,330,1,2,15
12,331,1,1,4
12,332,1,1,4
12,332,1,2,16
12,333,1,1,1
12,333,1,2,10
12,334,1,1,15
12,334,1,2,10
12,335,1,1,1
12,336,1,1,8
12,337,1,1,13
12,337,1,2,11
12,338,1,1,13
12,338,1,2,11
12,339,1,1,3
12,339,1,2,9
12,340,1,1,3
12,340,1,2,9
12,341,1,1,3
12,342,1,1,3
12,342,1,2,16
12,343,1,1,9
12,343,1,2,11
12,344,1,1,9
12,344,1,2,11
12,345,1,1,13
12,345,1,2,4
12,346,1,1,13
12,346,1,2,4
12,347,1,1,13
12,347,1,2,12
12,348,1,1,13
12,348,1,2,12
12,349,1,1,3
12,350,1,1,3
12,351,1,1,1
12,351,2,1,2
12,351,3,1,3
12,351,4,1,6
12,352,1,1,1
12,353,1,1,14
12,354,1,1,14
12,355,1,1,14
12,356,1,1,14
12,357,1,1,4
12,357,1,2,10
12,358,1,1,11
12,359,1,1,16
12,360,1,1,11
12,361,1,1,6
12,362,1,1,6
12,363,1,1,6
12,363,1,2,3
12,364,1,1,6
12,364,1,2,3
12,365,1,1,6
12,365,1,2,3
12,366,1,1,3
12,367,1,1,3
12,368,1,1,3
12,369,1,1,3
12,369,1,2,13
12,370,1,1,3
12,371,1,1,15
12,372,1,1,15
12,373,1,1,15
12,373,1,2,10
12,374,1,1,17
12,374,1,2,11
12,375,1,1,17
12,375,1,2,11
12,376,1,1,17
12,376,1,2,11
12,377,1,1,13
12,378,1,1,6
12,379,1,1,17
12,380,1,1,15
12,380,1,2,11
12,381,1,1,15
12,381,1,2,11
12,382,1,1,3
12,383,1,1,9
12,384,1,1,15
12,384,1,2,10
12,385,1,1,17
12,385,1,2,11
12,386,1,1,11
12,386,2,1,11
12,386,3,1,11
12,386,4,1,11
12,387,1,1,4
12,388,1,1,4
12,389,1,1,4
12,389,1,2,9
12,390,1,1,2
12,391,1,1,2
12,391,1,2,7
12,392,1,1,2
12,392,1,2,7
12,393,1,1,3
12,394,1,1,3
12,395,1,1,3
12,395,1,2,17
12,396,1,1,1
12,396,1,2,10
12,397,1,1,1
12,397,1,2,10
12,398,1,1,1
12,398,1,2,10
12,399,1,1,1
12,400,1,1,1
12,400,1,2,3
12,401,1,1,12
12,402,1,1,12
12,403,1,1,5
12,404,1,1,5
12,405,1,1,5
12,406,1,1,4
12,406,1,2,8
12,407,1,1,4
12,407,1,2,8
12,408,1,1,13
12,409,1,1,13
12,410,1,1,13
12,410,1,2,17
12,411,1,1,13
12,411,1,2,17
12,412,1,1,12
12,412,2,1,12
12,412,3,1,12
12,413,1,1,12
12,413,1,2,4
12,413,2,1,12
12,413,2,2,9
12,413,3,1,12
12,413,3,2,17
12,414,1,1,12
12,414,1,2,10
12,415,1,1,12
12,415,1,2,10
12,416,1,1,12
12,416,1,2,10
12,417,1,1,5
12,418,1,1,3
12,419,1,1,3
12,420,1,1,4
12,421,1,1,4
12,421,2,1,4
12,422,1,1,3
12,422,2,1,3
12,423,1,1,3
12,423,1,2,9
12,423,2,1,3
12,423,2,2,9
12,424,1,1,1
12,425,1,1,14
12,425,1,2,10
12,426,1,1,14
12,426,1,2,10
12,427,1,1,1
12,428,1,1,1
12,429,1,1,14
12,430,1,1,16
12,430,1,2,10
12,431,1,1,1
12,432,1,1,1
12,433,1,1,11
12,434,1,1,8
12,434,1,2,16
12,435,1,1,8
12,435,1,2,16
12,436,1,1,17
12,436,1,2,11
12,437,1,1,17
12,437,1,2,11
12,438,1,1,13
12,439,1,1,11
12,440,1,1,1
12,441,1,1,1
12,441,1,2,10
12,442,1,1,14
12,442,1,2,16
12,443,1,1,15
12,443,1,2,9
12,444,1,1,15
12,444,1,2,9
12,445,1,1,15
12,445,1,2,9
12,446,1,1,1
12,447,1,1,7
12,448,1,1,7
12,448,1,2,17
12,449,1,1,9
12,450,1,1,9
12,451,1,1,8
12,451,1,2,12
12,452,1,1,8
12,452,1,2,16
12,453,1,1,8
12,453,1,2,7
12,454,1,1,8
12,454,1,2,7
12,455,1,1,4
12,456,1,1,3
12,457,1,1,3
12,458,1,1,3
12,458,1,2,10
12,459,1,1,4
12,459,1,2,6
12,460,1,1,4
12,460,1,2,6
12,461,1,1,16
12,461,1,2,6
12,462,1,1,5
12,462,1,2,17
12,463,1,1,1
12,464,1,1,9
12,464,1,2,13
12,465,1,1,4
12,466,1,1,5
12,467,1,1,2
12,468,1,1,1
12,468,1,2,10
12,469,1,1,12
12,469,1,2,10
12,470,1,1,4
12,471,1,1,6
12,472,1,1,9
12,472,1,2,10
12,473,1,1,6
12,473,1,2,9
12,474,1,1,1
12,475,1,1,11
12,475,1,2,7
12,476,1,1,13
12,476,1,2,17
12,477,1,1,14
12,478,1,1,6
12,478,1,2,14
12,479,1,1,5
12,479,1,2,14
12,480,1,1,11
12,481,1,1,11
12,482,1,1,11
12,483,1,1,17
12,483,1,2,15
12,484,1,1,3
12,484,1,2,15
12,485,1,1,2
12,485,1,2,17
12,486,1,1,1
12,487,1,1,14
12,487,1,2,15
12,488,1,1,11
12,489,1,1,3
12,490,1,1,3
12,491,1,1,16
12,492,1,1,4
12,493,1,1,1
12,493,2,1,2
12,493,3,1,3
12,493,4,1,4
12,493,5,1,5
12,493,6,1,6
12,493,7,1,7
12,493,8,1,8
12,493,9,1,9
12,493,10,1,10
12,493,11,1,11
12,493,12,1,12
12,493,13,1,13
12,493,14,1,14
12,493,15,1,15
12,493,16,1,16
12,493,17,1,17
13,1,1,1,4
13,1,1,2,8
13,2,1,1,4
13,2,1,2,8
13,3,1,1,4
13,3,1,2,8
13,4,1,1,2
13,5,1,1,2
13,6,1,1,2
13,6,1,2,10
13,7,1,1,3
13,8,1,1,3
13,9,1,1,3
13,10,1,1,12
13,11,1,1,12
13,12,1,1,12
13,12,1,2,10
13,13,1,1,12
13,13,1,2,8
13,14,1,1,12
13,14,1,2,8
13,15,1,1,12
13,15,1,2,8
13,16,1,1,1
13,16,1,2,10
13,17,1,1,1
13,17,1,2,10
13,18,1,1,1
13,18,1,2,10
13,19,1,1,1
13,20,1,1,1
13,21,1,1,1
13,21,1,2,10
13,22,1,1,1
13,22,1,2,10
13,23,1,1,8
13,24,1,1,8
13,25,1,1,5
13,26,1,1,5
13,27,1,1,9
13,28,1,1,9
13,29,1,1,8
13,30,1,1,8
13,31,1,1,8
13,31,1,2,9
13,32,1,1,8
13,33,1,1,8
13,34,1,1,8
13,34,1,2,9
13,35,1,1,1
13,36,1,1,1
13,37,1,1,2
13,38,1,1,2
13,39,1,1,1
13,40,1,1,1
13,41,1,1,8
13,41,1,2,10
13,42,1,1,8
13,42,1,2,10
13,43,1,1,4
13,43,1,2,8
13,44,1,1,4
13,44,1,2,8
13,45,1,1,4
13,45,1,2,8
13,46,1,1,12
13,46,1,2,4
13,47,1,1,12
13,47,1,2,4
13,48,1,1,12
13,48,1,2,8
13,49,1,1,12
13,49,1,2,8
13,50,1,1,9
13,51,1,1,9
13,52,1,1,1
13,53,1,1,1
13,54,1,1,3
13,55,1,1,3
13,56,1,1,7
13,57,1,1,7
13,58,1,1,2
13,59,1,1,2
13,60,1,1,3
13,61,1,1,3
13,62,1,1,3
13,62,1,2,7
13,63,1,1,11
13,64,1,1,11
13,65,1,1,11
13,66,1,1,7
13,67,1,1,7
13,68,1,1,7
13,69,1,1,4
13,69,1,2,8
13,70,1,1,4
13,70,1,2,8
13,71,1,1,4
13,71,1,2,8
13,72,1,1,3
13,72,1,2,8
13,73,1,1,3
13,73,1,2,8
13,74,1,1,13
13,74,1,2,9
13,75,1,1,13
13,75,1,2,9
13,76,1,1,13
13,76,1,2,9
13,77,1,1,2
13,78,1,1,2
13,79,1,1,3
13,79,1,2,11
13,80,1,1,3
13,80,1,2,11
13,81,1,1,5
13,81,1,2,17
13,82,1,1,5
13,82,1,2,17
13,83,1,1,1
13,83,1,2,10
13,84,1,1,1
13,84,1,2,10
13,85,1,1,1
13,85,1,2,10
13,86,1,1,3
13,87,1,1,3
13,87,1,2,6
13,88,1,1,8
13,89,1,1,8
13,90,1,1,3
13,91,1,1,3
13,91,1,2,6
13,92,1,1,14
13,92,1,2,8
13,93,1,1,14
13,93,1,2,8
13,94,1,1,14
13,94,1,2,8
13,95,1,1,13
13,95,1,2,9
13,96,1,1,11
13,97,1,1,11
13,98,1,1,3
13,99,1,1,3
13,100,1,1,5
13,101,1,1,5
13,102,1,1,4
13,102,1,2,11
13,103,1,1,4
13,103,1,2,11
13,104,1,1,9
13,105,1,1,9
13,106,1,1,7
13,107,1,1,7
13,108,1,1,1
13,109,1,1,8
13,110,1,1,8
13,111,1,1,9
13,111,1,2,13
13,112,1,1,9
13,112,1,2,13
13,113,1,1,1
13,114,1,1,4
13,115,1,1,1
13,116,1,1,3
13,117,1,1,3
13,118,1,1,3
13,119,1,1,3
13,120,1,1,3
13,121,1,1,3
13,121,1,2,11
13,122,1,1,11
13,123,1,1,12
13,123,1,2,10
13,124,1,1,6
13,124,1,2,11
13,125,1,1,5
13,126,1,1,2
13,127,1,1,12
13,128,1,1,1
13,129,1,1,3
13,130,1,1,3
13,130,1,2,10
13,131,1,1,3
13,131,1,2,6
13,132,1,1,1
13,133,1,1,1
13,134,1,1,3
13,135,1,1,5
13,136,1,1,2
13,137,1,1,1
13,138,1,1,13
13,138,1,2,3
13,139,1,1,13
13,139,1,2,3
13,140,1,1,13
13,140,1,2,3
13,141,1,1,13
13,141,1,2,3
13,142,1,1,13
13,142,1,2,10
13,143,1,1,1
13,144,1,1,6
13,144,1,2,10
13,145,1,1,5
13,145,1,2,10
13,146,1,1,2
13,146,1,2,10
13,147,1,1,15
13,148,1,1,15
13,149,1,1,15
13,149,1,2,10
13,150,1,1,11
13,151,1,1,11
13,152,1,1,4
13,153,1,1,4
13,154,1,1,4
13,155,1,1,2
13,156,1,1,2
13,157,1,1,2
13,158,1,1,3
13,159,1,1,3
13,160,1,1,3
13,161,1,1,1
13,162,1,1,1
13,163,1,1,1
13,163,1,2,10
13,164,1,1,1
13,164,1,2,10
13,165,1,1,12
13,165,1,2,10
13,166,1,1,12
13,166,1,2,10
13,167,1,1,12
13,167,1,2,8
13,168,1,1,12
13,168,1,2,8
13,169,1,1,8
13,169,1,2,10
13,170,1,1,3
13,170,1,2,5
13,171,1,1,3
13,171,1,2,5
13,172,1,1,5
13,173,1,1,1
13,174,1,1,1
13,175,1,1,1
13,176,1,1,1
13,176,1,2,10
13,177,1,1,11
13,177,1,2,10
13,178,1,1,11
13,178,1,2,10
13,179,1,1,5
13,180,1,1,5
13,181,1,1,5
13,182,1,1,4
13,183,1,1,3
13,184,1,1,3
13,185,1,1,13
13,186,1,1,3
13,187,1,1,4
13,187,1,2,10
13,188,1,1,4
13,188,1,2,10
13,189,1,1,4
13,189,1,2,10
13,190,1,1,1
13,191,1,1,4
13,192,1,1,4
13,193,1,1,12
13,193,1,2,10
13,194,1,1,3
13,194,1,2,9
13,195,1,1,3
13,195,1,2,9
13,196,1,1,11
13,197,1,1,16
13,198,1,1,16
13,198,1,2,10
13,199,1,1,3
13,199,1,2,11
13,200,1,1,14
13,201,1,1,11
13,201,2,1,11
13,201,3,1,11
13,201,4,1,11
13,201,5,1,11
13,201,6,1,11
13,201,7,1,11
13,201,8,1,11
13,201,9,1,11
13,201,10,1,11
13,201,11,1,11
13,201,12,1,11
13,201,13,1,11
13,201,14,1,11
13,201,15,1,11
13,201,16,1,11
13,201,17,1,11
13,201,18,1,11
13,201,19,1,11
13,201,20,1,11
13,201,21,1,11
13,201,22,1,11
13,201,23,1,11
13,201,24,1,11
13,201,25,1,11
13,201,26,1,11
13,201,27,1,11
13,201,28,1,11
13,202,1,1,11
13,203,1,1,1
13,203,1,2,11
13,204,1,1,12
13,205,1,1,12
13,205,1,2,17
13,206,1,1,1
13,207,1,1,9
13,207,1,2,10
13,208,1,1,17
13,208,1,2,9
13,209,1,1,1
13,210,1,1,1
13,211,1,1,3
13,211,1,2,8
13,212,1,1,12
13,212,1,2,17
13,213,1,1,12
13,213,1,2,13
13,214,1,1,12
13,214,1,2,7
13,215,1,1,16
13,215,1,2,6
13,216,1,1,1
13,217,1,1,1
13,218,1,1,2
13,219,1,1,2
13,219,1,2,13
13,220,1,1,6
13,220,1,2,9
13,221,1,1,6
13,221,1,2,9
13,222,1,1,3
13,222,1,2,13
13,223,1,1,3
13,224,1,1,3
13,225,1,1,6
13,225,1,2,10
13,226,1,1,3
13,226,1,2,10
13,227,1,1,17
13,227,1,2,10
13,228,1,1,16
13,228,1,2,2
13,229,1,1,16
13,229,1,2,2
13,230,1,1,3
13,230,1,2,15
13,231,1,1,9
13,232,1,1,9
13,233,1,1,1
13,234,1,1,1
13,235,1,1,1
13,236,1,1,7
13,237,1,1,7
13,238,1,1,6
13,238,1,2,11
13,239,1,1,5
13,240,1,1,2
13,241,1,1,1
13,242,1,1,1
13,243,1,1,5
13,244,1,1,2
13,245,1,1,3
13,246,1,1,13
13,246,1,2,9
13,247,1,1,13
13,247,1,2,9
13,248,1,1,13
13,248,1,2,16
13,249,1,1,11
13,249,1,2,10
13,250,1,1,2
13,250,1,2,10
13,251,1,1,11
13,251,1,2,4
13,252,1,1,4
13,253,1,1,4
13,254,1,1,4
13,255,1,1,2
13,256,1,1,2
13,256,1,2,7
13,257,1,1,2
13,257,1,2,7
13,258,1,1,3
13,259,1,1,3
13,259,1,2,9
13,260,1,1,3
13,260,1,2,9
13,261,1,1,16
13,262,1,1,16
13,263,1,1,1
13,264,1,1,1
13,265,1,1,12
13,266,1,1,12
13,267,1,1,12
13,267,1,2,10
13,268,1,1,12
13,269,1,1,12
13,269,1,2,8
13,270,1,1,3
13,270,1,2,4
13,271,1,1,3
13,271,1,2,4
13,272,1,1,3
13,272,1,2,4
13,273,1,1,4
13,274,1,1,4
13,274,1,2,16
13,275,1,1,4
13,275,1,2,16
13,276,1,1,1
13,276,1,2,10
13,277,1,1,1
13,277,1,2,10
13,278,1,1,3
13,278,1,2,10
13,279,1,1,3
13,279,1,2,10
13,280,1,1,11
13,281,1,1,11
13,282,1,1,11
13,283,1,1,12
13,283,1,2,3
13,284,1,1,12
13,284,1,2,10
13,285,1,1,4
13,286,1,1,4
13,286,1,2,7
13,287,1,1,1
13,288,1,1,1
13,289,1,1,1
13,290,1,1,12
13,290,1,2,9
13,291,1,1,12
13,291,1,2,10
13,292,1,1,12
13,292,1,2,14
13,293,1,1,1
13,294,1,1,1
13,295,1,1,1
13,296,1,1,7
13,297,1,1,7
13,298,1,1,1
13,299,1,1,13
13,300,1,1,1
13,301,1,1,1
13,302,1,1,16
13,302,1,2,14
13,303,1,1,17
13,304,1,1,17
13,304,1,2,13
13,305,1,1,17
13,305,1,2,13
13,306,1,1,17
13,306,1,2,13
13,307,1,1,7
13,307,1,2,11
13,308,1,1,7
13,308,1,2,11
13,309,1,1,5
13,310,1,1,5
13,311,1,1,5
13,312,1,1,5
13,313,1,1,12
13,314,1,1,12
13,315,1,1,4
13,315,1,2,8
13,316,1,1,8
13,317,1,1,8
13,318,1,1,3
13,318,1,2,16
13,319,1,1,3
13,319,1,2,16
13,320,1,1,3
13,321,1,1,3
13,322,1,1,2
13,322,1,2,9
13,323,1,1,2
13,323,1,2,9
13,324,1,1,2
13,325,1,1,11
13,326,1,1,11
13,327,1,1,1
13,328,1,1,9
13,329,1,1,9
13,329,1,2,15
13,330,1,1,9
13,330,1,2,15
13,331,1,1,4
13,332,1,1,4
13,332,1,2,16
13,333,1,1,1
13,333,1,2,10
13,334,1,1,15
13,334,1,2,10
13,335,1,1,1
13,336,1,1,8
13,337,1,1,13
13,337,1,2,11
13,338,1,1,13
13,338,1,2,11
13,339,1,1,3
13,339,1,2,9
13,340,1,1,3
13,340,1,2,9
13,341,1,1,3
13,342,1,1,3
13,342,1,2,16
13,343,1,1,9
13,343,1,2,11
13,344,1,1,9
13,344,1,2,11
13,345,1,1,13
13,345,1,2,4
13,346,1,1,13
13,346,1,2,4
13,347,1,1,13
13,347,1,2,12
13,348,1,1,13
13,348,1,2,12
13,349,1,1,3
13,350,1,1,3
13,351,1,1,1
13,351,2,1,2
13,351,3,1,3
13,351,4,1,6
13,352,1,1,1
13,353,1,1,14
13,354,1,1,14
13,355,1,1,14
13,356,1,1,14
13,357,1,1,4
13,357,1,2,10
13,358,1,1,11
13,359,1,1,16
13,360,1,1,11
13,361,1,1,6
13,362,1,1,6
13,363,1,1,6
13,363,1,2,3
13,364,1,1,6
13,364,1,2,3
13,365,1,1,6
13,365,1,2,3
13,366,1,1,3
13,367,1,1,3
13,368,1,1,3
13,369,1,1,3
13,369,1,2,13
13,370,1,1,3
13,371,1,1,15
13,372,1,1,15
13,373,1,1,15
13,373,1,2,10
13,374,1,1,17
13,374,1,2,11
13,375,1,1,17
13,375,1,2,11
13,376,1,1,17
13,376,1,2,11
13,377,1,1,13
13,378,1,1,6
13,379,1,1,17
13,380,1,1,15
13,380,1,2,11
13,381,1,1,15
13,381,1,2,11
13,382,1,1,3
13,383,1,1,9
13,384,1,1,15
13,384,1,2,10
13,385,1,1,17
13,385,1,2,11
13,386,1,1,11
13,386,2,1,11
13,386,3,1,11
13,386,4,1,11
13,387,1,1,4
13,388,1,1,4
13,389,1,1,4
13,389,1,2,9
13,390,1,1,2
13,391,1,1,2
13,391,1,2,7
13,392,1,1,2
13,392,1,2,7
13,393,1,1,3
13,394,1,1,3
13,395,1,1,3
13,395,1,2,17
13,396,1,1,1
13,396,1,2,10
13,397,1,1,1
13,397,1,2,10
13,398,1,1,1
13,398,1,2,10
13,399,1,1,1
13,400,1,1,1
13,400,1,2,3
13,401,1,1,12
13,402,1,1,12
13,403,1,1,5
13,404,1,1,5
13,405,1,1,5
13,406,1,1,4
13,406,1,2,8
13,407,1,1,4
13,407,1,2,8
13,408,1,1,13
13,409,1,1,13
13,410,1,1,13
13,410,1,2,17
13,411,1,1,13
13,411,1,2,17
13,412,1,1,12
13,412,2,1,12
13,412,3,1,12
13,413,1,1,12
13,413,1,2,4
13,413,2,1,12
13,413,2,2,9
13,413,3,1,12
13,413,3,2,17
13,414,1,1,12
13,414,1,2,10
13,415,1,1,12
13,415,1,2,10
13,416,1,1,12
13,416,1,2,10
13,417,1,1,5
13,418,1,1,3
13,419,1,1,3
13,420,1,1,4
13,421,1,1,4
13,421,2,1,4
13,422,1,1,3
13,422,2,1,3
13,423,1,1,3
13,423,1,2,9
13,423,2,1,3
13,423,2,2,9
13,424,1,1,1
13,425,1,1,14
13,425,1,2,10
13,426,1,1,14
13,426,1,2,10
13,427,1,1,1
13,428,1,1,1
13,429,1,1,14
13,430,1,1,16
13,430,1,2,10
13,431,1,1,1
13,432,1,1,1
13,433,1,1,11
13,434,1,1,8
13,434,1,2,16
13,435,1,1,8
13,435,1,2,16
13,436,1,1,17
13,436,1,2,11
13,437,1,1,17
13,437,1,2,11
13,438,1,1,13
13,439,1,1,11
13,440,1,1,1
13,441,1,1,1
13,441,1,2,10
13,442,1,1,14
13,442,1,2,16
13,443,1,1,15
13,443,1,2,9
13,444,1,1,15
13,444,1,2,9
13,445,1,1,15
13,445,1,2,9
13,446,1,1,1
13,447,1,1,7
13,448,1,1,7
13,448,1,2,17
13,449,1,1,9
13,450,1,1,9
13,451,1,1,8
13,451,1,2,12
13,452,1,1,8
13,452,1,2,16
13,453,1,1,8
13,453,1,2,7
13,454,1,1,8
13,454,1,2,7
13,455,1,1,4
13,456,1,1,3
13,457,1,1,3
13,458,1,1,3
13,458,1,2,10
13,459,1,1,4
13,459,1,2,6
13,460,1,1,4
13,460,1,2,6
13,461,1,1,16
13,461,1,2,6
13,462,1,1,5
13,462,1,2,17
13,463,1,1,1
13,464,1,1,9
13,464,1,2,13
13,465,1,1,4
13,466,1,1,5
13,467,1,1,2
13,468,1,1,1
13,468,1,2,10
13,469,1,1,12
13,469,1,2,10
13,470,1,1,4
13,471,1,1,6
13,472,1,1,9
13,472,1,2,10
13,473,1,1,6
13,473,1,2,9
13,474,1,1,1
13,475,1,1,11
13,475,1,2,7
13,476,1,1,13
13,476,1,2,17
13,477,1,1,14
13,478,1,1,6
13,478,1,2,14
13,479,1,1,5
13,479,1,2,14
13,480,1,1,11
13,481,1,1,11
13,482,1,1,11
13,483,1,1,17
13,483,1,2,15
13,484,1,1,3
13,484,1,2,15
13,485,1,1,2
13,485,1,2,17
13,486,1,1,1
13,487,1,1,14
13,487,1,2,15
13,488,1,1,11
13,489,1,1,3
13,490,1,1,3
13,491,1,1,16
13,492,1,1,4
13,493,1,1,1
13,493,2,1,2
13,493,3,1,3
13,493,4,1,4
13,493,5,1,5
13,493,6,1,6
13,493,7,1,7
13,493,8,1,8
13,493,9,1,9
13,493,10,1,10
13,493,11,1,11
13,493,12,1,12
13,493,13,1,13
13,493,14,1,14
13,493,15,1,15
13,493,16,1,16
13,493,17,1,17
14,1,1,1,4
14,1,1,2,8
14,2,1,1,4
14,2,1,2,8
14,3,1,1,4
14,3,1,2,8
14,4,1,1,2
14,5,1,1,2
14,6,1,1,2
14,6,1,2,10
14,7,1,1,3
14,8,1,1,3
14,9,1,1,3
14,10,1,1,12
14,11,1,1,12
14,12,1,1,12
14,12,1,2,10
14,13,1,1,12
14,13,1,2,8
14,14,1,1,12
14,14,1,2,8
14,15,1,1,12
14,15,1,2,8
14,16,1,1,1
14,16,1,2,10
14,17,1,1,1
14,17,1,2,10
14,18,1,1,1
14,18,1,2,10
14,19,1,1,1
14,20,1,1,1
14,21,1,1,1
14,21,1,2,10
14,22,1,1,1
14,22,1,2,10
14,23,1,1,8
14,24,1,1,8
14,25,1,1,5
14,26,1,1,5
14,27,1,1,9
14,28,1,1,9
14,29,1,1,8
14,30,1,1,8
14,31,1,1,8
14,31,1,2,9
14,32,1,1,8
14,33,1,1,8
14,34,1,1,8
14,34,1,2,9
14,35,1,1,1
14,36,1,1,1
14,37,1,1,2
14,38,1,1,2
14,39,1,1,1
14,40,1,1,1
14,41,1,1,8
14,41,1,2,10
14,42,1,1,8
14,42,1,2,10
14,43,1,1,4
14,43,1,2,8
14,44,1,1,4
14,44,1,2,8
14,45,1,1,4
14,45,1,2,8
14,46,1,1,12
14,46,1,2,4
14,47,1,1,12
14,47,1,2,4
14,48,1,1,12
14,48,1,2,8
14,49,1,1,12
14,49,1,2,8
14,50,1,1,9
14,51,1,1,9
14,52,1,1,1
14,53,1,1,1
14,54,1,1,3
14,55,1,1,3
14,56,1,1,7
14,57,1,1,7
14,58,1,1,2
14,59,1,1,2
14,60,1,1,3
14,61,1,1,3
14,62,1,1,3
14,62,1,2,7
14,63,1,1,11
14,64,1,1,11
14,65,1,1,11
14,66,1,1,7
14,67,1,1,7
14,68,1,1,7
14,69,1,1,4
14,69,1,2,8
14,70,1,1,4
14,70,1,2,8
14,71,1,1,4
14,71,1,2,8
14,72,1,1,3
14,72,1,2,8
14,73,1,1,3
14,73,1,2,8
14,74,1,1,13
14,74,1,2,9
14,75,1,1,13
14,75,1,2,9
14,76,1,1,13
14,76,1,2,9
14,77,1,1,2
14,78,1,1,2
14,79,1,1,3
14,79,1,2,11
14,80,1,1,3
14,80,1,2,11
14,81,1,1,5
14,81,1,2,17
14,82,1,1,5
14,82,1,2,17
14,83,1,1,1
14,83,1,2,10
14,84,1,1,1
14,84,1,2,10
14,85,1,1,1
14,85,1,2,10
14,86,1,1,3
14,87,1,1,3
14,87,1,2,6
14,88,1,1,8
14,89,1,1,8
14,90,1,1,3
14,91,1,1,3
14,91,1,2,6
14,92,1,1,14
14,92,1,2,8
14,93,1,1,14
14,93,1,2,8
14,94,1,1,14
14,94,1,2,8
14,95,1,1,13
14,95,1,2,9
14,96,1,1,11
14,97,1,1,11
14,98,1,1,3
14,99,1,1,3
14,100,1,1,5
14,101,1,1,5
14,102,1,1,4
14,102,1,2,11
14,103,1,1,4
14,103,1,2,11
14,104,1,1,9
14,105,1,1,9
14,106,1,1,7
14,107,1,1,7
14,108,1,1,1
14,109,1,1,8
14,110,1,1,8
14,111,1,1,9
14,111,1,2,13
14,112,1,1,9
14,112,1,2,13
14,113,1,1,1
14,114,1,1,4
14,115,1,1,1
14,116,1,1,3
14,117,1,1,3
14,118,1,1,3
14,119,1,1,3
14,120,1,1,3
14,121,1,1,3
14,121,1,2,11
14,122,1,1,11
14,123,1,1,12
14,123,1,2,10
14,124,1,1,6
14,124,1,2,11
14,125,1,1,5
14,126,1,1,2
14,127,1,1,12
14,128,1,1,1
14,129,1,1,3
14,130,1,1,3
14,130,1,2,10
14,131,1,1,3
14,131,1,2,6
14,132,1,1,1
14,133,1,1,1
14,134,1,1,3
14,135,1,1,5
14,136,1,1,2
14,137,1,1,1
14,138,1,1,13
14,138,1,2,3
14,139,1,1,13
14,139,1,2,3
14,140,1,1,13
14,140,1,2,3
14,141,1,1,13
14,141,1,2,3
14,142,1,1,13
14,142,1,2,10
14,143,1,1,1
14,144,1,1,6
14,144,1,2,10
14,145,1,1,5
14,145,1,2,10
14,146,1,1,2
14,146,1,2,10
14,147,1,1,15
14,148,1,1,15
14,149,1,1,15
14,149,1,2,10
14,150,1,1,11
14,151,1,1,11
14,152,1,1,4
14,153,1,1,4
14,154,1,1,4
14,155,1,1,2
14,156,1,1,2
14,157,1,1,2
14,158,1,1,3
14,159,1,1,3
14,160,1,1,3
14,161,1,1,1
14,162,1,1,1
14,163,1,1,1
14,163,1,2,10
14,164,1,1,1
14,164,1,2,10
14,165,1,1,12
14,165,1,2,10
14,166,1,1,12
14,166,1,2,10
14,167,1,1,12
14,167,1,2,8
14,168,1,1,12
14,168,1,2,8
14,169,1,1,8
14,169,1,2,10
14,170,1,1,3
14,170,1,2,5
14,171,1,1,3
14,171,1,2,5
14,172,1,1,5
14,173,1,1,1
14,174,1,1,1
14,175,1,1,1
14,176,1,1,1
14,176,1,2,10
14,177,1,1,11
14,177,1,2,10
14,178,1,1,11
14,178,1,2,10
14,179,1,1,5
14,180,1,1,5
14,181,1,1,5
14,182,1,1,4
14,183,1,1,3
14,184,1,1,3
14,185,1,1,13
14,186,1,1,3
14,187,1,1,4
14,187,1,2,10
14,188,1,1,4
14,188,1,2,10
14,189,1,1,4
14,189,1,2,10
14,190,1,1,1
14,191,1,1,4
14,192,1,1,4
14,193,1,1,12
14,193,1,2,10
14,194,1,1,3
14,194,1,2,9
14,195,1,1,3
14,195,1,2,9
14,196,1,1,11
14,197,1,1,16
14,198,1,1,16
14,198,1,2,10
14,199,1,1,3
14,199,1,2,11
14,200,1,1,14
14,201,1,1,11
14,201,2,1,11
14,201,3,1,11
14,201,4,1,11
14,201,5,1,11
14,201,6,1,11
14,201,7,1,11
14,201,8,1,11
14,201,9,1,11
14,201,10,1,11
14,201,11,1,11
14,201,12,1,11
14,201,13,1,11
14,201,14,1,11
14,201,15,1,11
14,201,16,1,11
14,201,17,1,11
14,201,18,1,11
14,201,19,1,11
14,201,20,1,11
14,201,21,1,11
14,201,22,1,11
14,201,23,1,11
14,201,24,1,11
14,201,25,1,11
14,201,26,1,11
14,201,27,1,11
14,201,28,1,11
14,202,1,1,11
14,203,1,1,1
14,203,1,2,11
14,204,1,1,12
14,205,1,1,12
14,205,1,2,17
14,206,1,1,1
14,207,1,1,9
14,207,1,2,10
14,208,1,1,17
14,208,1,2,9
14,209,1,1,1
14,210,1,1,1
14,211,1,1,3
14,211,1,2,8
14,212,1,1,12
14,212,1,2,17
14,213,1,1,12
14,213,1,2,13
14,214,1,1,12
14,214,1,2,7
14,215,1,1,16
14,215,1,2,6
14,216,1,1,1
14,217,1,1,1
14,218,1,1,2
14,219,1,1,2
14,219,1,2,13
14,220,1,1,6
14,220,1,2,9
14,221,1,1,6
14,221,1,2,9
14,222,1,1,3
14,222,1,2,13
14,223,1,1,3
14,224,1,1,3
14,225,1,1,6
14,225,1,2,10
14,226,1,1,3
14,226,1,2,10
14,227,1,1,17
14,227,1,2,10
14,228,1,1,16
14,228,1,2,2
14,229,1,1,16
14,229,1,2,2
14,230,1,1,3
14,230,1,2,15
14,231,1,1,9
14,232,1,1,9
14,233,1,1,1
14,234,1,1,1
14,235,1,1,1
14,236,1,1,7
14,237,1,1,7
14,238,1,1,6
14,238,1,2,11
14,239,1,1,5
14,240,1,1,2
14,241,1,1,1
14,242,1,1,1
14,243,1,1,5
14,244,1,1,2
14,245,1,1,3
14,246,1,1,13
14,246,1,2,9
14,247,1,1,13
14,247,1,2,9
14,248,1,1,13
14,248,1,2,16
14,249,1,1,11
14,249,1,2,10
14,250,1,1,2
14,250,1,2,10
14,251,1,1,11
14,251,1,2,4
14,252,1,1,4
14,253,1,1,4
14,254,1,1,4
14,255,1,1,2
14,256,1,1,2
14,256,1,2,7
14,257,1,1,2
14,257,1,2,7
14,258,1,1,3
14,259,1,1,3
14,259,1,2,9
14,260,1,1,3
14,260,1,2,9
14,261,1,1,16
14,262,1,1,16
14,263,1,1,1
14,264,1,1,1
14,265,1,1,12
14,266,1,1,12
14,267,1,1,12
14,267,1,2,10
14,268,1,1,12
14,269,1,1,12
14,269,1,2,8
14,270,1,1,3
14,270,1,2,4
14,271,1,1,3
14,271,1,2,4
14,272,1,1,3
14,272,1,2,4
14,273,1,1,4
14,274,1,1,4
14,274,1,2,16
14,275,1,1,4
14,275,1,2,16
14,276,1,1,1
14,276,1,2,10
14,277,1,1,1
14,277,1,2,10
14,278,1,1,3
14,278,1,2,10
14,279,1,1,3
14,279,1,2,10
14,280,1,1,11
14,281,1,1,11
14,282,1,1,11
14,283,1,1,12
14,283,1,2,3
14,284,1,1,12
14,284,1,2,10
14,285,1,1,4
14,286,1,1,4
14,286,1,2,7
14,287,1,1,1
14,288,1,1,1
14,289,1,1,1
14,290,1,1,12
14,290,1,2,9
14,291,1,1,12
14,291,1,2,10
14,292,1,1,12
14,292,1,2,14
14,293,1,1,1
14,294,1,1,1
14,295,1,1,1
14,296,1,1,7
14,297,1,1,7
14,298,1,1,1
14,299,1,1,13
14,300,1,1,1
14,301,1,1,1
14,302,1,1,16
14,302,1,2,14
14,303,1,1,17
14,304,1,1,17
14,304,1,2,13
14,305,1,1,17
14,305,1,2,13
14,306,1,1,17
14,306,1,2,13
14,307,1,1,7
14,307,1,2,11
14,308,1,1,7
14,308,1,2,11
14,309,1,1,5
14,310,1,1,5
14,311,1,1,5
14,312,1,1,5
14,313,1,1,12
14,314,1,1,12
14,315,1,1,4
14,315,1,2,8
14,316,1,1,8
14,317,1,1,8
14,318,1,1,3
14,318,1,2,16
14,319,1,1,3
14,319,1,2,16
14,320,1,1,3
14,321,1,1,3
14,322,1,1,2
14,322,1,2,9
14,323,1,1,2
14,323,1,2,9
14,324,1,1,2
14,325,1,1,11
14,326,1,1,11
14,327,1,1,1
14,328,1,1,9
14,329,1,1,9
14,329,1,2,15
14,330,1,1,9
14,330,1,2,15
14,331,1,1,4
14,332,1,1,4
14,332,1,2,16
14,333,1,1,1
14,333,1,2,10
14,334,1,1,15
14,334,1,2,10
14,335,1,1,1
14,336,1,1,8
14,337,1,1,13
14,337,1,2,11
14,338,1,1,13
14,338,1,2,11
14,339,1,1,3
14,339,1,2,9
14,340,1,1,3
14,340,1,2,9
14,341,1,1,3
14,342,1,1,3
14,342,1,2,16
14,343,1,1,9
14,343,1,2,11
14,344,1,1,9
14,344,1,2,11
14,345,1,1,13
14,345,1,2,4
14,346,1,1,13
14,346,1,2,4
14,347,1,1,13
14,347,1,2,12
14,348,1,1,13
14,348,1,2,12
14,349,1,1,3
14,350,1,1,3
14,351,1,1,1
14,351,2,1,2
14,351,3,1,3
14,351,4,1,6
14,352,1,1,1
14,353,1,1,14
14,354,1,1,14
14,355,1,1,14
14,356,1,1,14
14,357,1,1,4
14,357,1,2,10
14,358,1,1,11
14,359,1,1,16
14,360,1,1,11
14,361,1,1,6
14,362,1,1,6
14,363,1,1,6
14,363,1,2,3
14,364,1,1,6
14,364,1,2,3
14,365,1,1,6
14,365,1,2,3
14,366,1,1,3
14,367,1,1,3
14,368,1,1,3
14,369,1,1,3
14,369,1,2,13
14,370,1,1,3
14,371,1,1,15
14,372,1,1,15
14,373,1,1,15
14,373,1,2,10
14,374,1,1,17
14,374,1,2,11
14,375,1,1,17
14,375,1,2,11
14,376,1,1,17
14,376,1,2,11
14,377,1,1,13
14,378,1,1,6
14,379,1,1,17
14,380,1,1,15
14,380,1,2,11
14,381,1,1,15
14,381,1,2,11
14,382,1,1,3
14,383,1,1,9
14,384,1,1,15
14,384,1,2,10
14,385,1,1,17
14,385,1,2,11
14,386,1,1,11
14,386,2,1,11
14,386,3,1,11
14,386,4,1,11
14,387,1,1,4
14,388,1,1,4
14,389,1,1,4
14,389,1,2,9
14,390,1,1,2
14,391,1,1,2
14,391,1,2,7
14,392,1,1,2
14,392,1,2,7
14,393,1,1,3
14,394,1,1,3
14,395,1,1,3
14,395,1,2,17
14,396,1,1,1
14,396,1,2,10
14,397,1,1,1
14,397,1,2,10
14,398,1,1,1
14,398,1,2,10
14,399,1,1,1
14,400,1,1,1
14,400,1,2,3
14,401,1,1,12
14,402,1,1,12
14,403,1,1,5
14,404,1,1,5
14,405,1,1,5
14,406,1,1,4
14,406,1,2,8
14,407,1,1,4
14,407,1,2,8
14,408,1,1,13
14,409,1,1,13
14,410,1,1,13
14,410,1,2,17
14,411,1,1,13
14,411,1,2,17
14,412,1,1,12
14,412,2,1,12
14,412,3,1,12
14,413,1,1,12
14,413,1,2,4
14,413,2,1,12
14,413,2,2,9
14,413,3,1,12
14,413,3,2,17
14,414,1,1,12
14,414,1,2,10
14,415,1,1,12
14,415,1,2,10
14,416,1,1,12
14,416,1,2,10
14,417,1,1,5
14,418,1,1,3
14,419,1,1,3
14,420,1,1,4
14,421,1,1,4
14,421,2,1,4
14,422,1,1,3
14,422,2,1,3
14,423,1,1,3
14,423,1,2,9
14,423,2,1,3
14,423,2,2,9
14,424,1,1,1
14,425,1,1,14
14,425,1,2,10
14,426,1,1,14
14,426,1,2,10
14,427,1,1,1
14,428,1,1,1
14,429,1,1,14
14,430,1,1,16
14,430,1,2,10
14,431,1,1,1
14,432,1,1,1
14,433,1,1,11
14,434,1,1,8
14,434,1,2,16
14,435,1,1,8
14,435,1,2,16
14,436,1,1,17
14,436,1,2,11
14,437,1,1,17
14,437,1,2,11
14,438,1,1,13
14,439,1,1,11
14,440,1,1,1
14,441,1,1,1
14,441,1,2,10
14,442,1,1,14
14,442,1,2,16
14,443,1,1,15
14,443,1,2,9
14,444,1,1,15
14,444,1,2,9
14,445,1,1,15
14,445,1,2,9
14,446,1,1,1
14,447,1,1,7
14,448,1,1,7
14,448,1,2,17
14,449,1,1,9
14,450,1,1,9
14,451,1,1,8
14,451,1,2,12
14,452,1,1,8
14,452,1,2,16
14,453,1,1,8
14,453,1,2,7
14,454,1,1,8
14,454,1,2,7
14,455,1,1,4
14,456,1,1,3
14,457,1,1,3
14,458,1,1,3
14,458,1,2,10
14,459,1,1,4
14,459,1,2,6
14,460,1,1,4
14,460,1,2,6
14,461,1,1,16
14,461,1,2,6
14,462,1,1,5
14,462,1,2,17
14,463,1,1,1
14,464,1,1,9
14,464,1,2,13
14,465,1,1,4
14,466,1,1,5
14,467,1,1,2
14,468,1,1,1
14,468,1,2,10
14,469,1,1,12
14,469,1,2,10
14,470,1,1,4
14,471,1,1,6
14,472,1,1,9
14,472,1,2,10
14,473,1,1,6
14,473,1,2,9
14,474,1,1,1
14,475,1,1,11
14,475,1,2,7
14,476,1,1,13
14,476,1,2,17
14,477,1,1,14
14,478,1,1,6
14,478,1,2,14
14,479,1,1,5
14,479,1,2,14
14,479,2,1,5
14,479,2,2,14
14,479,3,1,5
14,479,3,2,14
14,479,4,1,5
14,479,4,2,14
14,479,5,1,5
14,479,5,2,14
14,479,6,1,5
14,479,6,2,14
14,480,1,1,11
14,481,1,1,11
14,482,1,1,11
14,483,1,1,17
14,483,1,2,15
14,484,1,1,3
14,484,1,2,15
14,485,1,1,2
14,485,1,2,17
14,486,1,1,1
14,487,1,1,14
14,487,1,2,15
14,487,2,1,14
14,487,2,2,15
14,488,1,1,11
14,489,1,1,3
14,490,1,1,3
14,491,1,1,16
14,492,1,1,4
14,492,2,1,4
14,492,2,2,10
14,493,1,1,1
14,493,2,1,2
14,493,3,1,3
14,493,4,1,4
14,493,5,1,5
14,493,6,1,6
14,493,7,1,7
14,493,8,1,8
14,493,9,1,9
14,493,10,1,10
14,493,11,1,11
14,493,12,1,12
14,493,13,1,13
14,493,14,1,14
14,493,15,1,15
14,493,16,1,16
14,493,17,1,17
15,1,1,1,4
15,1,1,2,8
15,2,1,1,4
15,2,1,2,8
15,3,1,1,4
15,3,1,2,8
15,4,1,1,2
15,5,1,1,2
15,6,1,1,2
15,6,1,2,10
15,7,1,1,3
15,8,1,1,3
15,9,1,1,3
15,10,1,1,12
15,11,1,1,12
15,12,1,1,12
15,12,1,2,10
15,13,1,1,12
15,13,1,2,8
15,14,1,1,12
15,14,1,2,8
15,15,1,1,12
15,15,1,2,8
15,16,1,1,1
15,16,1,2,10
15,17,1,1,1
15,17,1,2,10
15,18,1,1,1
15,18,1,2,10
15,19,1,1,1
15,20,1,1,1
15,21,1,1,1
15,21,1,2,10
15,22,1,1,1
15,22,1,2,10
15,23,1,1,8
15,24,1,1,8
15,25,1,1,5
15,26,1,1,5
15,27,1,1,9
15,28,1,1,9
15,29,1,1,8
15,30,1,1,8
15,31,1,1,8
15,31,1,2,9
15,32,1,1,8
15,33,1,1,8
15,34,1,1,8
15,34,1,2,9
15,35,1,1,1
15,36,1,1,1
15,37,1,1,2
15,38,1,1,2
15,39,1,1,1
15,40,1,1,1
15,41,1,1,8
15,41,1,2,10
15,42,1,1,8
15,42,1,2,10
15,43,1,1,4
15,43,1,2,8
15,44,1,1,4
15,44,1,2,8
15,45,1,1,4
15,45,1,2,8
15,46,1,1,12
15,46,1,2,4
15,47,1,1,12
15,47,1,2,4
15,48,1,1,12
15,48,1,2,8
15,49,1,1,12
15,49,1,2,8
15,50,1,1,9
15,51,1,1,9
15,52,1,1,1
15,53,1,1,1
15,54,1,1,3
15,55,1,1,3
15,56,1,1,7
15,57,1,1,7
15,58,1,1,2
15,59,1,1,2
15,60,1,1,3
15,61,1,1,3
15,62,1,1,3
15,62,1,2,7
15,63,1,1,11
15,64,1,1,11
15,65,1,1,11
15,66,1,1,7
15,67,1,1,7
15,68,1,1,7
15,69,1,1,4
15,69,1,2,8
15,70,1,1,4
15,70,1,2,8
15,71,1,1,4
15,71,1,2,8
15,72,1,1,3
15,72,1,2,8
15,73,1,1,3
15,73,1,2,8
15,74,1,1,13
15,74,1,2,9
15,75,1,1,13
15,75,1,2,9
15,76,1,1,13
15,76,1,2,9
15,77,1,1,2
15,78,1,1,2
15,79,1,1,3
15,79,1,2,11
15,80,1,1,3
15,80,1,2,11
15,81,1,1,5
15,81,1,2,17
15,82,1,1,5
15,82,1,2,17
15,83,1,1,1
15,83,1,2,10
15,84,1,1,1
15,84,1,2,10
15,85,1,1,1
15,85,1,2,10
15,86,1,1,3
15,87,1,1,3
15,87,1,2,6
15,88,1,1,8
15,89,1,1,8
15,90,1,1,3
15,91,1,1,3
15,91,1,2,6
15,92,1,1,14
15,92,1,2,8
15,93,1,1,14
15,93,1,2,8
15,94,1,1,14
15,94,1,2,8
15,95,1,1,13
15,95,1,2,9
15,96,1,1,11
15,97,1,1,11
15,98,1,1,3
15,99,1,1,3
15,100,1,1,5
15,101,1,1,5
15,102,1,1,4
15,102,1,2,11
15,103,1,1,4
15,103,1,2,11
15,104,1,1,9
15,105,1,1,9
15,106,1,1,7
15,107,1,1,7
15,108,1,1,1
15,109,1,1,8
15,110,1,1,8
15,111,1,1,9
15,111,1,2,13
15,112,1,1,9
15,112,1,2,13
15,113,1,1,1
15,114,1,1,4
15,115,1,1,1
15,116,1,1,3
15,117,1,1,3
15,118,1,1,3
15,119,1,1,3
15,120,1,1,3
15,121,1,1,3
15,121,1,2,11
15,122,1,1,11
15,123,1,1,12
15,123,1,2,10
15,124,1,1,6
15,124,1,2,11
15,125,1,1,5
15,126,1,1,2
15,127,1,1,12
15,128,1,1,1
15,129,1,1,3
15,130,1,1,3
15,130,1,2,10
15,131,1,1,3
15,131,1,2,6
15,132,1,1,1
15,133,1,1,1
15,134,1,1,3
15,135,1,1,5
15,136,1,1,2
15,137,1,1,1
15,138,1,1,13
15,138,1,2,3
15,139,1,1,13
15,139,1,2,3
15,140,1,1,13
15,140,1,2,3
15,141,1,1,13
15,141,1,2,3
15,142,1,1,13
15,142,1,2,10
15,143,1,1,1
15,144,1,1,6
15,144,1,2,10
15,145,1,1,5
15,145,1,2,10
15,146,1,1,2
15,146,1,2,10
15,147,1,1,15
15,148,1,1,15
15,149,1,1,15
15,149,1,2,10
15,150,1,1,11
15,151,1,1,11
15,152,1,1,4
15,153,1,1,4
15,154,1,1,4
15,155,1,1,2
15,156,1,1,2
15,157,1,1,2
15,158,1,1,3
15,159,1,1,3
15,160,1,1,3
15,161,1,1,1
15,162,1,1,1
15,163,1,1,1
15,163,1,2,10
15,164,1,1,1
15,164,1,2,10
15,165,1,1,12
15,165,1,2,10
15,166,1,1,12
15,166,1,2,10
15,167,1,1,12
15,167,1,2,8
15,168,1,1,12
15,168,1,2,8
15,169,1,1,8
15,169,1,2,10
15,170,1,1,3
15,170,1,2,5
15,171,1,1,3
15,171,1,2,5
15,172,1,1,5
15,172,2,1,5
15,173,1,1,1
15,174,1,1,1
15,175,1,1,1
15,176,1,1,1
15,176,1,2,10
15,177,1,1,11
15,177,1,2,10
15,178,1,1,11
15,178,1,2,10
15,179,1,1,5
15,180,1,1,5
15,181,1,1,5
15,182,1,1,4
15,183,1,1,3
15,184,1,1,3
15,185,1,1,13
15,186,1,1,3
15,187,1,1,4
15,187,1,2,10
15,188,1,1,4
15,188,1,2,10
15,189,1,1,4
15,189,1,2,10
15,190,1,1,1
15,191,1,1,4
15,192,1,1,4
15,193,1,1,12
15,193,1,2,10
15,194,1,1,3
15,194,1,2,9
15,195,1,1,3
15,195,1,2,9
15,196,1,1,11
15,197,1,1,16
15,198,1,1,16
15,198,1,2,10
15,199,1,1,3
15,199,1,2,11
15,200,1,1,14
15,201,1,1,11
15,201,2,1,11
15,201,3,1,11
15,201,4,1,11
15,201,5,1,11
15,201,6,1,11
15,201,7,1,11
15,201,8,1,11
15,201,9,1,11
15,201,10,1,11
15,201,11,1,11
15,201,12,1,11
15,201,13,1,11
15,201,14,1,11
15,201,15,1,11
15,201,16,1,11
15,201,17,1,11
15,201,18,1,11
15,201,19,1,11
15,201,20,1,11
15,201,21,1,11
15,201,22,1,11
15,201,23,1,11
15,201,24,1,11
15,201,25,1,11
15,201,26,1,11
15,201,27,1,11
15,201,28,1,11
15,202,1,1,11
15,203,1,1,1
15,203,1,2,11
15,204,1,1,12
15,205,1,1,12
15,205,1,2,17
15,206,1,1,1
15,207,1,1,9
15,207,1,2,10
15,208,1,1,17
15,208,1,2,9
15,209,1,1,1
15,210,1,1,1
15,211,1,1,3
15,211,1,2,8
15,212,1,1,12
15,212,1,2,17
15,213,1,1,12
15,213,1,2,13
15,214,1,1,12
15,214,1,2,7
15,215,1,1,16
15,215,1,2,6
15,216,1,1,1
15,217,1,1,1
15,218,1,1,2
15,219,1,1,2
15,219,1,2,13
15,220,1,1,6
15,220,1,2,9
15,221,1,1,6
15,221,1,2,9
15,222,1,1,3
15,222,1,2,13
15,223,1,1,3
15,224,1,1,3
15,225,1,1,6
15,225,1,2,10
15,226,1,1,3
15,226,1,2,10
15,227,1,1,17
15,227,1,2,10
15,228,1,1,16
15,228,1,2,2
15,229,1,1,16
15,229,1,2,2
15,230,1,1,3
15,230,1,2,15
15,231,1,1,9
15,232,1,1,9
15,233,1,1,1
15,234,1,1,1
15,235,1,1,1
15,236,1,1,7
15,237,1,1,7
15,238,1,1,6
15,238,1,2,11
15,239,1,1,5
15,240,1,1,2
15,241,1,1,1
15,242,1,1,1
15,243,1,1,5
15,244,1,1,2
15,245,1,1,3
15,246,1,1,13
15,246,1,2,9
15,247,1,1,13
15,247,1,2,9
15,248,1,1,13
15,248,1,2,16
15,249,1,1,11
15,249,1,2,10
15,250,1,1,2
15,250,1,2,10
15,251,1,1,11
15,251,1,2,4
15,252,1,1,4
15,253,1,1,4
15,254,1,1,4
15,255,1,1,2
15,256,1,1,2
15,256,1,2,7
15,257,1,1,2
15,257,1,2,7
15,258,1,1,3
15,259,1,1,3
15,259,1,2,9
15,260,1,1,3
15,260,1,2,9
15,261,1,1,16
15,262,1,1,16
15,263,1,1,1
15,264,1,1,1
15,265,1,1,12
15,266,1,1,12
15,267,1,1,12
15,267,1,2,10
15,268,1,1,12
15,269,1,1,12
15,269,1,2,8
15,270,1,1,3
15,270,1,2,4
15,271,1,1,3
15,271,1,2,4
15,272,1,1,3
15,272,1,2,4
15,273,1,1,4
15,274,1,1,4
15,274,1,2,16
15,275,1,1,4
15,275,1,2,16
15,276,1,1,1
15,276,1,2,10
15,277,1,1,1
15,277,1,2,10
15,278,1,1,3
15,278,1,2,10
15,279,1,1,3
15,279,1,2,10
15,280,1,1,11
15,281,1,1,11
15,282,1,1,11
15,283,1,1,12
15,283,1,2,3
15,284,1,1,12
15,284,1,2,10
15,285,1,1,4
15,286,1,1,4
15,286,1,2,7
15,287,1,1,1
15,288,1,1,1
15,289,1,1,1
15,290,1,1,12
15,290,1,2,9
15,291,1,1,12
15,291,1,2,10
15,292,1,1,12
15,292,1,2,14
15,293,1,1,1
15,294,1,1,1
15,295,1,1,1
15,296,1,1,7
15,297,1,1,7
15,298,1,1,1
15,299,1,1,13
15,300,1,1,1
15,301,1,1,1
15,302,1,1,16
15,302,1,2,14
15,303,1,1,17
15,304,1,1,17
15,304,1,2,13
15,305,1,1,17
15,305,1,2,13
15,306,1,1,17
15,306,1,2,13
15,307,1,1,7
15,307,1,2,11
15,308,1,1,7
15,308,1,2,11
15,309,1,1,5
15,310,1,1,5
15,311,1,1,5
15,312,1,1,5
15,313,1,1,12
15,314,1,1,12
15,315,1,1,4
15,315,1,2,8
15,316,1,1,8
15,317,1,1,8
15,318,1,1,3
15,318,1,2,16
15,319,1,1,3
15,319,1,2,16
15,320,1,1,3
15,321,1,1,3
15,322,1,1,2
15,322,1,2,9
15,323,1,1,2
15,323,1,2,9
15,324,1,1,2
15,325,1,1,11
15,326,1,1,11
15,327,1,1,1
15,328,1,1,9
15,329,1,1,9
15,329,1,2,15
15,330,1,1,9
15,330,1,2,15
15,331,1,1,4
15,332,1,1,4
15,332,1,2,16
15,333,1,1,1
15,333,1,2,10
15,334,1,1,15
15,334,1,2,10
15,335,1,1,1
15,336,1,1,8
15,337,1,1,13
15,337,1,2,11
15,338,1,1,13
15,338,1,2,11
15,339,1,1,3
15,339,1,2,9
15,340,1,1,3
15,340,1,2,9
15,341,1,1,3
15,342,1,1,3
15,342,1,2,16
15,343,1,1,9
15,343,1,2,11
15,344,1,1,9
15,344,1,2,11
15,345,1,1,13
15,345,1,2,4
15,346,1,1,13
15,346,1,2,4
15,347,1,1,13
15,347,1,2,12
15,348,1,1,13
15,348,1,2,12
15,349,1,1,3
15,350,1,1,3
15,351,1,1,1
15,351,2,1,2
15,351,3,1,3
15,351,4,1,6
15,352,1,1,1
15,353,1,1,14
15,354,1,1,14
15,355,1,1,14
15,356,1,1,14
15,357,1,1,4
15,357,1,2,10
15,358,1,1,11
15,359,1,1,16
15,360,1,1,11
15,361,1,1,6
15,362,1,1,6
15,363,1,1,6
15,363,1,2,3
15,364,1,1,6
15,364,1,2,3
15,365,1,1,6
15,365,1,2,3
15,366,1,1,3
15,367,1,1,3
15,368,1,1,3
15,369,1,1,3
15,369,1,2,13
15,370,1,1,3
15,371,1,1,15
15,372,1,1,15
15,373,1,1,15
15,373,1,2,10
15,374,1,1,17
15,374,1,2,11
15,375,1,1,17
15,375,1,2,11
15,376,1,1,17
15,376,1,2,11
15,377,1,1,13
15,378,1,1,6
15,379,1,1,17
15,380,1,1,15
15,380,1,2,11
15,381,1,1,15
15,381,1,2,11
15,382,1,1,3
15,383,1,1,9
15,384,1,1,15
15,384,1,2,10
15,385,1,1,17
15,385,1,2,11
15,386,1,1,11
15,386,2,1,11
15,386,3,1,11
15,386,4,1,11
15,387,1,1,4
15,388,1,1,4
15,389,1,1,4
15,389,1,2,9
15,390,1,1,2
15,391,1,1,2
15,391,1,2,7
15,392,1,1,2
15,392,1,2,7
15,393,1,1,3
15,394,1,1,3
15,395,1,1,3
15,395,1,2,17
15,396,1,1,1
15,396,1,2,10
15,397,1,1,1
15,397,1,2,10
15,398,1,1,1
15,398,1,2,10
15,399,1,1,1
15,400,1,1,1
15,400,1,2,3
15,401,1,1,12
15,402,1,1,12
15,403,1,1,5
15,404,1,1,5
15,405,1,1,5
15,406,1,1,4
15,406,1,2,8
15,407,1,1,4
15,407,1,2,8
15,408,1,1,13
15,409,1,1,13
15,410,1,1,13
15,410,1,2,17
15,411,1,1,13
15,411,1,2,17
15,412,1,1,12
15,412,2,1,12
15,412,3,1,12
15,413,1,1,12
15,413,1,2,4
15,413,2,1,12
15,413,2,2,9
15,413,3,1,12
15,413,3,2,17
15,414,1,1,12
15,414,1,2,10
15,415,1,1,12
15,415,1,2,10
15,416,1,1,12
15,416,1,2,10
15,417,1,1,5
15,418,1,1,3
15,419,1,1,3
15,420,1,1,4
15,421,1,1,4
15,421,2,1,4
15,422,1,1,3
15,422,2,1,3
15,423,1,1,3
15,423,1,2,9
15,423,2,1,3
15,423,2,2,9
15,424,1,1,1
15,425,1,1,14
15,425,1,2,10
15,426,1,1,14
15,426,1,2,10
15,427,1,1,1
15,428,1,1,1
15,429,1,1,14
15,430,1,1,16
15,430,1,2,10
15,431,1,1,1
15,432,1,1,1
15,433,1,1,11
15,434,1,1,8
15,434,1,2,16
15,435,1,1,8
15,435,1,2,16
15,436,1,1,17
15,436,1,2,11
15,437,1,1,17
15,437,1,2,11
15,438,1,1,13
15,439,1,1,11
15,440,1,1,1
15,441,1,1,1
15,441,1,2,10
15,442,1,1,14
15,442,1,2,16
15,443,1,1,15
15,443,1,2,9
15,444,1,1,15
15,444,1,2,9
15,445,1,1,15
15,445,1,2,9
15,446,1,1,1
15,447,1,1,7
15,448,1,1,7
15,448,1,2,17
15,449,1,1,9
15,450,1,1,9
15,451,1,1,8
15,451,1,2,12
15,452,1,1,8
15,452,1,2,16
15,453,1,1,8
15,453,1,2,7
15,454,1,1,8
15,454,1,2,7
15,455,1,1,4
15,456,1,1,3
15,457,1,1,3
15,458,1,1,3
15,458,1,2,10
15,459,1,1,4
15,459,1,2,6
15,460,1,1,4
15,460,1,2,6
15,461,1,1,16
15,461,1,2,6
15,462,1,1,5
15,462,1,2,17
15,463,1,1,1
15,464,1,1,9
15,464,1,2,13
15,465,1,1,4
15,466,1,1,5
15,467,1,1,2
15,468,1,1,1
15,468,1,2,10
15,469,1,1,12
15,469,1,2,10
15,470,1,1,4
15,471,1,1,6
15,472,1,1,9
15,472,1,2,10
15,473,1,1,6
15,473,1,2,9
15,474,1,1,1
15,475,1,1,11
15,475,1,2,7
15,476,1,1,13
15,476,1,2,17
15,477,1,1,14
15,478,1,1,6
15,478,1,2,14
15,479,1,1,5
15,479,1,2,14
15,479,2,1,5
15,479,2,2,14
15,479,3,1,5
15,479,3,2,14
15,479,4,1,5
15,479,4,2,14
15,479,5,1,5
15,479,5,2,14
15,479,6,1,5
15,479,6,2,14
15,480,1,1,11
15,481,1,1,11
15,482,1,1,11
15,483,1,1,17
15,483,1,2,15
15,484,1,1,3
15,484,1,2,15
15,485,1,1,2
15,485,1,2,17
15,486,1,1,1
15,487,1,1,14
15,487,1,2,15
15,487,2,1,14
15,487,2,2,15
15,488,1,1,11
15,489,1,1,3
15,490,1,1,3
15,491,1,1,16
15,492,1,1,4
15,492,2,1,4
15,492,2,2,10
15,493,1,1,1
15,493,2,1,2
15,493,3,1,3
15,493,4,1,4
15,493,5,1,5
15,493,6,1,6
15,493,7,1,7
15,493,8,1,8
15,493,9,1,9
15,493,10,1,10
15,493,11,1,11
15,493,12,1,12
15,493,13,1,13
15,493,14,1,14
15,493,15,1,15
15,493,16,1,16
15,493,17,1,17
16,1,1,1,4
16,1,1,2,8
16,2,1,1,4
16,2,1,2,8
16,3,1,1,4
16,3,1,2,8
16,4,1,1,2
16,5,1,1,2
16,6,1,1,2
16,6,1,2,10
16,7,1,1,3
16,8,1,1,3
16,9,1,1,3
16,10,1,1,12
16,11,1,1,12
16,12,1,1,12
16,12,1,2,10
16,13,1,1,12
16,13,1,2,8
16,14,1,1,12
16,14,1,2,8
16,15,1,1,12
16,15,1,2,8
16,16,1,1,1
16,16,1,2,10
16,17,1,1,1
16,17,1,2,10
16,18,1,1,1
16,18,1,2,10
16,19,1,1,1
16,20,1,1,1
16,21,1,1,1
16,21,1,2,10
16,22,1,1,1
16,22,1,2,10
16,23,1,1,8
16,24,1,1,8
16,25,1,1,5
16,26,1,1,5
16,27,1,1,9
16,28,1,1,9
16,29,1,1,8
16,30,1,1,8
16,31,1,1,8
16,31,1,2,9
16,32,1,1,8
16,33,1,1,8
16,34,1,1,8
16,34,1,2,9
16,35,1,1,1
16,36,1,1,1
16,37,1,1,2
16,38,1,1,2
16,39,1,1,1
16,40,1,1,1
16,41,1,1,8
16,41,1,2,10
16,42,1,1,8
16,42,1,2,10
16,43,1,1,4
16,43,1,2,8
16,44,1,1,4
16,44,1,2,8
16,45,1,1,4
16,45,1,2,8
16,46,1,1,12
16,46,1,2,4
16,47,1,1,12
16,47,1,2,4
16,48,1,1,12
16,48,1,2,8
16,49,1,1,12
16,49,1,2,8
16,50,1,1,9
16,51,1,1,9
16,52,1,1,1
16,53,1,1,1
16,54,1,1,3
16,55,1,1,3
16,56,1,1,7
16,57,1,1,7
16,58,1,1,2
16,59,1,1,2
16,60,1,1,3
16,61,1,1,3
16,62,1,1,3
16,62,1,2,7
16,63,1,1,11
16,64,1,1,11
16,65,1,1,11
16,66,1,1,7
16,67,1,1,7
16,68,1,1,7
16,69,1,1,4
16,69,1,2,8
16,70,1,1,4
16,70,1,2,8
16,71,1,1,4
16,71,1,2,8
16,72,1,1,3
16,72,1,2,8
16,73,1,1,3
16,73,1,2,8
16,74,1,1,13
16,74,1,2,9
16,75,1,1,13
16,75,1,2,9
16,76,1,1,13
16,76,1,2,9
16,77,1,1,2
16,78,1,1,2
16,79,1,1,3
16,79,1,2,11
16,80,1,1,3
16,80,1,2,11
16,81,1,1,5
16,81,1,2,17
16,82,1,1,5
16,82,1,2,17
16,83,1,1,1
16,83,1,2,10
16,84,1,1,1
16,84,1,2,10
16,85,1,1,1
16,85,1,2,10
16,86,1,1,3
16,87,1,1,3
16,87,1,2,6
16,88,1,1,8
16,89,1,1,8
16,90,1,1,3
16,91,1,1,3
16,91,1,2,6
16,92,1,1,14
16,92,1,2,8
16,93,1,1,14
16,93,1,2,8
16,94,1,1,14
16,94,1,2,8
16,95,1,1,13
16,95,1,2,9
16,96,1,1,11
16,97,1,1,11
16,98,1,1,3
16,99,1,1,3
16,100,1,1,5
16,101,1,1,5
16,102,1,1,4
16,102,1,2,11
16,103,1,1,4
16,103,1,2,11
16,104,1,1,9
16,105,1,1,9
16,106,1,1,7
16,107,1,1,7
16,108,1,1,1
16,109,1,1,8
16,110,1,1,8
16,111,1,1,9
16,111,1,2,13
16,112,1,1,9
16,112,1,2,13
16,113,1,1,1
16,114,1,1,4
16,115,1,1,1
16,116,1,1,3
16,117,1,1,3
16,118,1,1,3
16,119,1,1,3
16,120,1,1,3
16,121,1,1,3
16,121,1,2,11
16,122,1,1,11
16,123,1,1,12
16,123,1,2,10
16,124,1,1,6
16,124,1,2,11
16,125,1,1,5
16,126,1,1,2
16,127,1,1,12
16,128,1,1,1
16,129,1,1,3
16,130,1,1,3
16,130,1,2,10
16,131,1,1,3
16,131,1,2,6
16,132,1,1,1
16,133,1,1,1
16,134,1,1,3
16,135,1,1,5
16,136,1,1,2
16,137,1,1,1
16,138,1,1,13
16,138,1,2,3
16,139,1,1,13
16,139,1,2,3
16,140,1,1,13
16,140,1,2,3
16,141,1,1,13
16,141,1,2,3
16,142,1,1,13
16,142,1,2,10
16,143,1,1,1
16,144,1,1,6
16,144,1,2,10
16,145,1,1,5
16,145,1,2,10
16,146,1,1,2
16,146,1,2,10
16,147,1,1,15
16,148,1,1,15
16,149,1,1,15
16,149,1,2,10
16,150,1,1,11
16,151,1,1,11
16,152,1,1,4
16,153,1,1,4
16,154,1,1,4
16,155,1,1,2
16,156,1,1,2
16,157,1,1,2
16,158,1,1,3
16,159,1,1,3
16,160,1,1,3
16,161,1,1,1
16,162,1,1,1
16,163,1,1,1
16,163,1,2,10
16,164,1,1,1
16,164,1,2,10
16,165,1,1,12
16,165,1,2,10
16,166,1,1,12
16,166,1,2,10
16,167,1,1,12
16,167,1,2,8
16,168,1,1,12
16,168,1,2,8
16,169,1,1,8
16,169,1,2,10
16,170,1,1,3
16,170,1,2,5
16,171,1,1,3
16,171,1,2,5
16,172,1,1,5
16,172,2,1,5
16,173,1,1,1
16,174,1,1,1
16,175,1,1,1
16,176,1,1,1
16,176,1,2,10
16,177,1,1,11
16,177,1,2,10
16,178,1,1,11
16,178,1,2,10
16,179,1,1,5
16,180,1,1,5
16,181,1,1,5
16,182,1,1,4
16,183,1,1,3
16,184,1,1,3
16,185,1,1,13
16,186,1,1,3
16,187,1,1,4
16,187,1,2,10
16,188,1,1,4
16,188,1,2,10
16,189,1,1,4
16,189,1,2,10
16,190,1,1,1
16,191,1,1,4
16,192,1,1,4
16,193,1,1,12
16,193,1,2,10
16,194,1,1,3
16,194,1,2,9
16,195,1,1,3
16,195,1,2,9
16,196,1,1,11
16,197,1,1,16
16,198,1,1,16
16,198,1,2,10
16,199,1,1,3
16,199,1,2,11
16,200,1,1,14
16,201,1,1,11
16,201,2,1,11
16,201,3,1,11
16,201,4,1,11
16,201,5,1,11
16,201,6,1,11
16,201,7,1,11
16,201,8,1,11
16,201,9,1,11
16,201,10,1,11
16,201,11,1,11
16,201,12,1,11
16,201,13,1,11
16,201,14,1,11
16,201,15,1,11
16,201,16,1,11
16,201,17,1,11
16,201,18,1,11
16,201,19,1,11
16,201,20,1,11
16,201,21,1,11
16,201,22,1,11
16,201,23,1,11
16,201,24,1,11
16,201,25,1,11
16,201,26,1,11
16,201,27,1,11
16,201,28,1,11
16,202,1,1,11
16,203,1,1,1
16,203,1,2,11
16,204,1,1,12
16,205,1,1,12
16,205,1,2,17
16,206,1,1,1
16,207,1,1,9
16,207,1,2,10
16,208,1,1,17
16,208,1,2,9
16,209,1,1,1
16,210,1,1,1
16,211,1,1,3
16,211,1,2,8
16,212,1,1,12
16,212,1,2,17
16,213,1,1,12
16,213,1,2,13
16,214,1,1,12
16,214,1,2,7
16,215,1,1,16
16,215,1,2,6
16,216,1,1,1
16,217,1,1,1
16,218,1,1,2
16,219,1,1,2
16,219,1,2,13
16,220,1,1,6
16,220,1,2,9
16,221,1,1,6
16,221,1,2,9
16,222,1,1,3
16,222,1,2,13
16,223,1,1,3
16,224,1,1,3
16,225,1,1,6
16,225,1,2,10
16,226,1,1,3
16,226,1,2,10
16,227,1,1,17
16,227,1,2,10
16,228,1,1,16
16,228,1,2,2
16,229,1,1,16
16,229,1,2,2
16,230,1,1,3
16,230,1,2,15
16,231,1,1,9
16,232,1,1,9
16,233,1,1,1
16,234,1,1,1
16,235,1,1,1
16,236,1,1,7
16,237,1,1,7
16,238,1,1,6
16,238,1,2,11
16,239,1,1,5
16,240,1,1,2
16,241,1,1,1
16,242,1,1,1
16,243,1,1,5
16,244,1,1,2
16,245,1,1,3
16,246,1,1,13
16,246,1,2,9
16,247,1,1,13
16,247,1,2,9
16,248,1,1,13
16,248,1,2,16
16,249,1,1,11
16,249,1,2,10
16,250,1,1,2
16,250,1,2,10
16,251,1,1,11
16,251,1,2,4
16,252,1,1,4
16,253,1,1,4
16,254,1,1,4
16,255,1,1,2
16,256,1,1,2
16,256,1,2,7
16,257,1,1,2
16,257,1,2,7
16,258,1,1,3
16,259,1,1,3
16,259,1,2,9
16,260,1,1,3
16,260,1,2,9
16,261,1,1,16
16,262,1,1,16
16,263,1,1,1
16,264,1,1,1
16,265,1,1,12
16,266,1,1,12
16,267,1,1,12
16,267,1,2,10
16,268,1,1,12
16,269,1,1,12
16,269,1,2,8
16,270,1,1,3
16,270,1,2,4
16,271,1,1,3
16,271,1,2,4
16,272,1,1,3
16,272,1,2,4
16,273,1,1,4
16,274,1,1,4
16,274,1,2,16
16,275,1,1,4
16,275,1,2,16
16,276,1,1,1
16,276,1,2,10
16,277,1,1,1
16,277,1,2,10
16,278,1,1,3
16,278,1,2,10
16,279,1,1,3
16,279,1,2,10
16,280,1,1,11
16,281,1,1,11
16,282,1,1,11
16,283,1,1,12
16,283,1,2,3
16,284,1,1,12
16,284,1,2,10
16,285,1,1,4
16,286,1,1,4
16,286,1,2,7
16,287,1,1,1
16,288,1,1,1
16,289,1,1,1
16,290,1,1,12
16,290,1,2,9
16,291,1,1,12
16,291,1,2,10
16,292,1,1,12
16,292,1,2,14
16,293,1,1,1
16,294,1,1,1
16,295,1,1,1
16,296,1,1,7
16,297,1,1,7
16,298,1,1,1
16,299,1,1,13
16,300,1,1,1
16,301,1,1,1
16,302,1,1,16
16,302,1,2,14
16,303,1,1,17
16,304,1,1,17
16,304,1,2,13
16,305,1,1,17
16,305,1,2,13
16,306,1,1,17
16,306,1,2,13
16,307,1,1,7
16,307,1,2,11
16,308,1,1,7
16,308,1,2,11
16,309,1,1,5
16,310,1,1,5
16,311,1,1,5
16,312,1,1,5
16,313,1,1,12
16,314,1,1,12
16,315,1,1,4
16,315,1,2,8
16,316,1,1,8
16,317,1,1,8
16,318,1,1,3
16,318,1,2,16
16,319,1,1,3
16,319,1,2,16
16,320,1,1,3
16,321,1,1,3
16,322,1,1,2
16,322,1,2,9
16,323,1,1,2
16,323,1,2,9
16,324,1,1,2
16,325,1,1,11
16,326,1,1,11
16,327,1,1,1
16,328,1,1,9
16,329,1,1,9
16,329,1,2,15
16,330,1,1,9
16,330,1,2,15
16,331,1,1,4
16,332,1,1,4
16,332,1,2,16
16,333,1,1,1
16,333,1,2,10
16,334,1,1,15
16,334,1,2,10
16,335,1,1,1
16,336,1,1,8
16,337,1,1,13
16,337,1,2,11
16,338,1,1,13
16,338,1,2,11
16,339,1,1,3
16,339,1,2,9
16,340,1,1,3
16,340,1,2,9
16,341,1,1,3
16,342,1,1,3
16,342,1,2,16
16,343,1,1,9
16,343,1,2,11
16,344,1,1,9
16,344,1,2,11
16,345,1,1,13
16,345,1,2,4
16,346,1,1,13
16,346,1,2,4
16,347,1,1,13
16,347,1,2,12
16,348,1,1,13
16,348,1,2,12
16,349,1,1,3
16,350,1,1,3
16,351,1,1,1
16,351,2,1,2
16,351,3,1,3
16,351,4,1,6
16,352,1,1,1
16,353,1,1,14
16,354,1,1,14
16,355,1,1,14
16,356,1,1,14
16,357,1,1,4
16,357,1,2,10
16,358,1,1,11
16,359,1,1,16
16,360,1,1,11
16,361,1,1,6
16,362,1,1,6
16,363,1,1,6
16,363,1,2,3
16,364,1,1,6
16,364,1,2,3
16,365,1,1,6
16,365,1,2,3
16,366,1,1,3
16,367,1,1,3
16,368,1,1,3
16,369,1,1,3
16,369,1,2,13
16,370,1,1,3
16,371,1,1,15
16,372,1,1,15
16,373,1,1,15
16,373,1,2,10
16,374,1,1,17
16,374,1,2,11
16,375,1,1,17
16,375,1,2,11
16,376,1,1,17
16,376,1,2,11
16,377,1,1,13
16,378,1,1,6
16,379,1,1,17
16,380,1,1,15
16,380,1,2,11
16,381,1,1,15
16,381,1,2,11
16,382,1,1,3
16,383,1,1,9
16,384,1,1,15
16,384,1,2,10
16,385,1,1,17
16,385,1,2,11
16,386,1,1,11
16,386,2,1,11
16,386,3,1,11
16,386,4,1,11
16,387,1,1,4
16,388,1,1,4
16,389,1,1,4
16,389,1,2,9
16,390,1,1,2
16,391,1,1,2
16,391,1,2,7
16,392,1,1,2
16,392,1,2,7
16,393,1,1,3
16,394,1,1,3
16,395,1,1,3
16,395,1,2,17
16,396,1,1,1
16,396,1,2,10
16,397,1,1,1
16,397,1,2,10
16,398,1,1,1
16,398,1,2,10
16,399,1,1,1
16,400,1,1,1
16,400,1,2,3
16,401,1,1,12
16,402,1,1,12
16,403,1,1,5
16,404,1,1,5
16,405,1,1,5
16,406,1,1,4
16,406,1,2,8
16,407,1,1,4
16,407,1,2,8
16,408,1,1,13
16,409,1,1,13
16,410,1,1,13
16,410,1,2,17
16,411,1,1,13
16,411,1,2,17
16,412,1,1,12
16,412,2,1,12
16,412,3,1,12
16,413,1,1,12
16,413,1,2,4
16,413,2,1,12
16,413,2,2,9
16,413,3,1,12
16,413,3,2,17
16,414,1,1,12
16,414,1,2,10
16,415,1,1,12
16,415,1,2,10
16,416,1,1,12
16,416,1,2,10
16,417,1,1,5
16,418,1,1,3
16,419,1,1,3
16,420,1,1,4
16,421,1,1,4
16,421,2,1,4
16,422,1,1,3
16,422,2,1,3
16,423,1,1,3
16,423,1,2,9
16,423,2,1,3
16,423,2,2,9
16,424,1,1,1
16,425,1,1,14
16,425,1,2,10
16,426,1,1,14
16,426,1,2,10
16,427,1,1,1
16,428,1,1,1
16,429,1,1,14
16,430,1,1,16
16,430,1,2,10
16,431,1,1,1
16,432,1,1,1
16,433,1,1,11
16,434,1,1,8
16,434,1,2,16
16,435,1,1,8
16,435,1,2,16
16,436,1,1,17
16,436,1,2,11
16,437,1,1,17
16,437,1,2,11
16,438,1,1,13
16,439,1,1,11
16,440,1,1,1
16,441,1,1,1
16,441,1,2,10
16,442,1,1,14
16,442,1,2,16
16,443,1,1,15
16,443,1,2,9
16,444,1,1,15
16,444,1,2,9
16,445,1,1,15
16,445,1,2,9
16,446,1,1,1
16,447,1,1,7
16,448,1,1,7
16,448,1,2,17
16,449,1,1,9
16,450,1,1,9
16,451,1,1,8
16,451,1,2,12
16,452,1,1,8
16,452,1,2,16
16,453,1,1,8
16,453,1,2,7
16,454,1,1,8
16,454,1,2,7
16,455,1,1,4
16,456,1,1,3
16,457,1,1,3
16,458,1,1,3
16,458,1,2,10
16,459,1,1,4
16,459,1,2,6
16,460,1,1,4
16,460,1,2,6
16,461,1,1,16
16,461,1,2,6
16,462,1,1,5
16,462,1,2,17
16,463,1,1,1
16,464,1,1,9
16,464,1,2,13
16,465,1,1,4
16,466,1,1,5
16,467,1,1,2
16,468,1,1,1
16,468,1,2,10
16,469,1,1,12
16,469,1,2,10
16,470,1,1,4
16,471,1,1,6
16,472,1,1,9
16,472,1,2,10
16,473,1,1,6
16,473,1,2,9
16,474,1,1,1
16,475,1,1,11
16,475,1,2,7
16,476,1,1,13
16,476,1,2,17
16,477,1,1,14
16,478,1,1,6
16,478,1,2,14
16,479,1,1,5
16,479,1,2,14
16,479,2,1,5
16,479,2,2,14
16,479,3,1,5
16,479,3,2,14
16,479,4,1,5
16,479,4,2,14
16,479,5,1,5
16,479,5,2,14
16,479,6,1,5
16,479,6,2,14
16,480,1,1,11
16,481,1,1,11
16,482,1,1,11
16,483,1,1,17
16,483,1,2,15
16,484,1,1,3
16,484,1,2,15
16,485,1,1,2
16,485,1,2,17
16,486,1,1,1
16,487,1,1,14
16,487,1,2,15
16,487,2,1,14
16,487,2,2,15
16,488,1,1,11
16,489,1,1,3
16,490,1,1,3
16,491,1,1,16
16,492,1,1,4
16,492,2,1,4
16,492,2,2,10
16,493,1,1,1
16,493,2,1,2
16,493,3,1,3
16,493,4,1,4
16,493,5,1,5
16,493,6,1,6
16,493,7,1,7
16,493,8,1,8
16,493,9,1,9
16,493,10,1,10
16,493,11,1,11
16,493,12,1,12
16,493,13,1,13
16,493,14,1,14
16,493,15,1,15
16,493,16,1,16
16,493,17,1,17
17,1,1,1,4
17,1,1,2,8
17,2,1,1,4
17,2,1,2,8
17,3,1,1,4
17,3,1,2,8
17,4,1,1,2
17,5,1,1,2
17,6,1,1,2
17,6,1,2,10
17,7,1,1,3
17,8,1,1,3
17,9,1,1,3
17,10,1,1,12
17,11,1,1,12
17,12,1,1,12
17,12,1,2,10
17,13,1,1,12
17,13,1,2,8
17,14,1,1,12
17,14,1,2,8
17,15,1,1,12
17,15,1,2,8
17,16,1,1,1
17,16,1,2,10
17,17,1,1,1
17,17,1,2,10
17,18,1,1,1
17,18,1,2,10
17,19,1,1,1
17,20,1,1,1
17,21,1,1,1
17,21,1,2,10
17,22,1,1,1
17,22,1,2,10
17,23,1,1,8
17,24,1,1,8
17,25,1,1,5
17,26,1,1,5
17,27,1,1,9
17,28,1,1,9
17,29,1,1,8
17,30,1,1,8
17,31,1,1,8
17,31,1,2,9
17,32,1,1,8
17,33,1,1,8
17,34,1,1,8
17,34,1,2,9
17,35,1,1,1
17,36,1,1,1
17,37,1,1,2
17,38,1,1,2
17,39,1,1,1
17,40,1,1,1
17,41,1,1,8
17,41,1,2,10
17,42,1,1,8
17,42,1,2,10
17,43,1,1,4
17,43,1,2,8
17,44,1,1,4
17,44,1,2,8
17,45,1,1,4
17,45,1,2,8
17,46,1,1,12
17,46,1,2,4
17,47,1,1,12
17,47,1,2,4
17,48,1,1,12
17,48,1,2,8
17,49,1,1,12
17,49,1,2,8
17,50,1,1,9
17,51,1,1,9
17,52,1,1,1
17,53,1,1,1
17,54,1,1,3
17,55,1,1,3
17,56,1,1,7
17,57,1,1,7
17,58,1,1,2
17,59,1,1,2
17,60,1,1,3
17,61,1,1,3
17,62,1,1,3
17,62,1,2,7
17,63,1,1,11
17,64,1,1,11
17,65,1,1,11
17,66,1,1,7
17,67,1,1,7
17,68,1,1,7
17,69,1,1,4
17,69,1,2,8
17,70,1,1,4
17,70,1,2,8
17,71,1,1,4
17,71,1,2,8
17,72,1,1,3
17,72,1,2,8
17,73,1,1,3
17,73,1,2,8
17,74,1,1,13
17,74,1,2,9
17,75,1,1,13
17,75,1,2,9
17,76,1,1,13
17,76,1,2,9
17,77,1,1,2
17,78,1,1,2
17,79,1,1,3
17,79,1,2,11
17,80,1,1,3
17,80,1,2,11
17,81,1,1,5
17,81,1,2,17
17,82,1,1,5
17,82,1,2,17
17,83,1,1,1
17,83,1,2,10
17,84,1,1,1
17,84,1,2,10
17,85,1,1,1
17,85,1,2,10
17,86,1,1,3
17,87,1,1,3
17,87,1,2,6
17,88,1,1,8
17,89,1,1,8
17,90,1,1,3
17,91,1,1,3
17,91,1,2,6
17,92,1,1,14
17,92,1,2,8
17,93,1,1,14
17,93,1,2,8
17,94,1,1,14
17,94,1,2,8
17,95,1,1,13
17,95,1,2,9
17,96,1,1,11
17,97,1,1,11
17,98,1,1,3
17,99,1,1,3
17,100,1,1,5
17,101,1,1,5
17,102,1,1,4
17,102,1,2,11
17,103,1,1,4
17,103,1,2,11
17,104,1,1,9
17,105,1,1,9
17,106,1,1,7
17,107,1,1,7
17,108,1,1,1
17,109,1,1,8
17,110,1,1,8
17,111,1,1,9
17,111,1,2,13
17,112,1,1,9
17,112,1,2,13
17,113,1,1,1
17,114,1,1,4
17,115,1,1,1
17,116,1,1,3
17,117,1,1,3
17,118,1,1,3
17,119,1,1,3
17,120,1,1,3
17,121,1,1,3
17,121,1,2,11
17,122,1,1,11
17,123,1,1,12
17,123,1,2,10
17,124,1,1,6
17,124,1,2,11
17,125,1,1,5
17,126,1,1,2
17,127,1,1,12
17,128,1,1,1
17,129,1,1,3
17,130,1,1,3
17,130,1,2,10
17,131,1,1,3
17,131,1,2,6
17,132,1,1,1
17,133,1,1,1
17,134,1,1,3
17,135,1,1,5
17,136,1,1,2
17,137,1,1,1
17,138,1,1,13
17,138,1,2,3
17,139,1,1,13
17,139,1,2,3
17,140,1,1,13
17,140,1,2,3
17,141,1,1,13
17,141,1,2,3
17,142,1,1,13
17,142,1,2,10
17,143,1,1,1
17,144,1,1,6
17,144,1,2,10
17,145,1,1,5
17,145,1,2,10
17,146,1,1,2
17,146,1,2,10
17,147,1,1,15
17,148,1,1,15
17,149,1,1,15
17,149,1,2,10
17,150,1,1,11
17,151,1,1,11
17,152,1,1,4
17,153,1,1,4
17,154,1,1,4
17,155,1,1,2
17,156,1,1,2
17,157,1,1,2
17,158,1,1,3
17,159,1,1,3
17,160,1,1,3
17,161,1,1,1
17,162,1,1,1
17,163,1,1,1
17,163,1,2,10
17,164,1,1,1
17,164,1,2,10
17,165,1,1,12
17,165,1,2,10
17,166,1,1,12
17,166,1,2,10
17,167,1,1,12
17,167,1,2,8
17,168,1,1,12
17,168,1,2,8
17,169,1,1,8
17,169,1,2,10
17,170,1,1,3
17,170,1,2,5
17,171,1,1,3
17,171,1,2,5
17,172,1,1,5
17,173,1,1,1
17,174,1,1,1
17,175,1,1,1
17,176,1,1,1
17,176,1,2,10
17,177,1,1,11
17,177,1,2,10
17,178,1,1,11
17,178,1,2,10
17,179,1,1,5
17,180,1,1,5
17,181,1,1,5
17,182,1,1,4
17,183,1,1,3
17,184,1,1,3
17,185,1,1,13
17,186,1,1,3
17,187,1,1,4
17,187,1,2,10
17,188,1,1,4
17,188,1,2,10
17,189,1,1,4
17,189,1,2,10
17,190,1,1,1
17,191,1,1,4
17,192,1,1,4
17,193,1,1,12
17,193,1,2,10
17,194,1,1,3
17,194,1,2,9
17,195,1,1,3
17,195,1,2,9
17,196,1,1,11
17,197,1,1,16
17,198,1,1,16
17,198,1,2,10
17,199,1,1,3
17,199,1,2,11
17,200,1,1,14
17,201,1,1,11
17,201,2,1,11
17,201,3,1,11
17,201,4,1,11
17,201,5,1,11
17,201,6,1,11
17,201,7,1,11
17,201,8,1,11
17,201,9,1,11
17,201,10,1,11
17,201,11,1,11
17,201,12,1,11
17,201,13,1,11
17,201,14,1,11
17,201,15,1,11
17,201,16,1,11
17,201,17,1,11
17,201,18,1,11
17,201,19,1,11
17,201,20,1,11
17,201,21,1,11
17,201,22,1,11
17,201,23,1,11
17,201,24,1,11
17,201,25,1,11
17,201,26,1,11
17,201,27,1,11
17,201,28,1,11
17,202,1,1,11
17,203,1,1,1
17,203,1,2,11
17,204,1,1,12
17,205,1,1,12
17,205,1,2,17
17,206,1,1,1
17,207,1,1,9
17,207,1,2,10
17,208,1,1,17
17,208,1,2,9
17,209,1,1,1
17,210,1,1,1
17,211,1,1,3
17,211,1,2,8
17,212,1,1,12
17,212,1,2,17
17,213,1,1,12
17,213,1,2,13
17,214,1,1,12
17,214,1,2,7
17,215,1,1,16
17,215,1,2,6
17,216,1,1,1
17,217,1,1,1
17,218,1,1,2
17,219,1,1,2
17,219,1,2,13
17,220,1,1,6
17,220,1,2,9
17,221,1,1,6
17,221,1,2,9
17,222,1,1,3
17,222,1,2,13
17,223,1,1,3
17,224,1,1,3
17,225,1,1,6
17,225,1,2,10
17,226,1,1,3
17,226,1,2,10
17,227,1,1,17
17,227,1,2,10
17,228,1,1,16
17,228,1,2,2
17,229,1,1,16
17,229,1,2,2
17,230,1,1,3
17,230,1,2,15
17,231,1,1,9
17,232,1,1,9
17,233,1,1,1
17,234,1,1,1
17,235,1,1,1
17,236,1,1,7
17,237,1,1,7
17,238,1,1,6
17,238,1,2,11
17,239,1,1,5
17,240,1,1,2
17,241,1,1,1
17,242,1,1,1
17,243,1,1,5
17,244,1,1,2
17,245,1,1,3
17,246,1,1,13
17,246,1,2,9
17,247,1,1,13
17,247,1,2,9
17,248,1,1,13
17,248,1,2,16
17,249,1,1,11
17,249,1,2,10
17,250,1,1,2
17,250,1,2,10
17,251,1,1,11
17,251,1,2,4
17,252,1,1,4
17,253,1,1,4
17,254,1,1,4
17,255,1,1,2
17,256,1,1,2
17,256,1,2,7
17,257,1,1,2
17,257,1,2,7
17,258,1,1,3
17,259,1,1,3
17,259,1,2,9
17,260,1,1,3
17,260,1,2,9
17,261,1,1,16
17,262,1,1,16
17,263,1,1,1
17,264,1,1,1
17,265,1,1,12
17,266,1,1,12
17,267,1,1,12
17,267,1,2,10
17,268,1,1,12
17,269,1,1,12
17,269,1,2,8
17,270,1,1,3
17,270,1,2,4
17,271,1,1,3
17,271,1,2,4
17,272,1,1,3
17,272,1,2,4
17,273,1,1,4
17,274,1,1,4
17,274,1,2,16
17,275,1,1,4
17,275,1,2,16
17,276,1,1,1
17,276,1,2,10
17,277,1,1,1
17,277,1,2,10
17,278,1,1,3
17,278,1,2,10
17,279,1,1,3
17,279,1,2,10
17,280,1,1,11
17,281,1,1,11
17,282,1,1,11
17,283,1,1,12
17,283,1,2,3
17,284,1,1,12
17,284,1,2,10
17,285,1,1,4
17,286,1,1,4
17,286,1,2,7
17,287,1,1,1
17,288,1,1,1
17,289,1,1,1
17,290,1,1,12
17,290,1,2,9
17,291,1,1,12
17,291,1,2,10
17,292,1,1,12
17,292,1,2,14
17,293,1,1,1
17,294,1,1,1
17,295,1,1,1
17,296,1,1,7
17,297,1,1,7
17,298,1,1,1
17,299,1,1,13
17,300,1,1,1
17,301,1,1,1
17,302,1,1,16
17,302,1,2,14
17,303,1,1,17
17,304,1,1,17
17,304,1,2,13
17,305,1,1,17
17,305,1,2,13
17,306,1,1,17
17,306,1,2,13
17,307,1,1,7
17,307,1,2,11
17,308,1,1,7
17,308,1,2,11
17,309,1,1,5
17,310,1,1,5
17,311,1,1,5
17,312,1,1,5
17,313,1,1,12
17,314,1,1,12
17,315,1,1,4
17,315,1,2,8
17,316,1,1,8
17,317,1,1,8
17,318,1,1,3
17,318,1,2,16
17,319,1,1,3
17,319,1,2,16
17,320,1,1,3
17,321,1,1,3
17,322,1,1,2
17,322,1,2,9
17,323,1,1,2
17,323,1,2,9
17,324,1,1,2
17,325,1,1,11
17,326,1,1,11
17,327,1,1,1
17,328,1,1,9
17,329,1,1,9
17,329,1,2,15
17,330,1,1,9
17,330,1,2,15
17,331,1,1,4
17,332,1,1,4
17,332,1,2,16
17,333,1,1,1
17,333,1,2,10
17,334,1,1,15
17,334,1,2,10
17,335,1,1,1
17,336,1,1,8
17,337,1,1,13
17,337,1,2,11
17,338,1,1,13
17,338,1,2,11
17,339,1,1,3
17,339,1,2,9
17,340,1,1,3
17,340,1,2,9
17,341,1,1,3
17,342,1,1,3
17,342,1,2,16
17,343,1,1,9
17,343,1,2,11
17,344,1,1,9
17,344,1,2,11
17,345,1,1,13
17,345,1,2,4
17,346,1,1,13
17,346,1,2,4
17,347,1,1,13
17,347,1,2,12
17,348,1,1,13
17,348,1,2,12
17,349,1,1,3
17,350,1,1,3
17,351,1,1,1
17,351,2,1,2
17,351,3,1,3
17,351,4,1,6
17,352,1,1,1
17,353,1,1,14
17,354,1,1,14
17,355,1,1,14
17,356,1,1,14
17,357,1,1,4
17,357,1,2,10
17,358,1,1,11
17,359,1,1,16
17,360,1,1,11
17,361,1,1,6
17,362,1,1,6
17,363,1,1,6
17,363,1,2,3
17,364,1,1,6
17,364,1,2,3
17,365,1,1,6
17,365,1,2,3
17,366,1,1,3
17,367,1,1,3
17,368,1,1,3
17,369,1,1,3
17,369,1,2,13
17,370,1,1,3
17,371,1,1,15
17,372,1,1,15
17,373,1,1,15
17,373,1,2,10
17,374,1,1,17
17,374,1,2,11
17,375,1,1,17
17,375,1,2,11
17,376,1,1,17
17,376,1,2,11
17,377,1,1,13
17,378,1,1,6
17,379,1,1,17
17,380,1,1,15
17,380,1,2,11
17,381,1,1,15
17,381,1,2,11
17,382,1,1,3
17,383,1,1,9
17,384,1,1,15
17,384,1,2,10
17,385,1,1,17
17,385,1,2,11
17,386,1,1,11
17,386,2,1,11
17,386,3,1,11
17,386,4,1,11
17,387,1,1,4
17,388,1,1,4
17,389,1,1,4
17,389,1,2,9
17,390,1,1,2
17,391,1,1,2
17,391,1,2,7
17,392,1,1,2
17,392,1,2,7
17,393,1,1,3
17,394,1,1,3
17,395,1,1,3
17,395,1,2,17
17,396,1,1,1
17,396,1,2,10
17,397,1,1,1
17,397,1,2,10
17,398,1,1,1
17,398,1,2,10
17,399,1,1,1
17,400,1,1,1
17,400,1,2,3
17,401,1,1,12
17,402,1,1,12
17,403,1,1,5
17,404,1,1,5
17,405,1,1,5
17,406,1,1,4
17,406,1,2,8
17,407,1,1,4
17,407,1,2,8
17,408,1,1,13
17,409,1,1,13
17,410,1,1,13
17,410,1,2,17
17,411,1,1,13
17,411,1,2,17
17,412,1,1,12
17,412,2,1,12
17,412,3,1,12
17,413,1,1,12
17,413,1,2,4
17,413,2,1,12
17,413,2,2,9
17,413,3,1,12
17,413,3,2,17
17,414,1,1,12
17,414,1,2,10
17,415,1,1,12
17,415,1,2,10
17,416,1,1,12
17,416,1,2,10
17,417,1,1,5
17,418,1,1,3
17,419,1,1,3
17,420,1,1,4
17,421,1,1,4
17,421,2,1,4
17,422,1,1,3
17,422,2,1,3
17,423,1,1,3
17,423,1,2,9
17,423,2,1,3
17,423,2,2,9
17,424,1,1,1
17,425,1,1,14
17,425,1,2,10
17,426,1,1,14
17,426,1,2,10
17,427,1,1,1
17,428,1,1,1
17,429,1,1,14
17,430,1,1,16
17,430,1,2,10
17,431,1,1,1
17,432,1,1,1
17,433,1,1,11
17,434,1,1,8
17,434,1,2,16
17,435,1,1,8
17,435,1,2,16
17,436,1,1,17
17,436,1,2,11
17,437,1,1,17
17,437,1,2,11
17,438,1,1,13
17,439,1,1,11
17,440,1,1,1
17,441,1,1,1
17,441,1,2,10
17,442,1,1,14
17,442,1,2,16
17,443,1,1,15
17,443,1,2,9
17,444,1,1,15
17,444,1,2,9
17,445,1,1,15
17,445,1,2,9
17,446,1,1,1
17,447,1,1,7
17,448,1,1,7
17,448,1,2,17
17,449,1,1,9
17,450,1,1,9
17,451,1,1,8
17,451,1,2,12
17,452,1,1,8
17,452,1,2,16
17,453,1,1,8
17,453,1,2,7
17,454,1,1,8
17,454,1,2,7
17,455,1,1,4
17,456,1,1,3
17,457,1,1,3
17,458,1,1,3
17,458,1,2,10
17,459,1,1,4
17,459,1,2,6
17,460,1,1,4
17,460,1,2,6
17,461,1,1,16
17,461,1,2,6
17,462,1,1,5
17,462,1,2,17
17,463,1,1,1
17,464,1,1,9
17,464,1,2,13
17,465,1,1,4
17,466,1,1,5
17,467,1,1,2
17,468,1,1,1
17,468,1,2,10
17,469,1,1,12
17,469,1,2,10
17,470,1,1,4
17,471,1,1,6
17,472,1,1,9
17,472,1,2,10
17,473,1,1,6
17,473,1,2,9
17,474,1,1,1
17,475,1,1,11
17,475,1,2,7
17,476,1,1,13
17,476,1,2,17
17,477,1,1,14
17,478,1,1,6
17,478,1,2,14
17,479,1,1,5
17,479,1,2,14
17,479,2,1,5
17,479,2,2,2
17,479,3,1,5
17,479,3,2,3
17,479,4,1,5
17,479,4,2,6
17,479,5,1,5
17,479,5,2,10
17,479,6,1,5
17,479,6,2,4
17,480,1,1,11
17,481,1,1,11
17,482,1,1,11
17,483,1,1,17
17,483,1,2,15
17,484,1,1,3
17,484,1,2,15
17,485,1,1,2
17,485,1,2,17
17,486,1,1,1
17,487,1,1,14
17,487,1,2,15
17,487,2,1,14
17,487,2,2,15
17,488,1,1,11
17,489,1,1,3
17,490,1,1,3
17,491,1,1,16
17,492,1,1,4
17,492,2,1,4
17,492,2,2,10
17,493,1,1,1
17,493,2,1,2
17,493,3,1,3
17,493,4,1,4
17,493,5,1,5
17,493,6,1,6
17,493,7,1,7
17,493,8,1,8
17,493,9,1,9
17,493,10,1,10
17,493,11,1,11
17,493,12,1,12
17,493,13,1,13
17,493,14,1,14
17,493,15,1,15
17,493,16,1,16
17,493,17,1,17
17,494,1,1,11
17,494,1,2,2
17,495,1,1,4
17,496,1,1,4
17,497,1,1,4
17,498,1,1,2
17,499,1,1,2
17,499,1,2,7
17,500,1,1,2
17,500,1,2,7
17,501,1,1,3
17,502,1,1,3
17,503,1,1,3
17,504,1,1,1
17,505,1,1,1
17,506,1,1,1
17,507,1,1,1
17,508,1,1,1
17,509,1,1,16
17,510,1,1,16
17,511,1,1,4
17,512,1,1,4
17,513,1,1,2
17,514,1,1,2
17,515,1,1,3
17,516,1,1,3
17,517,1,1,11
17,518,1,1,11
17,519,1,1,1
17,519,1,2,10
17,520,1,1,1
17,520,1,2,10
17,521,1,1,1
17,521,1,2,10
17,522,1,1,5
17,523,1,1,5
17,524,1,1,13
17,525,1,1,13
17,526,1,1,13
17,527,1,1,11
17,527,1,2,10
17,528,1,1,11
17,528,1,2,10
17,529,1,1,9
17,530,1,1,9
17,530,1,2,17
17,531,1,1,1
17,532,1,1,7
17,533,1,1,7
17,534,1,1,7
17,535,1,1,3
17,536,1,1,3
17,536,1,2,9
17,537,1,1,3
17,537,1,2,9
17,538,1,1,7
17,539,1,1,7
17,540,1,1,12
17,540,1,2,4
17,541,1,1,12
17,541,1,2,4
17,542,1,1,12
17,542,1,2,4
17,543,1,1,12
17,543,1,2,8
17,544,1,1,12
17,544,1,2,8
17,545,1,1,12
17,545,1,2,8
17,546,1,1,4
17,547,1,1,4
17,548,1,1,4
17,549,1,1,4
17,550,1,1,3
17,550,2,1,3
17,551,1,1,9
17,551,1,2,16
17,552,1,1,9
17,552,1,2,16
17,553,1,1,9
17,553,1,2,16
17,554,1,1,2
17,555,1,1,2
17,555,2,1,2
17,555,2,2,11
17,556,1,1,4
17,557,1,1,12
17,557,1,2,13
17,558,1,1,12
17,558,1,2,13
17,559,1,1,16
17,559,1,2,7
17,560,1,1,16
17,560,1,2,7
17,561,1,1,11
17,561,1,2,10
17,562,1,1,14
17,563,1,1,14
17,564,1,1,3
17,564,1,2,13
17,565,1,1,3
17,565,1,2,13
17,566,1,1,13
17,566,1,2,10
17,567,1,1,13
17,567,1,2,10
17,568,1,1,8
17,569,1,1,8
17,570,1,1,16
17,571,1,1,16
17,572,1,1,1
17,573,1,1,1
17,574,1,1,11
17,575,1,1,11
17,576,1,1,11
17,577,1,1,11
17,578,1,1,11
17,579,1,1,11
17,580,1,1,3
17,580,1,2,10
17,581,1,1,3
17,581,1,2,10
17,582,1,1,6
17,583,1,1,6
17,584,1,1,6
17,585,1,1,1
17,585,1,2,4
17,585,2,1,1
17,585,2,2,4
17,585,3,1,1
17,585,3,2,4
17,585,4,1,1
17,585,4,2,4
17,586,1,1,1
17,586,1,2,4
17,586,2,1,1
17,586,2,2,4
17,586,3,1,1
17,586,3,2,4
17,586,4,1,1
17,586,4,2,4
17,587,1,1,5
17,587,1,2,10
17,588,1,1,12
17,589,1,1,12
17,589,1,2,17
17,590,1,1,4
17,590,1,2,8
17,591,1,1,4
17,591,1,2,8
17,592,1,1,3
17,592,1,2,14
17,593,1,1,3
17,593,1,2,14
17,594,1,1,3
17,595,1,1,12
17,595,1,2,5
17,596,1,1,12
17,596,1,2,5
17,597,1,1,4
17,597,1,2,17
17,598,1,1,4
17,598,1,2,17
17,599,1,1,17
17,600,1,1,17
17,601,1,1,17
17,602,1,1,5
17,603,1,1,5
17,604,1,1,5
17,605,1,1,11
17,606,1,1,11
17,607,1,1,14
17,607,1,2,2
17,608,1,1,14
17,608,1,2,2
17,609,1,1,14
17,609,1,2,2
17,610,1,1,15
17,611,1,1,15
17,612,1,1,15
17,613,1,1,6
17,614,1,1,6
17,615,1,1,6
17,616,1,1,12
17,617,1,1,12
17,618,1,1,9
17,618,1,2,5
17,619,1,1,7
17,620,1,1,7
17,621,1,1,15
17,622,1,1,9
17,622,1,2,14
17,623,1,1,9
17,623,1,2,14
17,624,1,1,16
17,624,1,2,17
17,625,1,1,16
17,625,1,2,17
17,626,1,1,1
17,627,1,1,1
17,627,1,2,10
17,628,1,1,1
17,628,1,2,10
17,629,1,1,16
17,629,1,2,10
17,630,1,1,16
17,630,1,2,10
17,631,1,1,2
17,632,1,1,12
17,632,1,2,17
17,633,1,1,16
17,633,1,2,15
17,634,1,1,16
17,634,1,2,15
17,635,1,1,16
17,635,1,2,15
17,636,1,1,12
17,636,1,2,2
17,637,1,1,12
17,637,1,2,2
17,638,1,1,17
17,638,1,2,7
17,639,1,1,13
17,639,1,2,7
17,640,1,1,4
17,640,1,2,7
17,641,1,1,10
17,642,1,1,5
17,642,1,2,10
17,643,1,1,15
17,643,1,2,2
17,644,1,1,15
17,644,1,2,5
17,645,1,1,9
17,645,1,2,10
17,646,1,1,15
17,646,1,2,6
17,647,1,1,3
17,647,1,2,7
17,648,1,1,1
17,648,1,2,11
17,648,2,1,1
17,648,2,2,7
17,649,1,1,12
17,649,1,2,17
17,649,2,1,12
17,649,2,2,17
17,649,3,1,12
17,649,3,2,17
17,649,4,1,12
17,649,4,2,17
17,649,5,1,12
17,649,5,2,17
18,1,1,1,4
18,1,1,2,8
18,2,1,1,4
18,2,1,2,8
18,3,1,1,4
18,3,1,2,8
18,4,1,1,2
18,5,1,1,2
18,6,1,1,2
18,6,1,2,10
18,7,1,1,3
18,8,1,1,3
18,9,1,1,3
18,10,1,1,12
18,11,1,1,12
18,12,1,1,12
18,12,1,2,10
18,13,1,1,12
18,13,1,2,8
18,14,1,1,12
18,14,1,2,8
18,15,1,1,12
18,15,1,2,8
18,16,1,1,1
18,16,1,2,10
18,17,1,1,1
18,17,1,2,10
18,18,1,1,1
18,18,1,2,10
18,19,1,1,1
18,20,1,1,1
18,21,1,1,1
18,21,1,2,10
18,22,1,1,1
18,22,1,2,10
18,23,1,1,8
18,24,1,1,8
18,25,1,1,5
18,26,1,1,5
18,27,1,1,9
18,28,1,1,9
18,29,1,1,8
18,30,1,1,8
18,31,1,1,8
18,31,1,2,9
18,32,1,1,8
18,33,1,1,8
18,34,1,1,8
18,34,1,2,9
18,35,1,1,1
18,36,1,1,1
18,37,1,1,2
18,38,1,1,2
18,39,1,1,1
18,40,1,1,1
18,41,1,1,8
18,41,1,2,10
18,42,1,1,8
18,42,1,2,10
18,43,1,1,4
18,43,1,2,8
18,44,1,1,4
18,44,1,2,8
18,45,1,1,4
18,45,1,2,8
18,46,1,1,12
18,46,1,2,4
18,47,1,1,12
18,47,1,2,4
18,48,1,1,12
18,48,1,2,8
18,49,1,1,12
18,49,1,2,8
18,50,1,1,9
18,51,1,1,9
18,52,1,1,1
18,53,1,1,1
18,54,1,1,3
18,55,1,1,3
18,56,1,1,7
18,57,1,1,7
18,58,1,1,2
18,59,1,1,2
18,60,1,1,3
18,61,1,1,3
18,62,1,1,3
18,62,1,2,7
18,63,1,1,11
18,64,1,1,11
18,65,1,1,11
18,66,1,1,7
18,67,1,1,7
18,68,1,1,7
18,69,1,1,4
18,69,1,2,8
18,70,1,1,4
18,70,1,2,8
18,71,1,1,4
18,71,1,2,8
18,72,1,1,3
18,72,1,2,8
18,73,1,1,3
18,73,1,2,8
18,74,1,1,13
18,74,1,2,9
18,75,1,1,13
18,75,1,2,9
18,76,1,1,13
18,76,1,2,9
18,77,1,1,2
18,78,1,1,2
18,79,1,1,3
18,79,1,2,11
18,80,1,1,3
18,80,1,2,11
18,81,1,1,5
18,81,1,2,17
18,82,1,1,5
18,82,1,2,17
18,83,1,1,1
18,83,1,2,10
18,84,1,1,1
18,84,1,2,10
18,85,1,1,1
18,85,1,2,10
18,86,1,1,3
18,87,1,1,3
18,87,1,2,6
18,88,1,1,8
18,89,1,1,8
18,90,1,1,3
18,91,1,1,3
18,91,1,2,6
18,92,1,1,14
18,92,1,2,8
18,93,1,1,14
18,93,1,2,8
18,94,1,1,14
18,94,1,2,8
18,95,1,1,13
18,95,1,2,9
18,96,1,1,11
18,97,1,1,11
18,98,1,1,3
18,99,1,1,3
18,100,1,1,5
18,101,1,1,5
18,102,1,1,4
18,102,1,2,11
18,103,1,1,4
18,103,1,2,11
18,104,1,1,9
18,105,1,1,9
18,106,1,1,7
18,107,1,1,7
18,108,1,1,1
18,109,1,1,8
18,110,1,1,8
18,111,1,1,9
18,111,1,2,13
18,112,1,1,9
18,112,1,2,13
18,113,1,1,1
18,114,1,1,4
18,115,1,1,1
18,116,1,1,3
18,117,1,1,3
18,118,1,1,3
18,119,1,1,3
18,120,1,1,3
18,121,1,1,3
18,121,1,2,11
18,122,1,1,11
18,123,1,1,12
18,123,1,2,10
18,124,1,1,6
18,124,1,2,11
18,125,1,1,5
18,126,1,1,2
18,127,1,1,12
18,128,1,1,1
18,129,1,1,3
18,130,1,1,3
18,130,1,2,10
18,131,1,1,3
18,131,1,2,6
18,132,1,1,1
18,133,1,1,1
18,134,1,1,3
18,135,1,1,5
18,136,1,1,2
18,137,1,1,1
18,138,1,1,13
18,138,1,2,3
18,139,1,1,13
18,139,1,2,3
18,140,1,1,13
18,140,1,2,3
18,141,1,1,13
18,141,1,2,3
18,142,1,1,13
18,142,1,2,10
18,143,1,1,1
18,144,1,1,6
18,144,1,2,10
18,145,1,1,5
18,145,1,2,10
18,146,1,1,2
18,146,1,2,10
18,147,1,1,15
18,148,1,1,15
18,149,1,1,15
18,149,1,2,10
18,150,1,1,11
18,151,1,1,11
18,152,1,1,4
18,153,1,1,4
18,154,1,1,4
18,155,1,1,2
18,156,1,1,2
18,157,1,1,2
18,158,1,1,3
18,159,1,1,3
18,160,1,1,3
18,161,1,1,1
18,162,1,1,1
18,163,1,1,1
18,163,1,2,10
18,164,1,1,1
18,164,1,2,10
18,165,1,1,12
18,165,1,2,10
18,166,1,1,12
18,166,1,2,10
18,167,1,1,12
18,167,1,2,8
18,168,1,1,12
18,168,1,2,8
18,169,1,1,8
18,169,1,2,10
18,170,1,1,3
18,170,1,2,5
18,171,1,1,3
18,171,1,2,5
18,172,1,1,5
18,173,1,1,1
18,174,1,1,1
18,175,1,1,1
18,176,1,1,1
18,176,1,2,10
18,177,1,1,11
18,177,1,2,10
18,178,1,1,11
18,178,1,2,10
18,179,1,1,5
18,180,1,1,5
18,181,1,1,5
18,182,1,1,4
18,183,1,1,3
18,184,1,1,3
18,185,1,1,13
18,186,1,1,3
18,187,1,1,4
18,187,1,2,10
18,188,1,1,4
18,188,1,2,10
18,189,1,1,4
18,189,1,2,10
18,190,1,1,1
18,191,1,1,4
18,192,1,1,4
18,193,1,1,12
18,193,1,2,10
18,194,1,1,3
18,194,1,2,9
18,195,1,1,3
18,195,1,2,9
18,196,1,1,11
18,197,1,1,16
18,198,1,1,16
18,198,1,2,10
18,199,1,1,3
18,199,1,2,11
18,200,1,1,14
18,201,1,1,11
18,201,2,1,11
18,201,3,1,11
18,201,4,1,11
18,201,5,1,11
18,201,6,1,11
18,201,7,1,11
18,201,8,1,11
18,201,9,1,11
18,201,10,1,11
18,201,11,1,11
18,201,12,1,11
18,201,13,1,11
18,201,14,1,11
18,201,15,1,11
18,201,16,1,11
18,201,17,1,11
18,201,18,1,11
18,201,19,1,11
18,201,20,1,11
18,201,21,1,11
18,201,22,1,11
18,201,23,1,11
18,201,24,1,11
18,201,25,1,11
18,201,26,1,11
18,201,27,1,11
18,201,28,1,11
18,202,1,1,11
18,203,1,1,1
18,203,1,2,11
18,204,1,1,12
18,205,1,1,12
18,205,1,2,17
18,206,1,1,1
18,207,1,1,9
18,207,1,2,10
18,208,1,1,17
18,208,1,2,9
18,209,1,1,1
18,210,1,1,1
18,211,1,1,3
18,211,1,2,8
18,212,1,1,12
18,212,1,2,17
18,213,1,1,12
18,213,1,2,13
18,214,1,1,12
18,214,1,2,7
18,215,1,1,16
18,215,1,2,6
18,216,1,1,1
18,217,1,1,1
18,218,1,1,2
18,219,1,1,2
18,219,1,2,13
18,220,1,1,6
18,220,1,2,9
18,221,1,1,6
18,221,1,2,9
18,222,1,1,3
18,222,1,2,13
18,223,1,1,3
18,224,1,1,3
18,225,1,1,6
18,225,1,2,10
18,226,1,1,3
18,226,1,2,10
18,227,1,1,17
18,227,1,2,10
18,228,1,1,16
18,228,1,2,2
18,229,1,1,16
18,229,1,2,2
18,230,1,1,3
18,230,1,2,15
18,231,1,1,9
18,232,1,1,9
18,233,1,1,1
18,234,1,1,1
18,235,1,1,1
18,236,1,1,7
18,237,1,1,7
18,238,1,1,6
18,238,1,2,11
18,239,1,1,5
18,240,1,1,2
18,241,1,1,1
18,242,1,1,1
18,243,1,1,5
18,244,1,1,2
18,245,1,1,3
18,246,1,1,13
18,246,1,2,9
18,247,1,1,13
18,247,1,2,9
18,248,1,1,13
18,248,1,2,16
18,249,1,1,11
18,249,1,2,10
18,250,1,1,2
18,250,1,2,10
18,251,1,1,11
18,251,1,2,4
18,252,1,1,4
18,253,1,1,4
18,254,1,1,4
18,255,1,1,2
18,256,1,1,2
18,256,1,2,7
18,257,1,1,2
18,257,1,2,7
18,258,1,1,3
18,259,1,1,3
18,259,1,2,9
18,260,1,1,3
18,260,1,2,9
18,261,1,1,16
18,262,1,1,16
18,263,1,1,1
18,264,1,1,1
18,265,1,1,12
18,266,1,1,12
18,267,1,1,12
18,267,1,2,10
18,268,1,1,12
18,269,1,1,12
18,269,1,2,8
18,270,1,1,3
18,270,1,2,4
18,271,1,1,3
18,271,1,2,4
18,272,1,1,3
18,272,1,2,4
18,273,1,1,4
18,274,1,1,4
18,274,1,2,16
18,275,1,1,4
18,275,1,2,16
18,276,1,1,1
18,276,1,2,10
18,277,1,1,1
18,277,1,2,10
18,278,1,1,3
18,278,1,2,10
18,279,1,1,3
18,279,1,2,10
18,280,1,1,11
18,281,1,1,11
18,282,1,1,11
18,283,1,1,12
18,283,1,2,3
18,284,1,1,12
18,284,1,2,10
18,285,1,1,4
18,286,1,1,4
18,286,1,2,7
18,287,1,1,1
18,288,1,1,1
18,289,1,1,1
18,290,1,1,12
18,290,1,2,9
18,291,1,1,12
18,291,1,2,10
18,292,1,1,12
18,292,1,2,14
18,293,1,1,1
18,294,1,1,1
18,295,1,1,1
18,296,1,1,7
18,297,1,1,7
18,298,1,1,1
18,299,1,1,13
18,300,1,1,1
18,301,1,1,1
18,302,1,1,16
18,302,1,2,14
18,303,1,1,17
18,304,1,1,17
18,304,1,2,13
18,305,1,1,17
18,305,1,2,13
18,306,1,1,17
18,306,1,2,13
18,307,1,1,7
18,307,1,2,11
18,308,1,1,7
18,308,1,2,11
18,309,1,1,5
18,310,1,1,5
18,311,1,1,5
18,312,1,1,5
18,313,1,1,12
18,314,1,1,12
18,315,1,1,4
18,315,1,2,8
18,316,1,1,8
18,317,1,1,8
18,318,1,1,3
18,318,1,2,16
18,319,1,1,3
18,319,1,2,16
18,320,1,1,3
18,321,1,1,3
18,322,1,1,2
18,322,1,2,9
18,323,1,1,2
18,323,1,2,9
18,324,1,1,2
18,325,1,1,11
18,326,1,1,11
18,327,1,1,1
18,328,1,1,9
18,329,1,1,9
18,329,1,2,15
18,330,1,1,9
18,330,1,2,15
18,331,1,1,4
18,332,1,1,4
18,332,1,2,16
18,333,1,1,1
18,333,1,2,10
18,334,1,1,15
18,334,1,2,10
18,335,1,1,1
18,336,1,1,8
18,337,1,1,13
18,337,1,2,11
18,338,1,1,13
18,338,1,2,11
18,339,1,1,3
18,339,1,2,9
18,340,1,1,3
18,340,1,2,9
18,341,1,1,3
18,342,1,1,3
18,342,1,2,16
18,343,1,1,9
18,343,1,2,11
18,344,1,1,9
18,344,1,2,11
18,345,1,1,13
18,345,1,2,4
18,346,1,1,13
18,346,1,2,4
18,347,1,1,13
18,347,1,2,12
18,348,1,1,13
18,348,1,2,12
18,349,1,1,3
18,350,1,1,3
18,351,1,1,1
18,351,2,1,2
18,351,3,1,3
18,351,4,1,6
18,352,1,1,1
18,353,1,1,14
18,354,1,1,14
18,355,1,1,14
18,356,1,1,14
18,357,1,1,4
18,357,1,2,10
18,358,1,1,11
18,359,1,1,16
18,360,1,1,11
18,361,1,1,6
18,362,1,1,6
18,363,1,1,6
18,363,1,2,3
18,364,1,1,6
18,364,1,2,3
18,365,1,1,6
18,365,1,2,3
18,366,1,1,3
18,367,1,1,3
18,368,1,1,3
18,369,1,1,3
18,369,1,2,13
18,370,1,1,3
18,371,1,1,15
18,372,1,1,15
18,373,1,1,15
18,373,1,2,10
18,374,1,1,17
18,374,1,2,11
18,375,1,1,17
18,375,1,2,11
18,376,1,1,17
18,376,1,2,11
18,377,1,1,13
18,378,1,1,6
18,379,1,1,17
18,380,1,1,15
18,380,1,2,11
18,381,1,1,15
18,381,1,2,11
18,382,1,1,3
18,383,1,1,9
18,384,1,1,15
18,384,1,2,10
18,385,1,1,17
18,385,1,2,11
18,386,1,1,11
18,386,2,1,11
18,386,3,1,11
18,386,4,1,11
18,387,1,1,4
18,388,1,1,4
18,389,1,1,4
18,389,1,2,9
18,390,1,1,2
18,391,1,1,2
18,391,1,2,7
18,392,1,1,2
18,392,1,2,7
18,393,1,1,3
18,394,1,1,3
18,395,1,1,3
18,395,1,2,17
18,396,1,1,1
18,396,1,2,10
18,397,1,1,1
18,397,1,2,10
18,398,1,1,1
18,398,1,2,10
18,399,1,1,1
18,400,1,1,1
18,400,1,2,3
18,401,1,1,12
18,402,1,1,12
18,403,1,1,5
18,404,1,1,5
18,405,1,1,5
18,406,1,1,4
18,406,1,2,8
18,407,1,1,4
18,407,1,2,8
18,408,1,1,13
18,409,1,1,13
18,410,1,1,13
18,410,1,2,17
18,411,1,1,13
18,411,1,2,17
18,412,1,1,12
18,412,2,1,12
18,412,3,1,12
18,413,1,1,12
18,413,1,2,4
18,413,2,1,12
18,413,2,2,9
18,413,3,1,12
18,413,3,2,17
18,414,1,1,12
18,414,1,2,10
18,415,1,1,12
18,415,1,2,10
18,416,1,1,12
18,416,1,2,10
18,417,1,1,5
18,418,1,1,3
18,419,1,1,3
18,420,1,1,4
18,421,1,1,4
18,421,2,1,4
18,422,1,1,3
18,422,2,1,3
18,423,1,1,3
18,423,1,2,9
18,423,2,1,3
18,423,2,2,9
18,424,1,1,1
18,425,1,1,14
18,425,1,2,10
18,426,1,1,14
18,426,1,2,10
18,427,1,1,1
18,428,1,1,1
18,429,1,1,14
18,430,1,1,16
18,430,1,2,10
18,431,1,1,1
18,432,1,1,1
18,433,1,1,11
18,434,1,1,8
18,434,1,2,16
18,435,1,1,8
18,435,1,2,16
18,436,1,1,17
18,436,1,2,11
18,437,1,1,17
18,437,1,2,11
18,438,1,1,13
18,439,1,1,11
18,440,1,1,1
18,441,1,1,1
18,441,1,2,10
18,442,1,1,14
18,442,1,2,16
18,443,1,1,15
18,443,1,2,9
18,444,1,1,15
18,444,1,2,9
18,445,1,1,15
18,445,1,2,9
18,446,1,1,1
18,447,1,1,7
18,448,1,1,7
18,448,1,2,17
18,449,1,1,9
18,450,1,1,9
18,451,1,1,8
18,451,1,2,12
18,452,1,1,8
18,452,1,2,16
18,453,1,1,8
18,453,1,2,7
18,454,1,1,8
18,454,1,2,7
18,455,1,1,4
18,456,1,1,3
18,457,1,1,3
18,458,1,1,3
18,458,1,2,10
18,459,1,1,4
18,459,1,2,6
18,460,1,1,4
18,460,1,2,6
18,461,1,1,16
18,461,1,2,6
18,462,1,1,5
18,462,1,2,17
18,463,1,1,1
18,464,1,1,9
18,464,1,2,13
18,465,1,1,4
18,466,1,1,5
18,467,1,1,2
18,468,1,1,1
18,468,1,2,10
18,469,1,1,12
18,469,1,2,10
18,470,1,1,4
18,471,1,1,6
18,472,1,1,9
18,472,1,2,10
18,473,1,1,6
18,473,1,2,9
18,474,1,1,1
18,475,1,1,11
18,475,1,2,7
18,476,1,1,13
18,476,1,2,17
18,477,1,1,14
18,478,1,1,6
18,478,1,2,14
18,479,1,1,5
18,479,1,2,14
18,479,2,1,5
18,479,2,2,2
18,479,3,1,5
18,479,3,2,3
18,479,4,1,5
18,479,4,2,6
18,479,5,1,5
18,479,5,2,10
18,479,6,1,5
18,479,6,2,4
18,480,1,1,11
18,481,1,1,11
18,482,1,1,11
18,483,1,1,17
18,483,1,2,15
18,484,1,1,3
18,484,1,2,15
18,485,1,1,2
18,485,1,2,17
18,486,1,1,1
18,487,1,1,14
18,487,1,2,15
18,487,2,1,14
18,487,2,2,15
18,488,1,1,11
18,489,1,1,3
18,490,1,1,3
18,491,1,1,16
18,492,1,1,4
18,492,2,1,4
18,492,2,2,10
18,493,1,1,1
18,493,2,1,2
18,493,3,1,3
18,493,4,1,4
18,493,5,1,5
18,493,6,1,6
18,493,7,1,7
18,493,8,1,8
18,493,9,1,9
18,493,10,1,10
18,493,11,1,11
18,493,12,1,12
18,493,13,1,13
18,493,14,1,14
18,493,15,1,15
18,493,16,1,16
18,493,17,1,17
18,494,1,1,11
18,494,1,2,2
18,495,1,1,4
18,496,1,1,4
18,497,1,1,4
18,498,1,1,2
18,499,1,1,2
18,499,1,2,7
18,500,1,1,2
18,500,1,2,7
18,501,1,1,3
18,502,1,1,3
18,503,1,1,3
18,504,1,1,1
18,505,1,1,1
18,506,1,1,1
18,507,1,1,1
18,508,1,1,1
18,509,1,1,16
18,510,1,1,16
18,511,1,1,4
18,512,1,1,4
18,513,1,1,2
18,514,1,1,2
18,515,1,1,3
18,516,1,1,3
18,517,1,1,11
18,518,1,1,11
18,519,1,1,1
18,519,1,2,10
18,520,1,1,1
18,520,1,2,10
18,521,1,1,1
18,521,1,2,10
18,522,1,1,5
18,523,1,1,5
18,524,1,1,13
18,525,1,1,13
18,526,1,1,13
18,527,1,1,11
18,527,1,2,10
18,528,1,1,11
18,528,1,2,10
18,529,1,1,9
18,530,1,1,9
18,530,1,2,17
18,531,1,1,1
18,532,1,1,7
18,533,1,1,7
18,534,1,1,7
18,535,1,1,3
18,536,1,1,3
18,536,1,2,9
18,537,1,1,3
18,537,1,2,9
18,538,1,1,7
18,539,1,1,7
18,540,1,1,12
18,540,1,2,4
18,541,1,1,12
18,541,1,2,4
18,542,1,1,12
18,542,1,2,4
18,543,1,1,12
18,543,1,2,8
18,544,1,1,12
18,544,1,2,8
18,545,1,1,12
18,545,1,2,8
18,546,1,1,4
18,547,1,1,4
18,548,1,1,4
18,549,1,1,4
18,550,1,1,3
18,550,2,1,3
18,551,1,1,9
18,551,1,2,16
18,552,1,1,9
18,552,1,2,16
18,553,1,1,9
18,553,1,2,16
18,554,1,1,2
18,555,1,1,2
18,555,2,1,2
18,555,2,2,11
18,556,1,1,4
18,557,1,1,12
18,557,1,2,13
18,558,1,1,12
18,558,1,2,13
18,559,1,1,16
18,559,1,2,7
18,560,1,1,16
18,560,1,2,7
18,561,1,1,11
18,561,1,2,10
18,562,1,1,14
18,563,1,1,14
18,564,1,1,3
18,564,1,2,13
18,565,1,1,3
18,565,1,2,13
18,566,1,1,13
18,566,1,2,10
18,567,1,1,13
18,567,1,2,10
18,568,1,1,8
18,569,1,1,8
18,570,1,1,16
18,571,1,1,16
18,572,1,1,1
18,573,1,1,1
18,574,1,1,11
18,575,1,1,11
18,576,1,1,11
18,577,1,1,11
18,578,1,1,11
18,579,1,1,11
18,580,1,1,3
18,580,1,2,10
18,581,1,1,3
18,581,1,2,10
18,582,1,1,6
18,583,1,1,6
18,584,1,1,6
18,585,1,1,1
18,585,1,2,4
18,585,2,1,1
18,585,2,2,4
18,585,3,1,1
18,585,3,2,4
18,585,4,1,1
18,585,4,2,4
18,586,1,1,1
18,586,1,2,4
18,586,2,1,1
18,586,2,2,4
18,586,3,1,1
18,586,3,2,4
18,586,4,1,1
18,586,4,2,4
18,587,1,1,5
18,587,1,2,10
18,588,1,1,12
18,589,1,1,12
18,589,1,2,17
18,590,1,1,4
18,590,1,2,8
18,591,1,1,4
18,591,1,2,8
18,592,1,1,3
18,592,1,2,14
18,593,1,1,3
18,593,1,2,14
18,594,1,1,3
18,595,1,1,12
18,595,1,2,5
18,596,1,1,12
18,596,1,2,5
18,597,1,1,4
18,597,1,2,17
18,598,1,1,4
18,598,1,2,17
18,599,1,1,17
18,600,1,1,17
18,601,1,1,17
18,602,1,1,5
18,603,1,1,5
18,604,1,1,5
18,605,1,1,11
18,606,1,1,11
18,607,1,1,14
18,607,1,2,2
18,608,1,1,14
18,608,1,2,2
18,609,1,1,14
18,609,1,2,2
18,610,1,1,15
18,611,1,1,15
18,612,1,1,15
18,613,1,1,6
18,614,1,1,6
18,615,1,1,6
18,616,1,1,12
18,617,1,1,12
18,618,1,1,9
18,618,1,2,5
18,619,1,1,7
18,620,1,1,7
18,621,1,1,15
18,622,1,1,9
18,622,1,2,14
18,623,1,1,9
18,623,1,2,14
18,624,1,1,16
18,624,1,2,17
18,625,1,1,16
18,625,1,2,17
18,626,1,1,1
18,627,1,1,1
18,627,1,2,10
18,628,1,1,1
18,628,1,2,10
18,629,1,1,16
18,629,1,2,10
18,630,1,1,16
18,630,1,2,10
18,631,1,1,2
18,632,1,1,12
18,632,1,2,17
18,633,1,1,16
18,633,1,2,15
18,634,1,1,16
18,634,1,2,15
18,635,1,1,16
18,635,1,2,15
18,636,1,1,12
18,636,1,2,2
18,637,1,1,12
18,637,1,2,2
18,638,1,1,17
18,638,1,2,7
18,639,1,1,13
18,639,1,2,7
18,640,1,1,4
18,640,1,2,7
18,641,1,1,10
18,642,1,1,5
18,642,1,2,10
18,643,1,1,15
18,643,1,2,2
18,644,1,1,15
18,644,1,2,5
18,645,1,1,9
18,645,1,2,10
18,646,1,1,15
18,646,1,2,6
18,647,1,1,3
18,647,1,2,7
18,648,1,1,1
18,648,1,2,11
18,648,2,1,1
18,648,2,2,7
18,649,1,1,12
18,649,1,2,17
18,649,2,1,12
18,649,2,2,17
18,649,3,1,12
18,649,3,2,17
18,649,4,1,12
18,649,4,2,17
18,649,5,1,12
18,649,5,2,17
19,1,1,1,4
19,1,1,2,8
19,2,1,1,4
19,2,1,2,8
19,3,1,1,4
19,3,1,2,8
19,4,1,1,2
19,5,1,1,2
19,6,1,1,2
19,6,1,2,10
19,7,1,1,3
19,8,1,1,3
19,9,1,1,3
19,10,1,1,12
19,11,1,1,12
19,12,1,1,12
19,12,1,2,10
19,13,1,1,12
19,13,1,2,8
19,14,1,1,12
19,14,1,2,8
19,15,1,1,12
19,15,1,2,8
19,16,1,1,1
19,16,1,2,10
19,17,1,1,1
19,17,1,2,10
19,18,1,1,1
19,18,1,2,10
19,19,1,1,1
19,20,1,1,1
19,21,1,1,1
19,21,1,2,10
19,22,1,1,1
19,22,1,2,10
19,23,1,1,8
19,24,1,1,8
19,25,1,1,5
19,26,1,1,5
19,27,1,1,9
19,28,1,1,9
19,29,1,1,8
19,30,1,1,8
19,31,1,1,8
19,31,1,2,9
19,32,1,1,8
19,33,1,1,8
19,34,1,1,8
19,34,1,2,9
19,35,1,1,1
19,36,1,1,1
19,37,1,1,2
19,38,1,1,2
19,39,1,1,1
19,40,1,1,1
19,41,1,1,8
19,41,1,2,10
19,42,1,1,8
19,42,1,2,10
19,43,1,1,4
19,43,1,2,8
19,44,1,1,4
19,44,1,2,8
19,45,1,1,4
19,45,1,2,8
19,46,1,1,12
19,46,1,2,4
19,47,1,1,12
19,47,1,2,4
19,48,1,1,12
19,48,1,2,8
19,49,1,1,12
19,49,1,2,8
19,50,1,1,9
19,51,1,1,9
19,52,1,1,1
19,53,1,1,1
19,54,1,1,3
19,55,1,1,3
19,56,1,1,7
19,57,1,1,7
19,58,1,1,2
19,59,1,1,2
19,60,1,1,3
19,61,1,1,3
19,62,1,1,3
19,62,1,2,7
19,63,1,1,11
19,64,1,1,11
19,65,1,1,11
19,66,1,1,7
19,67,1,1,7
19,68,1,1,7
19,69,1,1,4
19,69,1,2,8
19,70,1,1,4
19,70,1,2,8
19,71,1,1,4
19,71,1,2,8
19,72,1,1,3
19,72,1,2,8
19,73,1,1,3
19,73,1,2,8
19,74,1,1,13
19,74,1,2,9
19,75,1,1,13
19,75,1,2,9
19,76,1,1,13
19,76,1,2,9
19,77,1,1,2
19,78,1,1,2
19,79,1,1,3
19,79,1,2,11
19,80,1,1,3
19,80,1,2,11
19,81,1,1,5
19,81,1,2,17
19,82,1,1,5
19,82,1,2,17
19,83,1,1,1
19,83,1,2,10
19,84,1,1,1
19,84,1,2,10
19,85,1,1,1
19,85,1,2,10
19,86,1,1,3
19,87,1,1,3
19,87,1,2,6
19,88,1,1,8
19,89,1,1,8
19,90,1,1,3
19,91,1,1,3
19,91,1,2,6
19,92,1,1,14
19,92,1,2,8
19,93,1,1,14
19,93,1,2,8
19,94,1,1,14
19,94,1,2,8
19,95,1,1,13
19,95,1,2,9
19,96,1,1,11
19,97,1,1,11
19,98,1,1,3
19,99,1,1,3
19,100,1,1,5
19,101,1,1,5
19,102,1,1,4
19,102,1,2,11
19,103,1,1,4
19,103,1,2,11
19,104,1,1,9
19,105,1,1,9
19,106,1,1,7
19,107,1,1,7
19,108,1,1,1
19,109,1,1,8
19,110,1,1,8
19,111,1,1,9
19,111,1,2,13
19,112,1,1,9
19,112,1,2,13
19,113,1,1,1
19,114,1,1,4
19,115,1,1,1
19,116,1,1,3
19,117,1,1,3
19,118,1,1,3
19,119,1,1,3
19,120,1,1,3
19,121,1,1,3
19,121,1,2,11
19,122,1,1,11
19,123,1,1,12
19,123,1,2,10
19,124,1,1,6
19,124,1,2,11
19,125,1,1,5
19,126,1,1,2
19,127,1,1,12
19,128,1,1,1
19,129,1,1,3
19,130,1,1,3
19,130,1,2,10
19,131,1,1,3
19,131,1,2,6
19,132,1,1,1
19,133,1,1,1
19,134,1,1,3
19,135,1,1,5
19,136,1,1,2
19,137,1,1,1
19,138,1,1,13
19,138,1,2,3
19,139,1,1,13
19,139,1,2,3
19,140,1,1,13
19,140,1,2,3
19,141,1,1,13
19,141,1,2,3
19,142,1,1,13
19,142,1,2,10
19,143,1,1,1
19,144,1,1,6
19,144,1,2,10
19,145,1,1,5
19,145,1,2,10
19,146,1,1,2
19,146,1,2,10
19,147,1,1,15
19,148,1,1,15
19,149,1,1,15
19,149,1,2,10
19,150,1,1,11
19,151,1,1,11
19,152,1,1,4
19,153,1,1,4
19,154,1,1,4
19,155,1,1,2
19,156,1,1,2
19,157,1,1,2
19,158,1,1,3
19,159,1,1,3
19,160,1,1,3
19,161,1,1,1
19,162,1,1,1
19,163,1,1,1
19,163,1,2,10
19,164,1,1,1
19,164,1,2,10
19,165,1,1,12
19,165,1,2,10
19,166,1,1,12
19,166,1,2,10
19,167,1,1,12
19,167,1,2,8
19,168,1,1,12
19,168,1,2,8
19,169,1,1,8
19,169,1,2,10
19,170,1,1,3
19,170,1,2,5
19,171,1,1,3
19,171,1,2,5
19,172,1,1,5
19,173,1,1,1
19,174,1,1,1
19,175,1,1,1
19,176,1,1,1
19,176,1,2,10
19,177,1,1,11
19,177,1,2,10
19,178,1,1,11
19,178,1,2,10
19,179,1,1,5
19,180,1,1,5
19,181,1,1,5
19,182,1,1,4
19,183,1,1,3
19,184,1,1,3
19,185,1,1,13
19,186,1,1,3
19,187,1,1,4
19,187,1,2,10
19,188,1,1,4
19,188,1,2,10
19,189,1,1,4
19,189,1,2,10
19,190,1,1,1
19,191,1,1,4
19,192,1,1,4
19,193,1,1,12
19,193,1,2,10
19,194,1,1,3
19,194,1,2,9
19,195,1,1,3
19,195,1,2,9
19,196,1,1,11
19,197,1,1,16
19,198,1,1,16
19,198,1,2,10
19,199,1,1,3
19,199,1,2,11
19,200,1,1,14
19,201,1,1,11
19,201,2,1,11
19,201,3,1,11
19,201,4,1,11
19,201,5,1,11
19,201,6,1,11
19,201,7,1,11
19,201,8,1,11
19,201,9,1,11
19,201,10,1,11
19,201,11,1,11
19,201,12,1,11
19,201,13,1,11
19,201,14,1,11
19,201,15,1,11
19,201,16,1,11
19,201,17,1,11
19,201,18,1,11
19,201,19,1,11
19,201,20,1,11
19,201,21,1,11
19,201,22,1,11
19,201,23,1,11
19,201,24,1,11
19,201,25,1,11
19,201,26,1,11
19,201,27,1,11
19,201,28,1,11
19,202,1,1,11
19,203,1,1,1
19,203,1,2,11
19,204,1,1,12
19,205,1,1,12
19,205,1,2,17
19,206,1,1,1
19,207,1,1,9
19,207,1,2,10
19,208,1,1,17
19,208,1,2,9
19,209,1,1,1
19,210,1,1,1
19,211,1,1,3
19,211,1,2,8
19,212,1,1,12
19,212,1,2,17
19,213,1,1,12
19,213,1,2,13
19,214,1,1,12
19,214,1,2,7
19,215,1,1,16
19,215,1,2,6
19,216,1,1,1
19,217,1,1,1
19,218,1,1,2
19,219,1,1,2
19,219,1,2,13
19,220,1,1,6
19,220,1,2,9
19,221,1,1,6
19,221,1,2,9
19,222,1,1,3
19,222,1,2,13
19,223,1,1,3
19,224,1,1,3
19,225,1,1,6
19,225,1,2,10
19,226,1,1,3
19,226,1,2,10
19,227,1,1,17
19,227,1,2,10
19,228,1,1,16
19,228,1,2,2
19,229,1,1,16
19,229,1,2,2
19,230,1,1,3
19,230,1,2,15
19,231,1,1,9
19,232,1,1,9
19,233,1,1,1
19,234,1,1,1
19,235,1,1,1
19,236,1,1,7
19,237,1,1,7
19,238,1,1,6
19,238,1,2,11
19,239,1,1,5
19,240,1,1,2
19,241,1,1,1
19,242,1,1,1
19,243,1,1,5
19,244,1,1,2
19,245,1,1,3
19,246,1,1,13
19,246,1,2,9
19,247,1,1,13
19,247,1,2,9
19,248,1,1,13
19,248,1,2,16
19,249,1,1,11
19,249,1,2,10
19,250,1,1,2
19,250,1,2,10
19,251,1,1,11
19,251,1,2,4
19,252,1,1,4
19,253,1,1,4
19,254,1,1,4
19,255,1,1,2
19,256,1,1,2
19,256,1,2,7
19,257,1,1,2
19,257,1,2,7
19,258,1,1,3
19,259,1,1,3
19,259,1,2,9
19,260,1,1,3
19,260,1,2,9
19,261,1,1,16
19,262,1,1,16
19,263,1,1,1
19,264,1,1,1
19,265,1,1,12
19,266,1,1,12
19,267,1,1,12
19,267,1,2,10
19,268,1,1,12
19,269,1,1,12
19,269,1,2,8
19,270,1,1,3
19,270,1,2,4
19,271,1,1,3
19,271,1,2,4
19,272,1,1,3
19,272,1,2,4
19,273,1,1,4
19,274,1,1,4
19,274,1,2,16
19,275,1,1,4
19,275,1,2,16
19,276,1,1,1
19,276,1,2,10
19,277,1,1,1
19,277,1,2,10
19,278,1,1,3
19,278,1,2,10
19,279,1,1,3
19,279,1,2,10
19,280,1,1,11
19,281,1,1,11
19,282,1,1,11
19,283,1,1,12
19,283,1,2,3
19,284,1,1,12
19,284,1,2,10
19,285,1,1,4
19,286,1,1,4
19,286,1,2,7
19,287,1,1,1
19,288,1,1,1
19,289,1,1,1
19,290,1,1,12
19,290,1,2,9
19,291,1,1,12
19,291,1,2,10
19,292,1,1,12
19,292,1,2,14
19,293,1,1,1
19,294,1,1,1
19,295,1,1,1
19,296,1,1,7
19,297,1,1,7
19,298,1,1,1
19,299,1,1,13
19,300,1,1,1
19,301,1,1,1
19,302,1,1,16
19,302,1,2,14
19,303,1,1,17
19,304,1,1,17
19,304,1,2,13
19,305,1,1,17
19,305,1,2,13
19,306,1,1,17
19,306,1,2,13
19,307,1,1,7
19,307,1,2,11
19,308,1,1,7
19,308,1,2,11
19,309,1,1,5
19,310,1,1,5
19,311,1,1,5
19,312,1,1,5
19,313,1,1,12
19,314,1,1,12
19,315,1,1,4
19,315,1,2,8
19,316,1,1,8
19,317,1,1,8
19,318,1,1,3
19,318,1,2,16
19,319,1,1,3
19,319,1,2,16
19,320,1,1,3
19,321,1,1,3
19,322,1,1,2
19,322,1,2,9
19,323,1,1,2
19,323,1,2,9
19,324,1,1,2
19,325,1,1,11
19,326,1,1,11
19,327,1,1,1
19,328,1,1,9
19,329,1,1,9
19,329,1,2,15
19,330,1,1,9
19,330,1,2,15
19,331,1,1,4
19,332,1,1,4
19,332,1,2,16
19,333,1,1,1
19,333,1,2,10
19,334,1,1,15
19,334,1,2,10
19,335,1,1,1
19,336,1,1,8
19,337,1,1,13
19,337,1,2,11
19,338,1,1,13
19,338,1,2,11
19,339,1,1,3
19,339,1,2,9
19,340,1,1,3
19,340,1,2,9
19,341,1,1,3
19,342,1,1,3
19,342,1,2,16
19,343,1,1,9
19,343,1,2,11
19,344,1,1,9
19,344,1,2,11
19,345,1,1,13
19,345,1,2,4
19,346,1,1,13
19,346,1,2,4
19,347,1,1,13
19,347,1,2,12
19,348,1,1,13
19,348,1,2,12
19,349,1,1,3
19,350,1,1,3
19,351,1,1,1
19,351,2,1,2
19,351,3,1,3
19,351,4,1,6
19,352,1,1,1
19,353,1,1,14
19,354,1,1,14
19,355,1,1,14
19,356,1,1,14
19,357,1,1,4
19,357,1,2,10
19,358,1,1,11
19,359,1,1,16
19,360,1,1,11
19,361,1,1,6
19,362,1,1,6
19,363,1,1,6
19,363,1,2,3
19,364,1,1,6
19,364,1,2,3
19,365,1,1,6
19,365,1,2,3
19,366,1,1,3
19,367,1,1,3
19,368,1,1,3
19,369,1,1,3
19,369,1,2,13
19,370,1,1,3
19,371,1,1,15
19,372,1,1,15
19,373,1,1,15
19,373,1,2,10
19,374,1,1,17
19,374,1,2,11
19,375,1,1,17
19,375,1,2,11
19,376,1,1,17
19,376,1,2,11
19,377,1,1,13
19,378,1,1,6
19,379,1,1,17
19,380,1,1,15
19,380,1,2,11
19,381,1,1,15
19,381,1,2,11
19,382,1,1,3
19,383,1,1,9
19,384,1,1,15
19,384,1,2,10
19,385,1,1,17
19,385,1,2,11
19,386,1,1,11
19,386,2,1,11
19,386,3,1,11
19,386,4,1,11
19,387,1,1,4
19,388,1,1,4
19,389,1,1,4
19,389,1,2,9
19,390,1,1,2
19,391,1,1,2
19,391,1,2,7
19,392,1,1,2
19,392,1,2,7
19,393,1,1,3
19,394,1,1,3
19,395,1,1,3
19,395,1,2,17
19,396,1,1,1
19,396,1,2,10
19,397,1,1,1
19,397,1,2,10
19,398,1,1,1
19,398,1,2,10
19,399,1,1,1
19,400,1,1,1
19,400,1,2,3
19,401,1,1,12
19,402,1,1,12
19,403,1,1,5
19,404,1,1,5
19,405,1,1,5
19,406,1,1,4
19,406,1,2,8
19,407,1,1,4
19,407,1,2,8
19,408,1,1,13
19,409,1,1,13
19,410,1,1,13
19,410,1,2,17
19,411,1,1,13
19,411,1,2,17
19,412,1,1,12
19,412,2,1,12
19,412,3,1,12
19,413,1,1,12
19,413,1,2,4
19,413,2,1,12
19,413,2,2,9
19,413,3,1,12
19,413,3,2,17
19,414,1,1,12
19,414,1,2,10
19,415,1,1,12
19,415,1,2,10
19,416,1,1,12
19,416,1,2,10
19,417,1,1,5
19,418,1,1,3
19,419,1,1,3
19,420,1,1,4
19,421,1,1,4
19,421,2,1,4
19,422,1,1,3
19,422,2,1,3
19,423,1,1,3
19,423,1,2,9
19,423,2,1,3
19,423,2,2,9
19,424,1,1,1
19,425,1,1,14
19,425,1,2,10
19,426,1,1,14
19,426,1,2,10
19,427,1,1,1
19,428,1,1,1
19,429,1,1,14
19,430,1,1,16
19,430,1,2,10
19,431,1,1,1
19,432,1,1,1
19,433,1,1,11
19,434,1,1,8
19,434,1,2,16
19,435,1,1,8
19,435,1,2,16
19,436,1,1,17
19,436,1,2,11
19,437,1,1,17
19,437,1,2,11
19,438,1,1,13
19,439,1,1,11
19,440,1,1,1
19,441,1,1,1
19,441,1,2,10
19,442,1,1,14
19,442,1,2,16
19,443,1,1,15
19,443,1,2,9
19,444,1,1,15
19,444,1,2,9
19,445,1,1,15
19,445,1,2,9
19,446,1,1,1
19,447,1,1,7
19,448,1,1,7
19,448,1,2,17
19,449,1,1,9
19,450,1,1,9
19,451,1,1,8
19,451,1,2,12
19,452,1,1,8
19,452,1,2,16
19,453,1,1,8
19,453,1,2,7
19,454,1,1,8
19,454,1,2,7
19,455,1,1,4
19,456,1,1,3
19,457,1,1,3
19,458,1,1,3
19,458,1,2,10
19,459,1,1,4
19,459,1,2,6
19,460,1,1,4
19,460,1,2,6
19,461,1,1,16
19,461,1,2,6
19,462,1,1,5
19,462,1,2,17
19,463,1,1,1
19,464,1,1,9
19,464,1,2,13
19,465,1,1,4
19,466,1,1,5
19,467,1,1,2
19,468,1,1,1
19,468,1,2,10
19,469,1,1,12
19,469,1,2,10
19,470,1,1,4
19,471,1,1,6
19,472,1,1,9
19,472,1,2,10
19,473,1,1,6
19,473,1,2,9
19,474,1,1,1
19,475,1,1,11
19,475,1,2,7
19,476,1,1,13
19,476,1,2,17
19,477,1,1,14
19,478,1,1,6
19,478,1,2,14
19,479,1,1,5
19,479,1,2,14
19,479,2,1,5
19,479,2,2,2
19,479,3,1,5
19,479,3,2,3
19,479,4,1,5
19,479,4,2,6
19,479,5,1,5
19,479,5,2,10
19,479,6,1,5
19,479,6,2,4
19,480,1,1,11
19,481,1,1,11
19,482,1,1,11
19,483,1,1,17
19,483,1,2,15
19,484,1,1,3
19,484,1,2,15
19,485,1,1,2
19,485,1,2,17
19,486,1,1,1
19,487,1,1,14
19,487,1,2,15
19,487,2,1,14
19,487,2,2,15
19,488,1,1,11
19,489,1,1,3
19,490,1,1,3
19,491,1,1,16
19,492,1,1,4
19,492,2,1,4
19,492,2,2,10
19,493,1,1,1
19,493,2,1,2
19,493,3,1,3
19,493,4,1,4
19,493,5,1,5
19,493,6,1,6
19,493,7,1,7
19,493,8,1,8
19,493,9,1,9
19,493,10,1,10
19,493,11,1,11
19,493,12,1,12
19,493,13,1,13
19,493,14,1,14
19,493,15,1,15
19,493,16,1,16
19,493,17,1,17
19,494,1,1,11
19,494,1,2,2
19,495,1,1,4
19,496,1,1,4
19,497,1,1,4
19,498,1,1,2
19,499,1,1,2
19,499,1,2,7
19,500,1,1,2
19,500,1,2,7
19,501,1,1,3
19,502,1,1,3
19,503,1,1,3
19,504,1,1,1
19,505,1,1,1
19,506,1,1,1
19,507,1,1,1
19,508,1,1,1
19,509,1,1,16
19,510,1,1,16
19,511,1,1,4
19,512,1,1,4
19,513,1,1,2
19,514,1,1,2
19,515,1,1,3
19,516,1,1,3
19,517,1,1,11
19,518,1,1,11
19,519,1,1,1
19,519,1,2,10
19,520,1,1,1
19,520,1,2,10
19,521,1,1,1
19,521,1,2,10
19,522,1,1,5
19,523,1,1,5
19,524,1,1,13
19,525,1,1,13
19,526,1,1,13
19,527,1,1,11
19,527,1,2,10
19,528,1,1,11
19,528,1,2,10
19,529,1,1,9
19,530,1,1,9
19,530,1,2,17
19,531,1,1,1
19,532,1,1,7
19,533,1,1,7
19,534,1,1,7
19,535,1,1,3
19,536,1,1,3
19,536,1,2,9
19,537,1,1,3
19,537,1,2,9
19,538,1,1,7
19,539,1,1,7
19,540,1,1,12
19,540,1,2,4
19,541,1,1,12
19,541,1,2,4
19,542,1,1,12
19,542,1,2,4
19,543,1,1,12
19,543,1,2,8
19,544,1,1,12
19,544,1,2,8
19,545,1,1,12
19,545,1,2,8
19,546,1,1,4
19,547,1,1,4
19,548,1,1,4
19,549,1,1,4
19,550,1,1,3
19,550,2,1,3
19,551,1,1,9
19,551,1,2,16
19,552,1,1,9
19,552,1,2,16
19,553,1,1,9
19,553,1,2,16
19,554,1,1,2
19,555,1,1,2
19,555,2,1,2
19,555,2,2,11
19,556,1,1,4
19,557,1,1,12
19,557,1,2,13
19,558,1,1,12
19,558,1,2,13
19,559,1,1,16
19,559,1,2,7
19,560,1,1,16
19,560,1,2,7
19,561,1,1,11
19,561,1,2,10
19,562,1,1,14
19,563,1,1,14
19,564,1,1,3
19,564,1,2,13
19,565,1,1,3
19,565,1,2,13
19,566,1,1,13
19,566,1,2,10
19,567,1,1,13
19,567,1,2,10
19,568,1,1,8
19,569,1,1,8
19,570,1,1,16
19,571,1,1,16
19,572,1,1,1
19,573,1,1,1
19,574,1,1,11
19,575,1,1,11
19,576,1,1,11
19,577,1,1,11
19,578,1,1,11
19,579,1,1,11
19,580,1,1,3
19,580,1,2,10
19,581,1,1,3
19,581,1,2,10
19,582,1,1,6
19,583,1,1,6
19,584,1,1,6
19,585,1,1,1
19,585,1,2,4
19,585,2,1,1
19,585,2,2,4
19,585,3,1,1
19,585,3,2,4
19,585,4,1,1
19,585,4,2,4
19,586,1,1,1
19,586,1,2,4
19,586,2,1,1
19,586,2,2,4
19,586,3,1,1
19,586,3,2,4
19,586,4,1,1
19,586,4,2,4
19,587,1,1,5
19,587,1,2,10
19,588,1,1,12
19,589,1,1,12
19,589,1,2,17
19,590,1,1,4
19,590,1,2,8
19,591,1,1,4
19,591,1,2,8
19,592,1,1,3
19,592,1,2,14
19,593,1,1,3
19,593,1,2,14
19,594,1,1,3
19,595,1,1,12
19,595,1,2,5
19,596,1,1,12
19,596,1,2,5
19,597,1,1,4
19,597,1,2,17
19,598,1,1,4
19,598,1,2,17
19,599,1,1,17
19,600,1,1,17
19,601,1,1,17
19,602,1,1,5
19,603,1,1,5
19,604,1,1,5
19,605,1,1,11
19,606,1,1,11
19,607,1,1,14
19,607,1,2,2
19,608,1,1,14
19,608,1,2,2
19,609,1,1,14
19,609,1,2,2
19,610,1,1,15
19,611,1,1,15
19,612,1,1,15
19,613,1,1,6
19,614,1,1,6
19,615,1,1,6
19,616,1,1,12
19,617,1,1,12
19,618,1,1,9
19,618,1,2,5
19,619,1,1,7
19,620,1,1,7
19,621,1,1,15
19,622,1,1,9
19,622,1,2,14
19,623,1,1,9
19,623,1,2,14
19,624,1,1,16
19,624,1,2,17
19,625,1,1,16
19,625,1,2,17
19,626,1,1,1
19,627,1,1,1
19,627,1,2,10
19,628,1,1,1
19,628,1,2,10
19,629,1,1,16
19,629,1,2,10
19,630,1,1,16
19,630,1,2,10
19,631,1,1,2
19,632,1,1,12
19,632,1,2,17
19,633,1,1,16
19,633,1,2,15
19,634,1,1,16
19,634,1,2,15
19,635,1,1,16
19,635,1,2,15
19,636,1,1,12
19,636,1,2,2
19,637,1,1,12
19,637,1,2,2
19,638,1,1,17
19,638,1,2,7
19,639,1,1,13
19,639,1,2,7
19,640,1,1,4
19,640,1,2,7
19,641,1,1,10
19,641,2,1,10
19,642,1,1,5
19,642,1,2,10
19,642,2,1,5
19,642,2,2,10
19,643,1,1,15
19,643,1,2,2
19,644,1,1,15
19,644,1,2,5
19,645,1,1,9
19,645,1,2,10
19,645,2,1,9
19,645,2,2,10
19,646,1,1,15
19,646,1,2,6
19,646,2,1,15
19,646,2,2,6
19,646,3,1,15
19,646,3,2,6
19,647,1,1,3
19,647,1,2,7
19,647,2,1,3
19,647,2,2,7
19,648,1,1,1
19,648,1,2,11
19,648,2,1,1
19,648,2,2,7
19,649,1,1,12
19,649,1,2,17
19,649,2,1,12
19,649,2,2,17
19,649,3,1,12
19,649,3,2,17
19,649,4,1,12
19,649,4,2,17
19,649,5,1,12
19,649,5,2,17
20,1,1,1,4
20,1,1,2,8
20,2,1,1,4
20,2,1,2,8
20,3,1,1,4
20,3,1,2,8
20,4,1,1,2
20,5,1,1,2
20,6,1,1,2
20,6,1,2,10
20,7,1,1,3
20,8,1,1,3
20,9,1,1,3
20,10,1,1,12
20,11,1,1,12
20,12,1,1,12
20,12,1,2,10
20,13,1,1,12
20,13,1,2,8
20,14,1,1,12
20,14,1,2,8
20,15,1,1,12
20,15,1,2,8
20,16,1,1,1
20,16,1,2,10
20,17,1,1,1
20,17,1,2,10
20,18,1,1,1
20,18,1,2,10
20,19,1,1,1
20,20,1,1,1
20,21,1,1,1
20,21,1,2,10
20,22,1,1,1
20,22,1,2,10
20,23,1,1,8
20,24,1,1,8
20,25,1,1,5
20,26,1,1,5
20,27,1,1,9
20,28,1,1,9
20,29,1,1,8
20,30,1,1,8
20,31,1,1,8
20,31,1,2,9
20,32,1,1,8
20,33,1,1,8
20,34,1,1,8
20,34,1,2,9
20,35,1,1,1
20,36,1,1,1
20,37,1,1,2
20,38,1,1,2
20,39,1,1,1
20,40,1,1,1
20,41,1,1,8
20,41,1,2,10
20,42,1,1,8
20,42,1,2,10
20,43,1,1,4
20,43,1,2,8
20,44,1,1,4
20,44,1,2,8
20,45,1,1,4
20,45,1,2,8
20,46,1,1,12
20,46,1,2,4
20,47,1,1,12
20,47,1,2,4
20,48,1,1,12
20,48,1,2,8
20,49,1,1,12
20,49,1,2,8
20,50,1,1,9
20,51,1,1,9
20,52,1,1,1
20,53,1,1,1
20,54,1,1,3
20,55,1,1,3
20,56,1,1,7
20,57,1,1,7
20,58,1,1,2
20,59,1,1,2
20,60,1,1,3
20,61,1,1,3
20,62,1,1,3
20,62,1,2,7
20,63,1,1,11
20,64,1,1,11
20,65,1,1,11
20,66,1,1,7
20,67,1,1,7
20,68,1,1,7
20,69,1,1,4
20,69,1,2,8
20,70,1,1,4
20,70,1,2,8
20,71,1,1,4
20,71,1,2,8
20,72,1,1,3
20,72,1,2,8
20,73,1,1,3
20,73,1,2,8
20,74,1,1,13
20,74,1,2,9
20,75,1,1,13
20,75,1,2,9
20,76,1,1,13
20,76,1,2,9
20,77,1,1,2
20,78,1,1,2
20,79,1,1,3
20,79,1,2,11
20,80,1,1,3
20,80,1,2,11
20,81,1,1,5
20,81,1,2,17
20,82,1,1,5
20,82,1,2,17
20,83,1,1,1
20,83,1,2,10
20,84,1,1,1
20,84,1,2,10
20,85,1,1,1
20,85,1,2,10
20,86,1,1,3
20,87,1,1,3
20,87,1,2,6
20,88,1,1,8
20,89,1,1,8
20,90,1,1,3
20,91,1,1,3
20,91,1,2,6
20,92,1,1,14
20,92,1,2,8
20,93,1,1,14
20,93,1,2,8
20,94,1,1,14
20,94,1,2,8
20,95,1,1,13
20,95,1,2,9
20,96,1,1,11
20,97,1,1,11
20,98,1,1,3
20,99,1,1,3
20,100,1,1,5
20,101,1,1,5
20,102,1,1,4
20,102,1,2,11
20,103,1,1,4
20,103,1,2,11
20,104,1,1,9
20,105,1,1,9
20,106,1,1,7
20,107,1,1,7
20,108,1,1,1
20,109,1,1,8
20,110,1,1,8
20,111,1,1,9
20,111,1,2,13
20,112,1,1,9
20,112,1,2,13
20,113,1,1,1
20,114,1,1,4
20,115,1,1,1
20,116,1,1,3
20,117,1,1,3
20,118,1,1,3
20,119,1,1,3
20,120,1,1,3
20,121,1,1,3
20,121,1,2,11
20,122,1,1,11
20,123,1,1,12
20,123,1,2,10
20,124,1,1,6
20,124,1,2,11
20,125,1,1,5
20,126,1,1,2
20,127,1,1,12
20,128,1,1,1
20,129,1,1,3
20,130,1,1,3
20,130,1,2,10
20,131,1,1,3
20,131,1,2,6
20,132,1,1,1
20,133,1,1,1
20,134,1,1,3
20,135,1,1,5
20,136,1,1,2
20,137,1,1,1
20,138,1,1,13
20,138,1,2,3
20,139,1,1,13
20,139,1,2,3
20,140,1,1,13
20,140,1,2,3
20,141,1,1,13
20,141,1,2,3
20,142,1,1,13
20,142,1,2,10
20,143,1,1,1
20,144,1,1,6
20,144,1,2,10
20,145,1,1,5
20,145,1,2,10
20,146,1,1,2
20,146,1,2,10
20,147,1,1,15
20,148,1,1,15
20,149,1,1,15
20,149,1,2,10
20,150,1,1,11
20,151,1,1,11
20,152,1,1,4
20,153,1,1,4
20,154,1,1,4
20,155,1,1,2
20,156,1,1,2
20,157,1,1,2
20,158,1,1,3
20,159,1,1,3
20,160,1,1,3
20,161,1,1,1
20,162,1,1,1
20,163,1,1,1
20,163,1,2,10
20,164,1,1,1
20,164,1,2,10
20,165,1,1,12
20,165,1,2,10
20,166,1,1,12
20,166,1,2,10
20,167,1,1,12
20,167,1,2,8
20,168,1,1,12
20,168,1,2,8
20,169,1,1,8
20,169,1,2,10
20,170,1,1,3
20,170,1,2,5
20,171,1,1,3
20,171,1,2,5
20,172,1,1,5
20,173,1,1,1
20,174,1,1,1
20,175,1,1,1
20,176,1,1,1
20,176,1,2,10
20,177,1,1,11
20,177,1,2,10
20,178,1,1,11
20,178,1,2,10
20,179,1,1,5
20,180,1,1,5
20,181,1,1,5
20,182,1,1,4
20,183,1,1,3
20,184,1,1,3
20,185,1,1,13
20,186,1,1,3
20,187,1,1,4
20,187,1,2,10
20,188,1,1,4
20,188,1,2,10
20,189,1,1,4
20,189,1,2,10
20,190,1,1,1
20,191,1,1,4
20,192,1,1,4
20,193,1,1,12
20,193,1,2,10
20,194,1,1,3
20,194,1,2,9
20,195,1,1,3
20,195,1,2,9
20,196,1,1,11
20,197,1,1,16
20,198,1,1,16
20,198,1,2,10
20,199,1,1,3
20,199,1,2,11
20,200,1,1,14
20,201,1,1,11
20,201,2,1,11
20,201,3,1,11
20,201,4,1,11
20,201,5,1,11
20,201,6,1,11
20,201,7,1,11
20,201,8,1,11
20,201,9,1,11
20,201,10,1,11
20,201,11,1,11
20,201,12,1,11
20,201,13,1,11
20,201,14,1,11
20,201,15,1,11
20,201,16,1,11
20,201,17,1,11
20,201,18,1,11
20,201,19,1,11
20,201,20,1,11
20,201,21,1,11
20,201,22,1,11
20,201,23,1,11
20,201,24,1,11
20,201,25,1,11
20,201,26,1,11
20,201,27,1,11
20,201,28,1,11
20,202,1,1,11
20,203,1,1,1
20,203,1,2,11
20,204,1,1,12
20,205,1,1,12
20,205,1,2,17
20,206,1,1,1
20,207,1,1,9
20,207,1,2,10
20,208,1,1,17
20,208,1,2,9
20,209,1,1,1
20,210,1,1,1
20,211,1,1,3
20,211,1,2,8
20,212,1,1,12
20,212,1,2,17
20,213,1,1,12
20,213,1,2,13
20,214,1,1,12
20,214,1,2,7
20,215,1,1,16
20,215,1,2,6
20,216,1,1,1
20,217,1,1,1
20,218,1,1,2
20,219,1,1,2
20,219,1,2,13
20,220,1,1,6
20,220,1,2,9
20,221,1,1,6
20,221,1,2,9
20,222,1,1,3
20,222,1,2,13
20,223,1,1,3
20,224,1,1,3
20,225,1,1,6
20,225,1,2,10
20,226,1,1,3
20,226,1,2,10
20,227,1,1,17
20,227,1,2,10
20,228,1,1,16
20,228,1,2,2
20,229,1,1,16
20,229,1,2,2
20,230,1,1,3
20,230,1,2,15
20,231,1,1,9
20,232,1,1,9
20,233,1,1,1
20,234,1,1,1
20,235,1,1,1
20,236,1,1,7
20,237,1,1,7
20,238,1,1,6
20,238,1,2,11
20,239,1,1,5
20,240,1,1,2
20,241,1,1,1
20,242,1,1,1
20,243,1,1,5
20,244,1,1,2
20,245,1,1,3
20,246,1,1,13
20,246,1,2,9
20,247,1,1,13
20,247,1,2,9
20,248,1,1,13
20,248,1,2,16
20,249,1,1,11
20,249,1,2,10
20,250,1,1,2
20,250,1,2,10
20,251,1,1,11
20,251,1,2,4
20,252,1,1,4
20,253,1,1,4
20,254,1,1,4
20,255,1,1,2
20,256,1,1,2
20,256,1,2,7
20,257,1,1,2
20,257,1,2,7
20,258,1,1,3
20,259,1,1,3
20,259,1,2,9
20,260,1,1,3
20,260,1,2,9
20,261,1,1,16
20,262,1,1,16
20,263,1,1,1
20,264,1,1,1
20,265,1,1,12
20,266,1,1,12
20,267,1,1,12
20,267,1,2,10
20,268,1,1,12
20,269,1,1,12
20,269,1,2,8
20,270,1,1,3
20,270,1,2,4
20,271,1,1,3
20,271,1,2,4
20,272,1,1,3
20,272,1,2,4
20,273,1,1,4
20,274,1,1,4
20,274,1,2,16
20,275,1,1,4
20,275,1,2,16
20,276,1,1,1
20,276,1,2,10
20,277,1,1,1
20,277,1,2,10
20,278,1,1,3
20,278,1,2,10
20,279,1,1,3
20,279,1,2,10
20,280,1,1,11
20,281,1,1,11
20,282,1,1,11
20,283,1,1,12
20,283,1,2,3
20,284,1,1,12
20,284,1,2,10
20,285,1,1,4
20,286,1,1,4
20,286,1,2,7
20,287,1,1,1
20,288,1,1,1
20,289,1,1,1
20,290,1,1,12
20,290,1,2,9
20,291,1,1,12
20,291,1,2,10
20,292,1,1,12
20,292,1,2,14
20,293,1,1,1
20,294,1,1,1
20,295,1,1,1
20,296,1,1,7
20,297,1,1,7
20,298,1,1,1
20,299,1,1,13
20,300,1,1,1
20,301,1,1,1
20,302,1,1,16
20,302,1,2,14
20,303,1,1,17
20,304,1,1,17
20,304,1,2,13
20,305,1,1,17
20,305,1,2,13
20,306,1,1,17
20,306,1,2,13
20,307,1,1,7
20,307,1,2,11
20,308,1,1,7
20,308,1,2,11
20,309,1,1,5
20,310,1,1,5
20,311,1,1,5
20,312,1,1,5
20,313,1,1,12
20,314,1,1,12
20,315,1,1,4
20,315,1,2,8
20,316,1,1,8
20,317,1,1,8
20,318,1,1,3
20,318,1,2,16
20,319,1,1,3
20,319,1,2,16
20,320,1,1,3
20,321,1,1,3
20,322,1,1,2
20,322,1,2,9
20,323,1,1,2
20,323,1,2,9
20,324,1,1,2
20,325,1,1,11
20,326,1,1,11
20,327,1,1,1
20,328,1,1,9
20,329,1,1,9
20,329,1,2,15
20,330,1,1,9
20,330,1,2,15
20,331,1,1,4
20,332,1,1,4
20,332,1,2,16
20,333,1,1,1
20,333,1,2,10
20,334,1,1,15
20,334,1,2,10
20,335,1,1,1
20,336,1,1,8
20,337,1,1,13
20,337,1,2,11
20,338,1,1,13
20,338,1,2,11
20,339,1,1,3
20,339,1,2,9
20,340,1,1,3
20,340,1,2,9
20,341,1,1,3
20,342,1,1,3
20,342,1,2,16
20,343,1,1,9
20,343,1,2,11
20,344,1,1,9
20,344,1,2,11
20,345,1,1,13
20,345,1,2,4
20,346,1,1,13
20,346,1,2,4
20,347,1,1,13
20,347,1,2,12
20,348,1,1,13
20,348,1,2,12
20,349,1,1,3
20,350,1,1,3
20,351,1,1,1
20,351,2,1,2
20,351,3,1,3
20,351,4,1,6
20,352,1,1,1
20,353,1,1,14
20,354,1,1,14
20,355,1,1,14
20,356,1,1,14
20,357,1,1,4
20,357,1,2,10
20,358,1,1,11
20,359,1,1,16
20,360,1,1,11
20,361,1,1,6
20,362,1,1,6
20,363,1,1,6
20,363,1,2,3
20,364,1,1,6
20,364,1,2,3
20,365,1,1,6
20,365,1,2,3
20,366,1,1,3
20,367,1,1,3
20,368,1,1,3
20,369,1,1,3
20,369,1,2,13
20,370,1,1,3
20,371,1,1,15
20,372,1,1,15
20,373,1,1,15
20,373,1,2,10
20,374,1,1,17
20,374,1,2,11
20,375,1,1,17
20,375,1,2,11
20,376,1,1,17
20,376,1,2,11
20,377,1,1,13
20,378,1,1,6
20,379,1,1,17
20,380,1,1,15
20,380,1,2,11
20,381,1,1,15
20,381,1,2,11
20,382,1,1,3
20,383,1,1,9
20,384,1,1,15
20,384,1,2,10
20,385,1,1,17
20,385,1,2,11
20,386,1,1,11
20,386,2,1,11
20,386,3,1,11
20,386,4,1,11
20,387,1,1,4
20,388,1,1,4
20,389,1,1,4
20,389,1,2,9
20,390,1,1,2
20,391,1,1,2
20,391,1,2,7
20,392,1,1,2
20,392,1,2,7
20,393,1,1,3
20,394,1,1,3
20,395,1,1,3
20,395,1,2,17
20,396,1,1,1
20,396,1,2,10
20,397,1,1,1
20,397,1,2,10
20,398,1,1,1
20,398,1,2,10
20,399,1,1,1
20,400,1,1,1
20,400,1,2,3
20,401,1,1,12
20,402,1,1,12
20,403,1,1,5
20,404,1,1,5
20,405,1,1,5
20,406,1,1,4
20,406,1,2,8
20,407,1,1,4
20,407,1,2,8
20,408,1,1,13
20,409,1,1,13
20,410,1,1,13
20,410,1,2,17
20,411,1,1,13
20,411,1,2,17
20,412,1,1,12
20,412,2,1,12
20,412,3,1,12
20,413,1,1,12
20,413,1,2,4
20,413,2,1,12
20,413,2,2,9
20,413,3,1,12
20,413,3,2,17
20,414,1,1,12
20,414,1,2,10
20,415,1,1,12
20,415,1,2,10
20,416,1,1,12
20,416,1,2,10
20,417,1,1,5
20,418,1,1,3
20,419,1,1,3
20,420,1,1,4
20,421,1,1,4
20,421,2,1,4
20,422,1,1,3
20,422,2,1,3
20,423,1,1,3
20,423,1,2,9
20,423,2,1,3
20,423,2,2,9
20,424,1,1,1
20,425,1,1,14
20,425,1,2,10
20,426,1,1,14
20,426,1,2,10
20,427,1,1,1
20,428,1,1,1
20,429,1,1,14
20,430,1,1,16
20,430,1,2,10
20,431,1,1,1
20,432,1,1,1
20,433,1,1,11
20,434,1,1,8
20,434,1,2,16
20,435,1,1,8
20,435,1,2,16
20,436,1,1,17
20,436,1,2,11
20,437,1,1,17
20,437,1,2,11
20,438,1,1,13
20,439,1,1,11
20,440,1,1,1
20,441,1,1,1
20,441,1,2,10
20,442,1,1,14
20,442,1,2,16
20,443,1,1,15
20,443,1,2,9
20,444,1,1,15
20,444,1,2,9
20,445,1,1,15
20,445,1,2,9
20,446,1,1,1
20,447,1,1,7
20,448,1,1,7
20,448,1,2,17
20,449,1,1,9
20,450,1,1,9
20,451,1,1,8
20,451,1,2,12
20,452,1,1,8
20,452,1,2,16
20,453,1,1,8
20,453,1,2,7
20,454,1,1,8
20,454,1,2,7
20,455,1,1,4
20,456,1,1,3
20,457,1,1,3
20,458,1,1,3
20,458,1,2,10
20,459,1,1,4
20,459,1,2,6
20,460,1,1,4
20,460,1,2,6
20,461,1,1,16
20,461,1,2,6
20,462,1,1,5
20,462,1,2,17
20,463,1,1,1
20,464,1,1,9
20,464,1,2,13
20,465,1,1,4
20,466,1,1,5
20,467,1,1,2
20,468,1,1,1
20,468,1,2,10
20,469,1,1,12
20,469,1,2,10
20,470,1,1,4
20,471,1,1,6
20,472,1,1,9
20,472,1,2,10
20,473,1,1,6
20,473,1,2,9
20,474,1,1,1
20,475,1,1,11
20,475,1,2,7
20,476,1,1,13
20,476,1,2,17
20,477,1,1,14
20,478,1,1,6
20,478,1,2,14
20,479,1,1,5
20,479,1,2,14
20,479,2,1,5
20,479,2,2,2
20,479,3,1,5
20,479,3,2,3
20,479,4,1,5
20,479,4,2,6
20,479,5,1,5
20,479,5,2,10
20,479,6,1,5
20,479,6,2,4
20,480,1,1,11
20,481,1,1,11
20,482,1,1,11
20,483,1,1,17
20,483,1,2,15
20,484,1,1,3
20,484,1,2,15
20,485,1,1,2
20,485,1,2,17
20,486,1,1,1
20,487,1,1,14
20,487,1,2,15
20,487,2,1,14
20,487,2,2,15
20,488,1,1,11
20,489,1,1,3
20,490,1,1,3
20,491,1,1,16
20,492,1,1,4
20,492,2,1,4
20,492,2,2,10
20,493,1,1,1
20,493,2,1,2
20,493,3,1,3
20,493,4,1,4
20,493,5,1,5
20,493,6,1,6
20,493,7,1,7
20,493,8,1,8
20,493,9,1,9
20,493,10,1,10
20,493,11,1,11
20,493,12,1,12
20,493,13,1,13
20,493,14,1,14
20,493,15,1,15
20,493,16,1,16
20,493,17,1,17
20,494,1,1,11
20,494,1,2,2
20,495,1,1,4
20,496,1,1,4
20,497,1,1,4
20,498,1,1,2
20,499,1,1,2
20,499,1,2,7
20,500,1,1,2
20,500,1,2,7
20,501,1,1,3
20,502,1,1,3
20,503,1,1,3
20,504,1,1,1
20,505,1,1,1
20,506,1,1,1
20,507,1,1,1
20,508,1,1,1
20,509,1,1,16
20,510,1,1,16
20,511,1,1,4
20,512,1,1,4
20,513,1,1,2
20,514,1,1,2
20,515,1,1,3
20,516,1,1,3
20,517,1,1,11
20,518,1,1,11
20,519,1,1,1
20,519,1,2,10
20,520,1,1,1
20,520,1,2,10
20,521,1,1,1
20,521,1,2,10
20,522,1,1,5
20,523,1,1,5
20,524,1,1,13
20,525,1,1,13
20,526,1,1,13
20,527,1,1,11
20,527,1,2,10
20,528,1,1,11
20,528,1,2,10
20,529,1,1,9
20,530,1,1,9
20,530,1,2,17
20,531,1,1,1
20,532,1,1,7
20,533,1,1,7
20,534,1,1,7
20,535,1,1,3
20,536,1,1,3
20,536,1,2,9
20,537,1,1,3
20,537,1,2,9
20,538,1,1,7
20,539,1,1,7
20,540,1,1,12
20,540,1,2,4
20,541,1,1,12
20,541,1,2,4
20,542,1,1,12
20,542,1,2,4
20,543,1,1,12
20,543,1,2,8
20,544,1,1,12
20,544,1,2,8
20,545,1,1,12
20,545,1,2,8
20,546,1,1,4
20,547,1,1,4
20,548,1,1,4
20,549,1,1,4
20,550,1,1,3
20,550,2,1,3
20,551,1,1,9
20,551,1,2,16
20,552,1,1,9
20,552,1,2,16
20,553,1,1,9
20,553,1,2,16
20,554,1,1,2
20,555,1,1,2
20,555,2,1,2
20,555,2,2,11
20,556,1,1,4
20,557,1,1,12
20,557,1,2,13
20,558,1,1,12
20,558,1,2,13
20,559,1,1,16
20,559,1,2,7
20,560,1,1,16
20,560,1,2,7
20,561,1,1,11
20,561,1,2,10
20,562,1,1,14
20,563,1,1,14
20,564,1,1,3
20,564,1,2,13
20,565,1,1,3
20,565,1,2,13
20,566,1,1,13
20,566,1,2,10
20,567,1,1,13
20,567,1,2,10
20,568,1,1,8
20,569,1,1,8
20,570,1,1,16
20,571,1,1,16
20,572,1,1,1
20,573,1,1,1
20,574,1,1,11
20,575,1,1,11
20,576,1,1,11
20,577,1,1,11
20,578,1,1,11
20,579,1,1,11
20,580,1,1,3
20,580,1,2,10
20,581,1,1,3
20,581,1,2,10
20,582,1,1,6
20,583,1,1,6
20,584,1,1,6
20,585,1,1,1
20,585,1,2,4
20,585,2,1,1
20,585,2,2,4
20,585,3,1,1
20,585,3,2,4
20,585,4,1,1
20,585,4,2,4
20,586,1,1,1
20,586,1,2,4
20,586,2,1,1
20,586,2,2,4
20,586,3,1,1
20,586,3,2,4
20,586,4,1,1
20,586,4,2,4
20,587,1,1,5
20,587,1,2,10
20,588,1,1,12
20,589,1,1,12
20,589,1,2,17
20,590,1,1,4
20,590,1,2,8
20,591,1,1,4
20,591,1,2,8
20,592,1,1,3
20,592,1,2,14
20,593,1,1,3
20,593,1,2,14
20,594,1,1,3
20,595,1,1,12
20,595,1,2,5
20,596,1,1,12
20,596,1,2,5
20,597,1,1,4
20,597,1,2,17
20,598,1,1,4
20,598,1,2,17
20,599,1,1,17
20,600,1,1,17
20,601,1,1,17
20,602,1,1,5
20,603,1,1,5
20,604,1,1,5
20,605,1,1,11
20,606,1,1,11
20,607,1,1,14
20,607,1,2,2
20,608,1,1,14
20,608,1,2,2
20,609,1,1,14
20,609,1,2,2
20,610,1,1,15
20,611,1,1,15
20,612,1,1,15
20,613,1,1,6
20,614,1,1,6
20,615,1,1,6
20,616,1,1,12
20,617,1,1,12
20,618,1,1,9
20,618,1,2,5
20,619,1,1,7
20,620,1,1,7
20,621,1,1,15
20,622,1,1,9
20,622,1,2,14
20,623,1,1,9
20,623,1,2,14
20,624,1,1,16
20,624,1,2,17
20,625,1,1,16
20,625,1,2,17
20,626,1,1,1
20,627,1,1,1
20,627,1,2,10
20,628,1,1,1
20,628,1,2,10
20,629,1,1,16
20,629,1,2,10
20,630,1,1,16
20,630,1,2,10
20,631,1,1,2
20,632,1,1,12
20,632,1,2,17
20,633,1,1,16
20,633,1,2,15
20,634,1,1,16
20,634,1,2,15
20,635,1,1,16
20,635,1,2,15
20,636,1,1,12
20,636,1,2,2
20,637,1,1,12
20,637,1,2,2
20,638,1,1,17
20,638,1,2,7
20,639,1,1,13
20,639,1,2,7
20,640,1,1,4
20,640,1,2,7
20,641,1,1,10
20,641,2,1,10
20,642,1,1,5
20,642,1,2,10
20,642,2,1,5
20,642,2,2,10
20,643,1,1,15
20,643,1,2,2
20,644,1,1,15
20,644,1,2,5
20,645,1,1,9
20,645,1,2,10
20,645,2,1,9
20,645,2,2,10
20,646,1,1,15
20,646,1,2,6
20,646,2,1,15
20,646,2,2,6
20,646,3,1,15
20,646,3,2,6
20,647,1,1,3
20,647,1,2,7
20,647,2,1,3
20,647,2,2,7
20,648,1,1,1
20,648,1,2,11
20,648,2,1,1
20,648,2,2,7
20,649,1,1,12
20,649,1,2,17
20,649,2,1,12
20,649,2,2,17
20,649,3,1,12
20,649,3,2,17
20,649,4,1,12
20,649,4,2,17
20,649,5,1,12
20,649,5,2,17
21,1,1,1,4
21,1,1,2,8
21,2,1,1,4
21,2,1,2,8
21,3,1,1,4
21,3,1,2,8
21,3,2,1,4
21,3,2,2,8
21,4,1,1,2
21,5,1,1,2
21,6,1,1,2
21,6,1,2,10
21,6,2,1,2
21,6,2,2,15
21,6,3,1,2
21,6,3,2,10
21,7,1,1,3
21,8,1,1,3
21,9,1,1,3
21,9,2,1,3
21,10,1,1,12
21,11,1,1,12
21,12,1,1,12
21,12,1,2,10
21,13,1,1,12
21,13,1,2,8
21,14,1,1,12
21,14,1,2,8
21,15,1,1,12
21,15,1,2,8
21,16,1,1,1
21,16,1,2,10
21,17,1,1,1
21,17,1,2,10
21,18,1,1,1
21,18,1,2,10
21,19,1,1,1
21,20,1,1,1
21,21,1,1,1
21,21,1,2,10
21,22,1,1,1
21,22,1,2,10
21,23,1,1,8
21,24,1,1,8
21,25,1,1,5
21,26,1,1,5
21,27,1,1,9
21,28,1,1,9
21,29,1,1,8
21,30,1,1,8
21,31,1,1,8
21,31,1,2,9
21,32,1,1,8
21,33,1,1,8
21,34,1,1,8
21,34,1,2,9
21,35,1,1,18
21,36,1,1,18
21,37,1,1,2
21,38,1,1,2
21,39,1,1,1
21,39,1,2,18
21,40,1,1,1
21,40,1,2,18
21,41,1,1,8
21,41,1,2,10
21,42,1,1,8
21,42,1,2,10
21,43,1,1,4
21,43,1,2,8
21,44,1,1,4
21,44,1,2,8
21,45,1,1,4
21,45,1,2,8
21,46,1,1,12
21,46,1,2,4
21,47,1,1,12
21,47,1,2,4
21,48,1,1,12
21,48,1,2,8
21,49,1,1,12
21,49,1,2,8
21,50,1,1,9
21,51,1,1,9
21,52,1,1,1
21,53,1,1,1
21,54,1,1,3
21,55,1,1,3
21,56,1,1,7
21,57,1,1,7
21,58,1,1,2
21,59,1,1,2
21,60,1,1,3
21,61,1,1,3
21,62,1,1,3
21,62,1,2,7
21,63,1,1,11
21,64,1,1,11
21,65,1,1,11
21,65,2,1,11
21,66,1,1,7
21,67,1,1,7
21,68,1,1,7
21,69,1,1,4
21,69,1,2,8
21,70,1,1,4
21,70,1,2,8
21,71,1,1,4
21,71,1,2,8
21,72,1,1,3
21,72,1,2,8
21,73,1,1,3
21,73,1,2,8
21,74,1,1,13
21,74,1,2,9
21,75,1,1,13
21,75,1,2,9
21,76,1,1,13
21,76,1,2,9
21,77,1,1,2
21,78,1,1,2
21,79,1,1,3
21,79,1,2,11
21,80,1,1,3
21,80,1,2,11
21,81,1,1,5
21,81,1,2,17
21,82,1,1,5
21,82,1,2,17
21,83,1,1,1
21,83,1,2,10
21,84,1,1,1
21,84,1,2,10
21,85,1,1,1
21,85,1,2,10
21,86,1,1,3
21,87,1,1,3
21,87,1,2,6
21,88,1,1,8
21,89,1,1,8
21,90,1,1,3
21,91,1,1,3
21,91,1,2,6
21,92,1,1,14
21,92,1,2,8
21,93,1,1,14
21,93,1,2,8
21,94,1,1,14
21,94,1,2,8
21,94,2,1,14
21,94,2,2,8
21,95,1,1,13
21,95,1,2,9
21,96,1,1,11
21,97,1,1,11
21,98,1,1,3
21,99,1,1,3
21,100,1,1,5
21,101,1,1,5
21,102,1,1,4
21,102,1,2,11
21,103,1,1,4
21,103,1,2,11
21,104,1,1,9
21,105,1,1,9
21,106,1,1,7
21,107,1,1,7
21,108,1,1,1
21,109,1,1,8
21,110,1,1,8
21,111,1,1,9
21,111,1,2,13
21,112,1,1,9
21,112,1,2,13
21,113,1,1,1
21,114,1,1,4
21,115,1,1,1
21,115,2,1,1
21,116,1,1,3
21,117,1,1,3
21,118,1,1,3
21,119,1,1,3
21,120,1,1,3
21,121,1,1,3
21,121,1,2,11
21,122,1,1,11
21,122,1,2,18
21,123,1,1,12
21,123,1,2,10
21,124,1,1,6
21,124,1,2,11
21,125,1,1,5
21,126,1,1,2
21,127,1,1,12
21,127,2,1,12
21,127,2,2,10
21,128,1,1,1
21,129,1,1,3
21,130,1,1,3
21,130,1,2,10
21,130,2,1,3
21,130,2,2,16
21,131,1,1,3
21,131,1,2,6
21,132,1,1,1
21,133,1,1,1
21,134,1,1,3
21,135,1,1,5
21,136,1,1,2
21,137,1,1,1
21,138,1,1,13
21,138,1,2,3
21,139,1,1,13
21,139,1,2,3
21,140,1,1,13
21,140,1,2,3
21,141,1,1,13
21,141,1,2,3
21,142,1,1,13
21,142,1,2,10
21,142,2,1,13
21,142,2,2,10
21,143,1,1,1
21,144,1,1,6
21,144,1,2,10
21,145,1,1,5
21,145,1,2,10
21,146,1,1,2
21,146,1,2,10
21,147,1,1,15
21,148,1,1,15
21,149,1,1,15
21,149,1,2,10
21,150,1,1,11
21,150,2,1,11
21,150,2,2,7
21,150,3,1,11
21,151,1,1,11
21,152,1,1,4
21,153,1,1,4
21,154,1,1,4
21,155,1,1,2
21,156,1,1,2
21,157,1,1,2
21,158,1,1,3
21,159,1,1,3
21,160,1,1,3
21,161,1,1,1
21,162,1,1,1
21,163,1,1,1
21,163,1,2,10
21,164,1,1,1
21,164,1,2,10
21,165,1,1,12
21,165,1,2,10
21,166,1,1,12
21,166,1,2,10
21,167,1,1,12
21,167,1,2,8
21,168,1,1,12
21,168,1,2,8
21,169,1,1,8
21,169,1,2,10
21,170,1,1,3
21,170,1,2,5
21,171,1,1,3
21,171,1,2,5
21,172,1,1,5
21,173,1,1,18
21,174,1,1,1
21,174,1,2,18
21,175,1,1,18
21,176,1,1,18
21,176,1,2,10
21,177,1,1,11
21,177,1,2,10
21,178,1,1,11
21,178,1,2,10
21,179,1,1,5
21,180,1,1,5
21,181,1,1,5
21,181,2,1,5
21,181,2,2,15
21,182,1,1,4
21,183,1,1,3
21,183,1,2,18
21,184,1,1,3
21,184,1,2,18
21,185,1,1,13
21,186,1,1,3
21,187,1,1,4
21,187,1,2,10
21,188,1,1,4
21,188,1,2,10
21,189,1,1,4
21,189,1,2,10
21,190,1,1,1
21,191,1,1,4
21,192,1,1,4
21,193,1,1,12
21,193,1,2,10
21,194,1,1,3
21,194,1,2,9
21,195,1,1,3
21,195,1,2,9
21,196,1,1,11
21,197,1,1,16
21,198,1,1,16
21,198,1,2,10
21,199,1,1,3
21,199,1,2,11
21,200,1,1,14
21,201,1,1,11
21,201,2,1,11
21,201,3,1,11
21,201,4,1,11
21,201,5,1,11
21,201,6,1,11
21,201,7,1,11
21,201,8,1,11
21,201,9,1,11
21,201,10,1,11
21,201,11,1,11
21,201,12,1,11
21,201,13,1,11
21,201,14,1,11
21,201,15,1,11
21,201,16,1,11
21,201,17,1,11
21,201,18,1,11
21,201,19,1,11
21,201,20,1,11
21,201,21,1,11
21,201,22,1,11
21,201,23,1,11
21,201,24,1,11
21,201,25,1,11
21,201,26,1,11
21,201,27,1,11
21,201,28,1,11
21,202,1,1,11
21,203,1,1,1
21,203,1,2,11
21,204,1,1,12
21,205,1,1,12
21,205,1,2,17
21,206,1,1,1
21,207,1,1,9
21,207,1,2,10
21,208,1,1,17
21,208,1,2,9
21,209,1,1,18
21,210,1,1,18
21,211,1,1,3
21,211,1,2,8
21,212,1,1,12
21,212,1,2,17
21,212,2,1,12
21,212,2,2,17
21,213,1,1,12
21,213,1,2,13
21,214,1,1,12
21,214,1,2,7
21,214,2,1,12
21,214,2,2,7
21,215,1,1,16
21,215,1,2,6
21,216,1,1,1
21,217,1,1,1
21,218,1,1,2
21,219,1,1,2
21,219,1,2,13
21,220,1,1,6
21,220,1,2,9
21,221,1,1,6
21,221,1,2,9
21,222,1,1,3
21,222,1,2,13
21,223,1,1,3
21,224,1,1,3
21,225,1,1,6
21,225,1,2,10
21,226,1,1,3
21,226,1,2,10
21,227,1,1,17
21,227,1,2,10
21,228,1,1,16
21,228,1,2,2
21,229,1,1,16
21,229,1,2,2
21,229,2,1,16
21,229,2,2,2
21,230,1,1,3
21,230,1,2,15
21,231,1,1,9
21,232,1,1,9
21,233,1,1,1
21,234,1,1,1
21,235,1,1,1
21,236,1,1,7
21,237,1,1,7
21,238,1,1,6
21,238,1,2,11
21,239,1,1,5
21,240,1,1,2
21,241,1,1,1
21,242,1,1,1
21,243,1,1,5
21,244,1,1,2
21,245,1,1,3
21,246,1,1,13
21,246,1,2,9
21,247,1,1,13
21,247,1,2,9
21,248,1,1,13
21,248,1,2,16
21,248,2,1,13
21,248,2,2,16
21,249,1,1,11
21,249,1,2,10
21,250,1,1,2
21,250,1,2,10
21,251,1,1,11
21,251,1,2,4
21,252,1,1,4
21,253,1,1,4
21,254,1,1,4
21,255,1,1,2
21,256,1,1,2
21,256,1,2,7
21,257,1,1,2
21,257,1,2,7
21,257,2,1,2
21,257,2,2,7
21,258,1,1,3
21,259,1,1,3
21,259,1,2,9
21,260,1,1,3
21,260,1,2,9
21,261,1,1,16
21,262,1,1,16
21,263,1,1,1
21,264,1,1,1
21,265,1,1,12
21,266,1,1,12
21,267,1,1,12
21,267,1,2,10
21,268,1,1,12
21,269,1,1,12
21,269,1,2,8
21,270,1,1,3
21,270,1,2,4
21,271,1,1,3
21,271,1,2,4
21,272,1,1,3
21,272,1,2,4
21,273,1,1,4
21,274,1,1,4
21,274,1,2,16
21,275,1,1,4
21,275,1,2,16
21,276,1,1,1
21,276,1,2,10
21,277,1,1,1
21,277,1,2,10
21,278,1,1,3
21,278,1,2,10
21,279,1,1,3
21,279,1,2,10
21,280,1,1,11
21,280,1,2,18
21,281,1,1,11
21,281,1,2,18
21,282,1,1,11
21,282,1,2,18
21,282,2,1,11
21,282,2,2,18
21,283,1,1,12
21,283,1,2,3
21,284,1,1,12
21,284,1,2,10
21,285,1,1,4
21,286,1,1,4
21,286,1,2,7
21,287,1,1,1
21,288,1,1,1
21,289,1,1,1
21,290,1,1,12
21,290,1,2,9
21,291,1,1,12
21,291,1,2,10
21,292,1,1,12
21,292,1,2,14
21,293,1,1,1
21,294,1,1,1
21,295,1,1,1
21,296,1,1,7
21,297,1,1,7
21,298,1,1,1
21,298,1,2,18
21,299,1,1,13
21,300,1,1,1
21,301,1,1,1
21,302,1,1,16
21,302,1,2,14
21,303,1,1,17
21,303,1,2,18
21,303,2,1,17
21,303,2,2,18
21,304,1,1,17
21,304,1,2,13
21,305,1,1,17
21,305,1,2,13
21,306,1,1,17
21,306,1,2,13
21,306,2,1,17
21,307,1,1,7
21,307,1,2,11
21,308,1,1,7
21,308,1,2,11
21,308,2,1,7
21,308,2,2,11
21,309,1,1,5
21,310,1,1,5
21,310,2,1,5
21,311,1,1,5
21,312,1,1,5
21,313,1,1,12
21,314,1,1,12
21,315,1,1,4
21,315,1,2,8
21,316,1,1,8
21,317,1,1,8
21,318,1,1,3
21,318,1,2,16
21,319,1,1,3
21,319,1,2,16
21,320,1,1,3
21,321,1,1,3
21,322,1,1,2
21,322,1,2,9
21,323,1,1,2
21,323,1,2,9
21,324,1,1,2
21,325,1,1,11
21,326,1,1,11
21,327,1,1,1
21,328,1,1,9
21,329,1,1,9
21,329,1,2,15
21,330,1,1,9
21,330,1,2,15
21,331,1,1,4
21,332,1,1,4
21,332,1,2,16
21,333,1,1,1
21,333,1,2,10
21,334,1,1,15
21,334,1,2,10
21,335,1,1,1
21,336,1,1,8
21,337,1,1,13
21,337,1,2,11
21,338,1,1,13
21,338,1,2,11
21,339,1,1,3
21,339,1,2,9
21,340,1,1,3
21,340,1,2,9
21,341,1,1,3
21,342,1,1,3
21,342,1,2,16
21,343,1,1,9
21,343,1,2,11
21,344,1,1,9
21,344,1,2,11
21,345,1,1,13
21,345,1,2,4
21,346,1,1,13
21,346,1,2,4
21,347,1,1,13
21,347,1,2,12
21,348,1,1,13
21,348,1,2,12
21,349,1,1,3
21,350,1,1,3
21,351,1,1,1
21,351,2,1,2
21,351,3,1,3
21,351,4,1,6
21,352,1,1,1
21,353,1,1,14
21,354,1,1,14
21,354,2,1,14
21,355,1,1,14
21,356,1,1,14
21,357,1,1,4
21,357,1,2,10
21,358,1,1,11
21,359,1,1,16
21,359,2,1,16
21,360,1,1,11
21,361,1,1,6
21,362,1,1,6
21,363,1,1,6
21,363,1,2,3
21,364,1,1,6
21,364,1,2,3
21,365,1,1,6
21,365,1,2,3
21,366,1,1,3
21,367,1,1,3
21,368,1,1,3
21,369,1,1,3
21,369,1,2,13
21,370,1,1,3
21,371,1,1,15
21,372,1,1,15
21,373,1,1,15
21,373,1,2,10
21,374,1,1,17
21,374,1,2,11
21,375,1,1,17
21,375,1,2,11
21,376,1,1,17
21,376,1,2,11
21,377,1,1,13
21,378,1,1,6
21,379,1,1,17
21,380,1,1,15
21,380,1,2,11
21,380,2,1,15
21,380,2,2,11
21,381,1,1,15
21,381,1,2,11
21,381,2,1,15
21,381,2,2,11
21,382,1,1,3
21,383,1,1,9
21,384,1,1,15
21,384,1,2,10
21,385,1,1,17
21,385,1,2,11
21,386,1,1,11
21,386,2,1,11
21,386,3,1,11
21,386,4,1,11
21,387,1,1,4
21,388,1,1,4
21,389,1,1,4
21,389,1,2,9
21,390,1,1,2
21,391,1,1,2
21,391,1,2,7
21,392,1,1,2
21,392,1,2,7
21,393,1,1,3
21,394,1,1,3
21,395,1,1,3
21,395,1,2,17
21,396,1,1,1
21,396,1,2,10
21,397,1,1,1
21,397,1,2,10
21,398,1,1,1
21,398,1,2,10
21,399,1,1,1
21,400,1,1,1
21,400,1,2,3
21,401,1,1,12
21,402,1,1,12
21,403,1,1,5
21,404,1,1,5
21,405,1,1,5
21,406,1,1,4
21,406,1,2,8
21,407,1,1,4
21,407,1,2,8
21,408,1,1,13
21,409,1,1,13
21,410,1,1,13
21,410,1,2,17
21,411,1,1,13
21,411,1,2,17
21,412,1,1,12
21,412,2,1,12
21,412,3,1,12
21,413,1,1,12
21,413,1,2,4
21,413,2,1,12
21,413,2,2,9
21,413,3,1,12
21,413,3,2,17
21,414,1,1,12
21,414,1,2,10
21,415,1,1,12
21,415,1,2,10
21,416,1,1,12
21,416,1,2,10
21,417,1,1,5
21,418,1,1,3
21,419,1,1,3
21,420,1,1,4
21,421,1,1,4
21,421,2,1,4
21,422,1,1,3
21,422,2,1,3
21,423,1,1,3
21,423,1,2,9
21,423,2,1,3
21,423,2,2,9
21,424,1,1,1
21,425,1,1,14
21,425,1,2,10
21,426,1,1,14
21,426,1,2,10
21,427,1,1,1
21,428,1,1,1
21,429,1,1,14
21,430,1,1,16
21,430,1,2,10
21,431,1,1,1
21,432,1,1,1
21,433,1,1,11
21,434,1,1,8
21,434,1,2,16
21,435,1,1,8
21,435,1,2,16
21,436,1,1,17
21,436,1,2,11
21,437,1,1,17
21,437,1,2,11
21,438,1,1,13
21,439,1,1,11
21,439,1,2,18
21,440,1,1,1
21,441,1,1,1
21,441,1,2,10
21,442,1,1,14
21,442,1,2,16
21,443,1,1,15
21,443,1,2,9
21,444,1,1,15
21,444,1,2,9
21,445,1,1,15
21,445,1,2,9
21,445,2,1,15
21,445,2,2,9
21,446,1,1,1
21,447,1,1,7
21,448,1,1,7
21,448,1,2,17
21,448,2,1,7
21,448,2,2,17
21,449,1,1,9
21,450,1,1,9
21,451,1,1,8
21,451,1,2,12
21,452,1,1,8
21,452,1,2,16
21,453,1,1,8
21,453,1,2,7
21,454,1,1,8
21,454,1,2,7
21,455,1,1,4
21,456,1,1,3
21,457,1,1,3
21,458,1,1,3
21,458,1,2,10
21,459,1,1,4
21,459,1,2,6
21,460,1,1,4
21,460,1,2,6
21,460,2,1,4
21,460,2,2,6
21,461,1,1,16
21,461,1,2,6
21,462,1,1,5
21,462,1,2,17
21,463,1,1,1
21,464,1,1,9
21,464,1,2,13
21,465,1,1,4
21,466,1,1,5
21,467,1,1,2
21,468,1,1,18
21,468,1,2,10
21,469,1,1,12
21,469,1,2,10
21,470,1,1,4
21,471,1,1,6
21,472,1,1,9
21,472,1,2,10
21,473,1,1,6
21,473,1,2,9
21,474,1,1,1
21,475,1,1,11
21,475,1,2,7
21,476,1,1,13
21,476,1,2,17
21,477,1,1,14
21,478,1,1,6
21,478,1,2,14
21,479,1,1,5
21,479,1,2,14
21,479,2,1,5
21,479,2,2,2
21,479,3,1,5
21,479,3,2,3
21,479,4,1,5
21,479,4,2,6
21,479,5,1,5
21,479,5,2,10
21,479,6,1,5
21,479,6,2,4
21,480,1,1,11
21,481,1,1,11
21,482,1,1,11
21,483,1,1,17
21,483,1,2,15
21,484,1,1,3
21,484,1,2,15
21,485,1,1,2
21,485,1,2,17
21,486,1,1,1
21,487,1,1,14
21,487,1,2,15
21,487,2,1,14
21,487,2,2,15
21,488,1,1,11
21,489,1,1,3
21,490,1,1,3
21,491,1,1,16
21,492,1,1,4
21,492,2,1,4
21,492,2,2,10
21,493,1,1,1
21,493,2,1,2
21,493,3,1,3
21,493,4,1,4
21,493,5,1,5
21,493,6,1,6
21,493,7,1,7
21,493,8,1,8
21,493,9,1,9
21,493,10,1,10
21,493,11,1,11
21,493,12,1,12
21,493,13,1,13
21,493,14,1,14
21,493,15,1,15
21,493,16,1,16
21,493,17,1,17
21,493,18,1,18
21,494,1,1,11
21,494,1,2,2
21,495,1,1,4
21,496,1,1,4
21,497,1,1,4
21,498,1,1,2
21,499,1,1,2
21,499,1,2,7
21,500,1,1,2
21,500,1,2,7
21,501,1,1,3
21,502,1,1,3
21,503,1,1,3
21,504,1,1,1
21,505,1,1,1
21,506,1,1,1
21,507,1,1,1
21,508,1,1,1
21,509,1,1,16
21,510,1,1,16
21,511,1,1,4
21,512,1,1,4
21,513,1,1,2
21,514,1,1,2
21,515,1,1,3
21,516,1,1,3
21,517,1,1,11
21,518,1,1,11
21,519,1,1,1
21,519,1,2,10
21,520,1,1,1
21,520,1,2,10
21,521,1,1,1
21,521,1,2,10
21,522,1,1,5
21,523,1,1,5
21,524,1,1,13
21,525,1,1,13
21,526,1,1,13
21,527,1,1,11
21,527,1,2,10
21,528,1,1,11
21,528,1,2,10
21,529,1,1,9
21,530,1,1,9
21,530,1,2,17
21,531,1,1,1
21,532,1,1,7
21,533,1,1,7
21,534,1,1,7
21,535,1,1,3
21,536,1,1,3
21,536,1,2,9
21,537,1,1,3
21,537,1,2,9
21,538,1,1,7
21,539,1,1,7
21,540,1,1,12
21,540,1,2,4
21,541,1,1,12
21,541,1,2,4
21,542,1,1,12
21,542,1,2,4
21,543,1,1,12
21,543,1,2,8
21,544,1,1,12
21,544,1,2,8
21,545,1,1,12
21,545,1,2,8
21,546,1,1,4
21,546,1,2,18
21,547,1,1,4
21,547,1,2,18
21,548,1,1,4
21,549,1,1,4
21,550,1,1,3
21,550,2,1,3
21,551,1,1,9
21,551,1,2,16
21,552,1,1,9
21,552,1,2,16
21,553,1,1,9
21,553,1,2,16
21,554,1,1,2
21,555,1,1,2
21,555,2,1,2
21,555,2,2,11
21,556,1,1,4
21,557,1,1,12
21,557,1,2,13
21,558,1,1,12
21,558,1,2,13
21,559,1,1,16
21,559,1,2,7
21,560,1,1,16
21,560,1,2,7
21,561,1,1,11
21,561,1,2,10
21,562,1,1,14
21,563,1,1,14
21,564,1,1,3
21,564,1,2,13
21,565,1,1,3
21,565,1,2,13
21,566,1,1,13
21,566,1,2,10
21,567,1,1,13
21,567,1,2,10
21,568,1,1,8
21,569,1,1,8
21,570,1,1,16
21,571,1,1,16
21,572,1,1,1
21,573,1,1,1
21,574,1,1,11
21,575,1,1,11
21,576,1,1,11
21,577,1,1,11
21,578,1,1,11
21,579,1,1,11
21,580,1,1,3
21,580,1,2,10
21,581,1,1,3
21,581,1,2,10
21,582,1,1,6
21,583,1,1,6
21,584,1,1,6
21,585,1,1,1
21,585,1,2,4
21,585,2,1,1
21,585,2,2,4
21,585,3,1,1
21,585,3,2,4
21,585,4,1,1
21,585,4,2,4
21,586,1,1,1
21,586,1,2,4
21,586,2,1,1
21,586,2,2,4
21,586,3,1,1
21,586,3,2,4
21,586,4,1,1
21,586,4,2,4
21,587,1,1,5
21,587,1,2,10
21,588,1,1,12
21,589,1,1,12
21,589,1,2,17
21,590,1,1,4
21,590,1,2,8
21,591,1,1,4
21,591,1,2,8
21,592,1,1,3
21,592,1,2,14
21,593,1,1,3
21,593,1,2,14
21,594,1,1,3
21,595,1,1,12
21,595,1,2,5
21,596,1,1,12
21,596,1,2,5
21,597,1,1,4
21,597,1,2,17
21,598,1,1,4
21,598,1,2,17
21,599,1,1,17
21,600,1,1,17
21,601,1,1,17
21,602,1,1,5
21,603,1,1,5
21,604,1,1,5
21,605,1,1,11
21,606,1,1,11
21,607,1,1,14
21,607,1,2,2
21,608,1,1,14
21,608,1,2,2
21,609,1,1,14
21,609,1,2,2
21,610,1,1,15
21,611,1,1,15
21,612,1,1,15
21,613,1,1,6
21,614,1,1,6
21,615,1,1,6
21,616,1,1,12
21,617,1,1,12
21,618,1,1,9
21,618,1,2,5
21,619,1,1,7
21,620,1,1,7
21,621,1,1,15
21,622,1,1,9
21,622,1,2,14
21,623,1,1,9
21,623,1,2,14
21,624,1,1,16
21,624,1,2,17
21,625,1,1,16
21,625,1,2,17
21,626,1,1,1
21,627,1,1,1
21,627,1,2,10
21,628,1,1,1
21,628,1,2,10
21,629,1,1,16
21,629,1,2,10
21,630,1,1,16
21,630,1,2,10
21,631,1,1,2
21,632,1,1,12
21,632,1,2,17
21,633,1,1,16
21,633,1,2,15
21,634,1,1,16
21,634,1,2,15
21,635,1,1,16
21,635,1,2,15
21,636,1,1,12
21,636,1,2,2
21,637,1,1,12
21,637,1,2,2
21,638,1,1,17
21,638,1,2,7
21,639,1,1,13
21,639,1,2,7
21,640,1,1,4
21,640,1,2,7
21,641,1,1,10
21,641,2,1,10
21,642,1,1,5
21,642,1,2,10
21,642,2,1,5
21,642,2,2,10
21,643,1,1,15
21,643,1,2,2
21,644,1,1,15
21,644,1,2,5
21,645,1,1,9
21,645,1,2,10
21,645,2,1,9
21,645,2,2,10
21,646,1,1,15
21,646,1,2,6
21,646,2,1,15
21,646,2,2,6
21,646,3,1,15
21,646,3,2,6
21,647,1,1,3
21,647,1,2,7
21,647,2,1,3
21,647,2,2,7
21,648,1,1,1
21,648,1,2,11
21,648,2,1,1
21,648,2,2,7
21,649,1,1,12
21,649,1,2,17
21,649,2,1,12
21,649,2,2,17
21,649,3,1,12
21,649,3,2,17
21,649,4,1,12
21,649,4,2,17
21,649,5,1,12
21,649,5,2,17
21,650,1,1,4
21,651,1,1,4
21,652,1,1,4
21,652,1,2,7
21,653,1,1,2
21,654,1,1,2
21,655,1,1,2
21,655,1,2,11
21,656,1,1,3
21,657,1,1,3
21,658,1,1,3
21,658,1,2,16
21,659,1,1,1
21,660,1,1,1
21,660,1,2,9
21,661,1,1,1
21,661,1,2,10
21,662,1,1,2
21,662,1,2,10
21,663,1,1,2
21,663,1,2,10
21,664,1,1,12
21,665,1,1,12
21,666,1,1,12
21,666,1,2,10
21,666,2,1,12
21,666,2,2,10
21,666,3,1,12
21,666,3,2,10
21,666,4,1,12
21,666,4,2,10
21,666,5,1,12
21,666,5,2,10
21,666,6,1,12
21,666,6,2,10
21,666,7,1,12
21,666,7,2,10
21,666,8,1,12
21,666,8,2,10
21,666,9,1,12
21,666,9,2,10
21,666,10,1,12
21,666,10,2,10
21,666,11,1,12
21,666,11,2,10
21,666,12,1,12
21,666,12,2,10
21,666,13,1,12
21,666,13,2,10
21,666,14,1,12
21,666,14,2,10
21,666,15,1,12
21,666,15,2,10
21,666,16,1,12
21,666,16,2,10
21,666,17,1,12
21,666,17,2,10
21,666,18,1,12
21,666,18,2,10
21,666,19,1,12
21,666,19,2,10
21,666,20,1,12
21,666,20,2,10
21,667,1,1,2
21,667,1,2,1
21,668,1,1,2
21,668,1,2,1
21,669,1,1,18
21,669,2,1,18
21,669,3,1,18
21,669,4,1,18
21,669,5,1,18
21,670,1,1,18
21,670,2,1,18
21,670,3,1,18
21,670,4,1,18
21,670,5,1,18
21,670,6,1,18
21,671,1,1,18
21,671,2,1,18
21,671,3,1,18
21,671,4,1,18
21,671,5,1,18
21,672,1,1,4
21,673,1,1,4
21,674,1,1,7
21,675,1,1,7
21,675,1,2,16
21,676,1,1,1
21,676,2,1,1
21,676,3,1,1
21,676,4,1,1
21,676,5,1,1
21,676,6,1,1
21,676,7,1,1
21,676,8,1,1
21,676,9,1,1
21,676,10,1,1
21,677,1,1,11
21,678,1,1,11
21,678,2,1,11
21,679,1,1,17
21,679,1,2,14
21,680,1,1,17
21,680,1,2,14
21,681,1,1,17
21,681,1,2,14
21,681,2,1,17
21,681,2,2,14
21,682,1,1,18
21,683,1,1,18
21,684,1,1,18
21,685,1,1,18
21,686,1,1,16
21,686,1,2,11
21,687,1,1,16
21,687,1,2,11
21,688,1,1,13
21,688,1,2,3
21,689,1,1,13
21,689,1,2,3
21,690,1,1,8
21,690,1,2,3
21,691,1,1,8
21,691,1,2,15
21,692,1,1,3
21,693,1,1,3
21,694,1,1,5
21,694,1,2,1
21,695,1,1,5
21,695,1,2,1
21,696,1,1,13
21,696,1,2,15
21,697,1,1,13
21,697,1,2,15
21,698,1,1,13
21,698,1,2,6
21,699,1,1,13
21,699,1,2,6
21,700,1,1,18
21,701,1,1,7
21,701,1,2,10
21,702,1,1,5
21,702,1,2,18
21,703,1,1,13
21,703,1,2,18
21,704,1,1,15
21,705,1,1,15
21,706,1,1,15
21,707,1,1,17
21,707,1,2,18
21,708,1,1,14
21,708,1,2,4
21,709,1,1,14
21,709,1,2,4
21,710,1,1,14
21,710,1,2,4
21,710,2,1,14
21,710,2,2,4
21,710,3,1,14
21,710,3,2,4
21,710,4,1,14
21,710,4,2,4
21,711,1,1,14
21,711,1,2,4
21,711,2,1,14
21,711,2,2,4
21,711,3,1,14
21,711,3,2,4
21,711,4,1,14
21,711,4,2,4
21,712,1,1,6
21,713,1,1,6
21,714,1,1,10
21,714,1,2,15
21,715,1,1,10
21,715,1,2,15
21,716,1,1,18
21,716,2,1,18
21,717,1,1,16
21,717,1,2,10
21,718,2,1,15
21,718,2,2,9
21,719,1,1,13
21,719,1,2,18
21,720,1,1,11
21,720,1,2,14
21,721,1,1,2
21,721,1,2,3
22,1,1,1,4
22,1,1,2,8
22,2,1,1,4
22,2,1,2,8
22,3,1,1,4
22,3,1,2,8
22,3,2,1,4
22,3,2,2,8
22,4,1,1,2
22,5,1,1,2
22,6,1,1,2
22,6,1,2,10
22,6,2,1,2
22,6,2,2,15
22,6,3,1,2
22,6,3,2,10
22,7,1,1,3
22,8,1,1,3
22,9,1,1,3
22,9,2,1,3
22,10,1,1,12
22,11,1,1,12
22,12,1,1,12
22,12,1,2,10
22,13,1,1,12
22,13,1,2,8
22,14,1,1,12
22,14,1,2,8
22,15,1,1,12
22,15,1,2,8
22,16,1,1,1
22,16,1,2,10
22,17,1,1,1
22,17,1,2,10
22,18,1,1,1
22,18,1,2,10
22,19,1,1,1
22,20,1,1,1
22,21,1,1,1
22,21,1,2,10
22,22,1,1,1
22,22,1,2,10
22,23,1,1,8
22,24,1,1,8
22,25,1,1,5
22,26,1,1,5
22,27,1,1,9
22,28,1,1,9
22,29,1,1,8
22,30,1,1,8
22,31,1,1,8
22,31,1,2,9
22,32,1,1,8
22,33,1,1,8
22,34,1,1,8
22,34,1,2,9
22,35,1,1,18
22,36,1,1,18
22,37,1,1,2
22,38,1,1,2
22,39,1,1,1
22,39,1,2,18
22,40,1,1,1
22,40,1,2,18
22,41,1,1,8
22,41,1,2,10
22,42,1,1,8
22,42,1,2,10
22,43,1,1,4
22,43,1,2,8
22,44,1,1,4
22,44,1,2,8
22,45,1,1,4
22,45,1,2,8
22,46,1,1,12
22,46,1,2,4
22,47,1,1,12
22,47,1,2,4
22,48,1,1,12
22,48,1,2,8
22,49,1,1,12
22,49,1,2,8
22,50,1,1,9
22,51,1,1,9
22,52,1,1,1
22,53,1,1,1
22,54,1,1,3
22,55,1,1,3
22,56,1,1,7
22,57,1,1,7
22,58,1,1,2
22,59,1,1,2
22,60,1,1,3
22,61,1,1,3
22,62,1,1,3
22,62,1,2,7
22,63,1,1,11
22,64,1,1,11
22,65,1,1,11
22,65,2,1,11
22,66,1,1,7
22,67,1,1,7
22,68,1,1,7
22,69,1,1,4
22,69,1,2,8
22,70,1,1,4
22,70,1,2,8
22,71,1,1,4
22,71,1,2,8
22,72,1,1,3
22,72,1,2,8
22,73,1,1,3
22,73,1,2,8
22,74,1,1,13
22,74,1,2,9
22,75,1,1,13
22,75,1,2,9
22,76,1,1,13
22,76,1,2,9
22,77,1,1,2
22,78,1,1,2
22,79,1,1,3
22,79,1,2,11
22,80,1,1,3
22,80,1,2,11
22,81,1,1,5
22,81,1,2,17
22,82,1,1,5
22,82,1,2,17
22,83,1,1,1
22,83,1,2,10
22,84,1,1,1
22,84,1,2,10
22,85,1,1,1
22,85,1,2,10
22,86,1,1,3
22,87,1,1,3
22,87,1,2,6
22,88,1,1,8
22,89,1,1,8
22,90,1,1,3
22,91,1,1,3
22,91,1,2,6
22,92,1,1,14
22,92,1,2,8
22,93,1,1,14
22,93,1,2,8
22,94,1,1,14
22,94,1,2,8
22,94,2,1,14
22,94,2,2,8
22,95,1,1,13
22,95,1,2,9
22,96,1,1,11
22,97,1,1,11
22,98,1,1,3
22,99,1,1,3
22,100,1,1,5
22,101,1,1,5
22,102,1,1,4
22,102,1,2,11
22,103,1,1,4
22,103,1,2,11
22,104,1,1,9
22,105,1,1,9
22,106,1,1,7
22,107,1,1,7
22,108,1,1,1
22,109,1,1,8
22,110,1,1,8
22,111,1,1,9
22,111,1,2,13
22,112,1,1,9
22,112,1,2,13
22,113,1,1,1
22,114,1,1,4
22,115,1,1,1
22,115,2,1,1
22,116,1,1,3
22,117,1,1,3
22,118,1,1,3
22,119,1,1,3
22,120,1,1,3
22,121,1,1,3
22,121,1,2,11
22,122,1,1,11
22,122,1,2,18
22,123,1,1,12
22,123,1,2,10
22,124,1,1,6
22,124,1,2,11
22,125,1,1,5
22,126,1,1,2
22,127,1,1,12
22,127,2,1,12
22,127,2,2,10
22,128,1,1,1
22,129,1,1,3
22,130,1,1,3
22,130,1,2,10
22,130,2,1,3
22,130,2,2,16
22,131,1,1,3
22,131,1,2,6
22,132,1,1,1
22,133,1,1,1
22,134,1,1,3
22,135,1,1,5
22,136,1,1,2
22,137,1,1,1
22,138,1,1,13
22,138,1,2,3
22,139,1,1,13
22,139,1,2,3
22,140,1,1,13
22,140,1,2,3
22,141,1,1,13
22,141,1,2,3
22,142,1,1,13
22,142,1,2,10
22,142,2,1,13
22,142,2,2,10
22,143,1,1,1
22,144,1,1,6
22,144,1,2,10
22,145,1,1,5
22,145,1,2,10
22,146,1,1,2
22,146,1,2,10
22,147,1,1,15
22,148,1,1,15
22,149,1,1,15
22,149,1,2,10
22,150,1,1,11
22,150,2,1,11
22,150,2,2,7
22,150,3,1,11
22,151,1,1,11
22,152,1,1,4
22,153,1,1,4
22,154,1,1,4
22,155,1,1,2
22,156,1,1,2
22,157,1,1,2
22,158,1,1,3
22,159,1,1,3
22,160,1,1,3
22,161,1,1,1
22,162,1,1,1
22,163,1,1,1
22,163,1,2,10
22,164,1,1,1
22,164,1,2,10
22,165,1,1,12
22,165,1,2,10
22,166,1,1,12
22,166,1,2,10
22,167,1,1,12
22,167,1,2,8
22,168,1,1,12
22,168,1,2,8
22,169,1,1,8
22,169,1,2,10
22,170,1,1,3
22,170,1,2,5
22,171,1,1,3
22,171,1,2,5
22,172,1,1,5
22,173,1,1,18
22,174,1,1,1
22,174,1,2,18
22,175,1,1,18
22,176,1,1,18
22,176,1,2,10
22,177,1,1,11
22,177,1,2,10
22,178,1,1,11
22,178,1,2,10
22,179,1,1,5
22,180,1,1,5
22,181,1,1,5
22,181,2,1,5
22,181,2,2,15
22,182,1,1,4
22,183,1,1,3
22,183,1,2,18
22,184,1,1,3
22,184,1,2,18
22,185,1,1,13
22,186,1,1,3
22,187,1,1,4
22,187,1,2,10
22,188,1,1,4
22,188,1,2,10
22,189,1,1,4
22,189,1,2,10
22,190,1,1,1
22,191,1,1,4
22,192,1,1,4
22,193,1,1,12
22,193,1,2,10
22,194,1,1,3
22,194,1,2,9
22,195,1,1,3
22,195,1,2,9
22,196,1,1,11
22,197,1,1,16
22,198,1,1,16
22,198,1,2,10
22,199,1,1,3
22,199,1,2,11
22,200,1,1,14
22,201,1,1,11
22,201,2,1,11
22,201,3,1,11
22,201,4,1,11
22,201,5,1,11
22,201,6,1,11
22,201,7,1,11
22,201,8,1,11
22,201,9,1,11
22,201,10,1,11
22,201,11,1,11
22,201,12,1,11
22,201,13,1,11
22,201,14,1,11
22,201,15,1,11
22,201,16,1,11
22,201,17,1,11
22,201,18,1,11
22,201,19,1,11
22,201,20,1,11
22,201,21,1,11
22,201,22,1,11
22,201,23,1,11
22,201,24,1,11
22,201,25,1,11
22,201,26,1,11
22,201,27,1,11
22,201,28,1,11
22,202,1,1,11
22,203,1,1,1
22,203,1,2,11
22,204,1,1,12
22,205,1,1,12
22,205,1,2,17
22,206,1,1,1
22,207,1,1,9
22,207,1,2,10
22,208,1,1,17
22,208,1,2,9
22,209,1,1,18
22,210,1,1,18
22,211,1,1,3
22,211,1,2,8
22,212,1,1,12
22,212,1,2,17
22,212,2,1,12
22,212,2,2,17
22,213,1,1,12
22,213,1,2,13
22,214,1,1,12
22,214,1,2,7
22,214,2,1,12
22,214,2,2,7
22,215,1,1,16
22,215,1,2,6
22,216,1,1,1
22,217,1,1,1
22,218,1,1,2
22,219,1,1,2
22,219,1,2,13
22,220,1,1,6
22,220,1,2,9
22,221,1,1,6
22,221,1,2,9
22,222,1,1,3
22,222,1,2,13
22,223,1,1,3
22,224,1,1,3
22,225,1,1,6
22,225,1,2,10
22,226,1,1,3
22,226,1,2,10
22,227,1,1,17
22,227,1,2,10
22,228,1,1,16
22,228,1,2,2
22,229,1,1,16
22,229,1,2,2
22,229,2,1,16
22,229,2,2,2
22,230,1,1,3
22,230,1,2,15
22,231,1,1,9
22,232,1,1,9
22,233,1,1,1
22,234,1,1,1
22,235,1,1,1
22,236,1,1,7
22,237,1,1,7
22,238,1,1,6
22,238,1,2,11
22,239,1,1,5
22,240,1,1,2
22,241,1,1,1
22,242,1,1,1
22,243,1,1,5
22,244,1,1,2
22,245,1,1,3
22,246,1,1,13
22,246,1,2,9
22,247,1,1,13
22,247,1,2,9
22,248,1,1,13
22,248,1,2,16
22,248,2,1,13
22,248,2,2,16
22,249,1,1,11
22,249,1,2,10
22,250,1,1,2
22,250,1,2,10
22,251,1,1,11
22,251,1,2,4
22,252,1,1,4
22,253,1,1,4
22,254,1,1,4
22,255,1,1,2
22,256,1,1,2
22,256,1,2,7
22,257,1,1,2
22,257,1,2,7
22,257,2,1,2
22,257,2,2,7
22,258,1,1,3
22,259,1,1,3
22,259,1,2,9
22,260,1,1,3
22,260,1,2,9
22,261,1,1,16
22,262,1,1,16
22,263,1,1,1
22,264,1,1,1
22,265,1,1,12
22,266,1,1,12
22,267,1,1,12
22,267,1,2,10
22,268,1,1,12
22,269,1,1,12
22,269,1,2,8
22,270,1,1,3
22,270,1,2,4
22,271,1,1,3
22,271,1,2,4
22,272,1,1,3
22,272,1,2,4
22,273,1,1,4
22,274,1,1,4
22,274,1,2,16
22,275,1,1,4
22,275,1,2,16
22,276,1,1,1
22,276,1,2,10
22,277,1,1,1
22,277,1,2,10
22,278,1,1,3
22,278,1,2,10
22,279,1,1,3
22,279,1,2,10
22,280,1,1,11
22,280,1,2,18
22,281,1,1,11
22,281,1,2,18
22,282,1,1,11
22,282,1,2,18
22,282,2,1,11
22,282,2,2,18
22,283,1,1,12
22,283,1,2,3
22,284,1,1,12
22,284,1,2,10
22,285,1,1,4
22,286,1,1,4
22,286,1,2,7
22,287,1,1,1
22,288,1,1,1
22,289,1,1,1
22,290,1,1,12
22,290,1,2,9
22,291,1,1,12
22,291,1,2,10
22,292,1,1,12
22,292,1,2,14
22,293,1,1,1
22,294,1,1,1
22,295,1,1,1
22,296,1,1,7
22,297,1,1,7
22,298,1,1,1
22,298,1,2,18
22,299,1,1,13
22,300,1,1,1
22,301,1,1,1
22,302,1,1,16
22,302,1,2,14
22,303,1,1,17
22,303,1,2,18
22,303,2,1,17
22,303,2,2,18
22,304,1,1,17
22,304,1,2,13
22,305,1,1,17
22,305,1,2,13
22,306,1,1,17
22,306,1,2,13
22,306,2,1,17
22,307,1,1,7
22,307,1,2,11
22,308,1,1,7
22,308,1,2,11
22,308,2,1,7
22,308,2,2,11
22,309,1,1,5
22,310,1,1,5
22,310,2,1,5
22,311,1,1,5
22,312,1,1,5
22,313,1,1,12
22,314,1,1,12
22,315,1,1,4
22,315,1,2,8
22,316,1,1,8
22,317,1,1,8
22,318,1,1,3
22,318,1,2,16
22,319,1,1,3
22,319,1,2,16
22,320,1,1,3
22,321,1,1,3
22,322,1,1,2
22,322,1,2,9
22,323,1,1,2
22,323,1,2,9
22,324,1,1,2
22,325,1,1,11
22,326,1,1,11
22,327,1,1,1
22,328,1,1,9
22,329,1,1,9
22,329,1,2,15
22,330,1,1,9
22,330,1,2,15
22,331,1,1,4
22,332,1,1,4
22,332,1,2,16
22,333,1,1,1
22,333,1,2,10
22,334,1,1,15
22,334,1,2,10
22,335,1,1,1
22,336,1,1,8
22,337,1,1,13
22,337,1,2,11
22,338,1,1,13
22,338,1,2,11
22,339,1,1,3
22,339,1,2,9
22,340,1,1,3
22,340,1,2,9
22,341,1,1,3
22,342,1,1,3
22,342,1,2,16
22,343,1,1,9
22,343,1,2,11
22,344,1,1,9
22,344,1,2,11
22,345,1,1,13
22,345,1,2,4
22,346,1,1,13
22,346,1,2,4
22,347,1,1,13
22,347,1,2,12
22,348,1,1,13
22,348,1,2,12
22,349,1,1,3
22,350,1,1,3
22,351,1,1,1
22,351,2,1,2
22,351,3,1,3
22,351,4,1,6
22,352,1,1,1
22,353,1,1,14
22,354,1,1,14
22,354,2,1,14
22,355,1,1,14
22,356,1,1,14
22,357,1,1,4
22,357,1,2,10
22,358,1,1,11
22,359,1,1,16
22,359,2,1,16
22,360,1,1,11
22,361,1,1,6
22,362,1,1,6
22,363,1,1,6
22,363,1,2,3
22,364,1,1,6
22,364,1,2,3
22,365,1,1,6
22,365,1,2,3
22,366,1,1,3
22,367,1,1,3
22,368,1,1,3
22,369,1,1,3
22,369,1,2,13
22,370,1,1,3
22,371,1,1,15
22,372,1,1,15
22,373,1,1,15
22,373,1,2,10
22,374,1,1,17
22,374,1,2,11
22,375,1,1,17
22,375,1,2,11
22,376,1,1,17
22,376,1,2,11
22,377,1,1,13
22,378,1,1,6
22,379,1,1,17
22,380,1,1,15
22,380,1,2,11
22,380,2,1,15
22,380,2,2,11
22,381,1,1,15
22,381,1,2,11
22,381,2,1,15
22,381,2,2,11
22,382,1,1,3
22,383,1,1,9
22,384,1,1,15
22,384,1,2,10
22,385,1,1,17
22,385,1,2,11
22,386,1,1,11
22,386,2,1,11
22,386,3,1,11
22,386,4,1,11
22,387,1,1,4
22,388,1,1,4
22,389,1,1,4
22,389,1,2,9
22,390,1,1,2
22,391,1,1,2
22,391,1,2,7
22,392,1,1,2
22,392,1,2,7
22,393,1,1,3
22,394,1,1,3
22,395,1,1,3
22,395,1,2,17
22,396,1,1,1
22,396,1,2,10
22,397,1,1,1
22,397,1,2,10
22,398,1,1,1
22,398,1,2,10
22,399,1,1,1
22,400,1,1,1
22,400,1,2,3
22,401,1,1,12
22,402,1,1,12
22,403,1,1,5
22,404,1,1,5
22,405,1,1,5
22,406,1,1,4
22,406,1,2,8
22,407,1,1,4
22,407,1,2,8
22,408,1,1,13
22,409,1,1,13
22,410,1,1,13
22,410,1,2,17
22,411,1,1,13
22,411,1,2,17
22,412,1,1,12
22,412,2,1,12
22,412,3,1,12
22,413,1,1,12
22,413,1,2,4
22,413,2,1,12
22,413,2,2,9
22,413,3,1,12
22,413,3,2,17
22,414,1,1,12
22,414,1,2,10
22,415,1,1,12
22,415,1,2,10
22,416,1,1,12
22,416,1,2,10
22,417,1,1,5
22,418,1,1,3
22,419,1,1,3
22,420,1,1,4
22,421,1,1,4
22,421,2,1,4
22,422,1,1,3
22,422,2,1,3
22,423,1,1,3
22,423,1,2,9
22,423,2,1,3
22,423,2,2,9
22,424,1,1,1
22,425,1,1,14
22,425,1,2,10
22,426,1,1,14
22,426,1,2,10
22,427,1,1,1
22,428,1,1,1
22,429,1,1,14
22,430,1,1,16
22,430,1,2,10
22,431,1,1,1
22,432,1,1,1
22,433,1,1,11
22,434,1,1,8
22,434,1,2,16
22,435,1,1,8
22,435,1,2,16
22,436,1,1,17
22,436,1,2,11
22,437,1,1,17
22,437,1,2,11
22,438,1,1,13
22,439,1,1,11
22,439,1,2,18
22,440,1,1,1
22,441,1,1,1
22,441,1,2,10
22,442,1,1,14
22,442,1,2,16
22,443,1,1,15
22,443,1,2,9
22,444,1,1,15
22,444,1,2,9
22,445,1,1,15
22,445,1,2,9
22,445,2,1,15
22,445,2,2,9
22,446,1,1,1
22,447,1,1,7
22,448,1,1,7
22,448,1,2,17
22,448,2,1,7
22,448,2,2,17
22,449,1,1,9
22,450,1,1,9
22,451,1,1,8
22,451,1,2,12
22,452,1,1,8
22,452,1,2,16
22,453,1,1,8
22,453,1,2,7
22,454,1,1,8
22,454,1,2,7
22,455,1,1,4
22,456,1,1,3
22,457,1,1,3
22,458,1,1,3
22,458,1,2,10
22,459,1,1,4
22,459,1,2,6
22,460,1,1,4
22,460,1,2,6
22,460,2,1,4
22,460,2,2,6
22,461,1,1,16
22,461,1,2,6
22,462,1,1,5
22,462,1,2,17
22,463,1,1,1
22,464,1,1,9
22,464,1,2,13
22,465,1,1,4
22,466,1,1,5
22,467,1,1,2
22,468,1,1,18
22,468,1,2,10
22,469,1,1,12
22,469,1,2,10
22,470,1,1,4
22,471,1,1,6
22,472,1,1,9
22,472,1,2,10
22,473,1,1,6
22,473,1,2,9
22,474,1,1,1
22,475,1,1,11
22,475,1,2,7
22,476,1,1,13
22,476,1,2,17
22,477,1,1,14
22,478,1,1,6
22,478,1,2,14
22,479,1,1,5
22,479,1,2,14
22,479,2,1,5
22,479,2,2,2
22,479,3,1,5
22,479,3,2,3
22,479,4,1,5
22,479,4,2,6
22,479,5,1,5
22,479,5,2,10
22,479,6,1,5
22,479,6,2,4
22,480,1,1,11
22,481,1,1,11
22,482,1,1,11
22,483,1,1,17
22,483,1,2,15
22,484,1,1,3
22,484,1,2,15
22,485,1,1,2
22,485,1,2,17
22,486,1,1,1
22,487,1,1,14
22,487,1,2,15
22,487,2,1,14
22,487,2,2,15
22,488,1,1,11
22,489,1,1,3
22,490,1,1,3
22,491,1,1,16
22,492,1,1,4
22,492,2,1,4
22,492,2,2,10
22,493,1,1,1
22,493,2,1,2
22,493,3,1,3
22,493,4,1,4
22,493,5,1,5
22,493,6,1,6
22,493,7,1,7
22,493,8,1,8
22,493,9,1,9
22,493,10,1,10
22,493,11,1,11
22,493,12,1,12
22,493,13,1,13
22,493,14,1,14
22,493,15,1,15
22,493,16,1,16
22,493,17,1,17
22,493,18,1,18
22,494,1,1,11
22,494,1,2,2
22,495,1,1,4
22,496,1,1,4
22,497,1,1,4
22,498,1,1,2
22,499,1,1,2
22,499,1,2,7
22,500,1,1,2
22,500,1,2,7
22,501,1,1,3
22,502,1,1,3
22,503,1,1,3
22,504,1,1,1
22,505,1,1,1
22,506,1,1,1
22,507,1,1,1
22,508,1,1,1
22,509,1,1,16
22,510,1,1,16
22,511,1,1,4
22,512,1,1,4
22,513,1,1,2
22,514,1,1,2
22,515,1,1,3
22,516,1,1,3
22,517,1,1,11
22,518,1,1,11
22,519,1,1,1
22,519,1,2,10
22,520,1,1,1
22,520,1,2,10
22,521,1,1,1
22,521,1,2,10
22,522,1,1,5
22,523,1,1,5
22,524,1,1,13
22,525,1,1,13
22,526,1,1,13
22,527,1,1,11
22,527,1,2,10
22,528,1,1,11
22,528,1,2,10
22,529,1,1,9
22,530,1,1,9
22,530,1,2,17
22,531,1,1,1
22,532,1,1,7
22,533,1,1,7
22,534,1,1,7
22,535,1,1,3
22,536,1,1,3
22,536,1,2,9
22,537,1,1,3
22,537,1,2,9
22,538,1,1,7
22,539,1,1,7
22,540,1,1,12
22,540,1,2,4
22,541,1,1,12
22,541,1,2,4
22,542,1,1,12
22,542,1,2,4
22,543,1,1,12
22,543,1,2,8
22,544,1,1,12
22,544,1,2,8
22,545,1,1,12
22,545,1,2,8
22,546,1,1,4
22,546,1,2,18
22,547,1,1,4
22,547,1,2,18
22,548,1,1,4
22,549,1,1,4
22,550,1,1,3
22,550,2,1,3
22,551,1,1,9
22,551,1,2,16
22,552,1,1,9
22,552,1,2,16
22,553,1,1,9
22,553,1,2,16
22,554,1,1,2
22,555,1,1,2
22,555,2,1,2
22,555,2,2,11
22,556,1,1,4
22,557,1,1,12
22,557,1,2,13
22,558,1,1,12
22,558,1,2,13
22,559,1,1,16
22,559,1,2,7
22,560,1,1,16
22,560,1,2,7
22,561,1,1,11
22,561,1,2,10
22,562,1,1,14
22,563,1,1,14
22,564,1,1,3
22,564,1,2,13
22,565,1,1,3
22,565,1,2,13
22,566,1,1,13
22,566,1,2,10
22,567,1,1,13
22,567,1,2,10
22,568,1,1,8
22,569,1,1,8
22,570,1,1,16
22,571,1,1,16
22,572,1,1,1
22,573,1,1,1
22,574,1,1,11
22,575,1,1,11
22,576,1,1,11
22,577,1,1,11
22,578,1,1,11
22,579,1,1,11
22,580,1,1,3
22,580,1,2,10
22,581,1,1,3
22,581,1,2,10
22,582,1,1,6
22,583,1,1,6
22,584,1,1,6
22,585,1,1,1
22,585,1,2,4
22,585,2,1,1
22,585,2,2,4
22,585,3,1,1
22,585,3,2,4
22,585,4,1,1
22,585,4,2,4
22,586,1,1,1
22,586,1,2,4
22,586,2,1,1
22,586,2,2,4
22,586,3,1,1
22,586,3,2,4
22,586,4,1,1
22,586,4,2,4
22,587,1,1,5
22,587,1,2,10
22,588,1,1,12
22,589,1,1,12
22,589,1,2,17
22,590,1,1,4
22,590,1,2,8
22,591,1,1,4
22,591,1,2,8
22,592,1,1,3
22,592,1,2,14
22,593,1,1,3
22,593,1,2,14
22,594,1,1,3
22,595,1,1,12
22,595,1,2,5
22,596,1,1,12
22,596,1,2,5
22,597,1,1,4
22,597,1,2,17
22,598,1,1,4
22,598,1,2,17
22,599,1,1,17
22,600,1,1,17
22,601,1,1,17
22,602,1,1,5
22,603,1,1,5
22,604,1,1,5
22,605,1,1,11
22,606,1,1,11
22,607,1,1,14
22,607,1,2,2
22,608,1,1,14
22,608,1,2,2
22,609,1,1,14
22,609,1,2,2
22,610,1,1,15
22,611,1,1,15
22,612,1,1,15
22,613,1,1,6
22,614,1,1,6
22,615,1,1,6
22,616,1,1,12
22,617,1,1,12
22,618,1,1,9
22,618,1,2,5
22,619,1,1,7
22,620,1,1,7
22,621,1,1,15
22,622,1,1,9
22,622,1,2,14
22,623,1,1,9
22,623,1,2,14
22,624,1,1,16
22,624,1,2,17
22,625,1,1,16
22,625,1,2,17
22,626,1,1,1
22,627,1,1,1
22,627,1,2,10
22,628,1,1,1
22,628,1,2,10
22,629,1,1,16
22,629,1,2,10
22,630,1,1,16
22,630,1,2,10
22,631,1,1,2
22,632,1,1,12
22,632,1,2,17
22,633,1,1,16
22,633,1,2,15
22,634,1,1,16
22,634,1,2,15
22,635,1,1,16
22,635,1,2,15
22,636,1,1,12
22,636,1,2,2
22,637,1,1,12
22,637,1,2,2
22,638,1,1,17
22,638,1,2,7
22,639,1,1,13
22,639,1,2,7
22,640,1,1,4
22,640,1,2,7
22,641,1,1,10
22,641,2,1,10
22,642,1,1,5
22,642,1,2,10
22,642,2,1,5
22,642,2,2,10
22,643,1,1,15
22,643,1,2,2
22,644,1,1,15
22,644,1,2,5
22,645,1,1,9
22,645,1,2,10
22,645,2,1,9
22,645,2,2,10
22,646,1,1,15
22,646,1,2,6
22,646,2,1,15
22,646,2,2,6
22,646,3,1,15
22,646,3,2,6
22,647,1,1,3
22,647,1,2,7
22,647,2,1,3
22,647,2,2,7
22,648,1,1,1
22,648,1,2,11
22,648,2,1,1
22,648,2,2,7
22,649,1,1,12
22,649,1,2,17
22,649,2,1,12
22,649,2,2,17
22,649,3,1,12
22,649,3,2,17
22,649,4,1,12
22,649,4,2,17
22,649,5,1,12
22,649,5,2,17
22,650,1,1,4
22,651,1,1,4
22,652,1,1,4
22,652,1,2,7
22,653,1,1,2
22,654,1,1,2
22,655,1,1,2
22,655,1,2,11
22,656,1,1,3
22,657,1,1,3
22,658,1,1,3
22,658,1,2,16
22,659,1,1,1
22,660,1,1,1
22,660,1,2,9
22,661,1,1,1
22,661,1,2,10
22,662,1,1,2
22,662,1,2,10
22,663,1,1,2
22,663,1,2,10
22,664,1,1,12
22,665,1,1,12
22,666,1,1,12
22,666,1,2,10
22,666,2,1,12
22,666,2,2,10
22,666,3,1,12
22,666,3,2,10
22,666,4,1,12
22,666,4,2,10
22,666,5,1,12
22,666,5,2,10
22,666,6,1,12
22,666,6,2,10
22,666,7,1,12
22,666,7,2,10
22,666,8,1,12
22,666,8,2,10
22,666,9,1,12
22,666,9,2,10
22,666,10,1,12
22,666,10,2,10
22,666,11,1,12
22,666,11,2,10
22,666,12,1,12
22,666,12,2,10
22,666,13,1,12
22,666,13,2,10
22,666,14,1,12
22,666,14,2,10
22,666,15,1,12
22,666,15,2,10
22,666,16,1,12
22,666,16,2,10
22,666,17,1,12
22,666,17,2,10
22,666,18,1,12
22,666,18,2,10
22,666,19,1,12
22,666,19,2,10
22,666,20,1,12
22,666,20,2,10
22,667,1,1,2
22,667,1,2,1
22,668,1,1,2
22,668,1,2,1
22,669,1,1,18
22,669,2,1,18
22,669,3,1,18
22,669,4,1,18
22,669,5,1,18
22,670,1,1,18
22,670,2,1,18
22,670,3,1,18
22,670,4,1,18
22,670,5,1,18
22,670,6,1,18
22,671,1,1,18
22,671,2,1,18
22,671,3,1,18
22,671,4,1,18
22,671,5,1,18
22,672,1,1,4
22,673,1,1,4
22,674,1,1,7
22,675,1,1,7
22,675,1,2,16
22,676,1,1,1
22,676,2,1,1
22,676,3,1,1
22,676,4,1,1
22,676,5,1,1
22,676,6,1,1
22,676,7,1,1
22,676,8,1,1
22,676,9,1,1
22,676,10,1,1
22,677,1,1,11
22,678,1,1,11
22,678,2,1,11
22,679,1,1,17
22,679,1,2,14
22,680,1,1,17
22,680,1,2,14
22,681,1,1,17
22,681,1,2,14
22,681,2,1,17
22,681,2,2,14
22,682,1,1,18
22,683,1,1,18
22,684,1,1,18
22,685,1,1,18
22,686,1,1,16
22,686,1,2,11
22,687,1,1,16
22,687,1,2,11
22,688,1,1,13
22,688,1,2,3
22,689,1,1,13
22,689,1,2,3
22,690,1,1,8
22,690,1,2,3
22,691,1,1,8
22,691,1,2,15
22,692,1,1,3
22,693,1,1,3
22,694,1,1,5
22,694,1,2,1
22,695,1,1,5
22,695,1,2,1
22,696,1,1,13
22,696,1,2,15
22,697,1,1,13
22,697,1,2,15
22,698,1,1,13
22,698,1,2,6
22,699,1,1,13
22,699,1,2,6
22,700,1,1,18
22,701,1,1,7
22,701,1,2,10
22,702,1,1,5
22,702,1,2,18
22,703,1,1,13
22,703,1,2,18
22,704,1,1,15
22,705,1,1,15
22,706,1,1,15
22,707,1,1,17
22,707,1,2,18
22,708,1,1,14
22,708,1,2,4
22,709,1,1,14
22,709,1,2,4
22,710,1,1,14
22,710,1,2,4
22,710,2,1,14
22,710,2,2,4
22,710,3,1,14
22,710,3,2,4
22,710,4,1,14
22,710,4,2,4
22,711,1,1,14
22,711,1,2,4
22,711,2,1,14
22,711,2,2,4
22,711,3,1,14
22,711,3,2,4
22,711,4,1,14
22,711,4,2,4
22,712,1,1,6
22,713,1,1,6
22,714,1,1,10
22,714,1,2,15
22,715,1,1,10
22,715,1,2,15
22,716,1,1,18
22,716,2,1,18
22,717,1,1,16
22,717,1,2,10
22,718,2,1,15
22,718,2,2,9
22,719,1,1,13
22,719,1,2,18
22,720,1,1,11
22,720,1,2,14
22,721,1,1,2
22,721,1,2,3
23,1,1,1,4
23,1,1,2,8
23,2,1,1,4
23,2,1,2,8
23,3,1,1,4
23,3,1,2,8
23,3,2,1,4
23,3,2,2,8
23,4,1,1,2
23,5,1,1,2
23,6,1,1,2
23,6,1,2,10
23,6,2,1,2
23,6,2,2,15
23,6,3,1,2
23,6,3,2,10
23,7,1,1,3
23,8,1,1,3
23,9,1,1,3
23,9,2,1,3
23,10,1,1,12
23,11,1,1,12
23,12,1,1,12
23,12,1,2,10
23,13,1,1,12
23,13,1,2,8
23,14,1,1,12
23,14,1,2,8
23,15,1,1,12
23,15,1,2,8
23,15,2,1,12
23,15,2,2,8
23,16,1,1,1
23,16,1,2,10
23,17,1,1,1
23,17,1,2,10
23,18,1,1,1
23,18,1,2,10
23,18,2,1,1
23,18,2,2,10
23,19,1,1,1
23,20,1,1,1
23,21,1,1,1
23,21,1,2,10
23,22,1,1,1
23,22,1,2,10
23,23,1,1,8
23,24,1,1,8
23,25,1,1,5
23,25,2,1,5
23,25,3,1,5
23,25,4,1,5
23,25,5,1,5
23,25,6,1,5
23,25,7,1,5
23,26,1,1,5
23,27,1,1,9
23,28,1,1,9
23,29,1,1,8
23,30,1,1,8
23,31,1,1,8
23,31,1,2,9
23,32,1,1,8
23,33,1,1,8
23,34,1,1,8
23,34,1,2,9
23,35,1,1,18
23,36,1,1,18
23,37,1,1,2
23,38,1,1,2
23,39,1,1,1
23,39,1,2,18
23,40,1,1,1
23,40,1,2,18
23,41,1,1,8
23,41,1,2,10
23,42,1,1,8
23,42,1,2,10
23,43,1,1,4
23,43,1,2,8
23,44,1,1,4
23,44,1,2,8
23,45,1,1,4
23,45,1,2,8
23,46,1,1,12
23,46,1,2,4
23,47,1,1,12
23,47,1,2,4
23,48,1,1,12
23,48,1,2,8
23,49,1,1,12
23,49,1,2,8
23,50,1,1,9
23,51,1,1,9
23,52,1,1,1
23,53,1,1,1
23,54,1,1,3
23,55,1,1,3
23,56,1,1,7
23,57,1,1,7
23,58,1,1,2
23,59,1,1,2
23,60,1,1,3
23,61,1,1,3
23,62,1,1,3
23,62,1,2,7
23,63,1,1,11
23,64,1,1,11
23,65,1,1,11
23,65,2,1,11
23,66,1,1,7
23,67,1,1,7
23,68,1,1,7
23,69,1,1,4
23,69,1,2,8
23,70,1,1,4
23,70,1,2,8
23,71,1,1,4
23,71,1,2,8
23,72,1,1,3
23,72,1,2,8
23,73,1,1,3
23,73,1,2,8
23,74,1,1,13
23,74,1,2,9
23,75,1,1,13
23,75,1,2,9
23,76,1,1,13
23,76,1,2,9
23,77,1,1,2
23,78,1,1,2
23,79,1,1,3
23,79,1,2,11
23,80,1,1,3
23,80,1,2,11
23,80,2,1,3
23,80,2,2,11
23,81,1,1,5
23,81,1,2,17
23,82,1,1,5
23,82,1,2,17
23,83,1,1,1
23,83,1,2,10
23,84,1,1,1
23,84,1,2,10
23,85,1,1,1
23,85,1,2,10
23,86,1,1,3
23,87,1,1,3
23,87,1,2,6
23,88,1,1,8
23,89,1,1,8
23,90,1,1,3
23,91,1,1,3
23,91,1,2,6
23,92,1,1,14
23,92,1,2,8
23,93,1,1,14
23,93,1,2,8
23,94,1,1,14
23,94,1,2,8
23,94,2,1,14
23,94,2,2,8
23,95,1,1,13
23,95,1,2,9
23,96,1,1,11
23,97,1,1,11
23,98,1,1,3
23,99,1,1,3
23,100,1,1,5
23,101,1,1,5
23,102,1,1,4
23,102,1,2,11
23,103,1,1,4
23,103,1,2,11
23,104,1,1,9
23,105,1,1,9
23,106,1,1,7
23,107,1,1,7
23,108,1,1,1
23,109,1,1,8
23,110,1,1,8
23,111,1,1,9
23,111,1,2,13
23,112,1,1,9
23,112,1,2,13
23,113,1,1,1
23,114,1,1,4
23,115,1,1,1
23,115,2,1,1
23,116,1,1,3
23,117,1,1,3
23,118,1,1,3
23,119,1,1,3
23,120,1,1,3
23,121,1,1,3
23,121,1,2,11
23,122,1,1,11
23,122,1,2,18
23,123,1,1,12
23,123,1,2,10
23,124,1,1,6
23,124,1,2,11
23,125,1,1,5
23,126,1,1,2
23,127,1,1,12
23,127,2,1,12
23,127,2,2,10
23,128,1,1,1
23,129,1,1,3
23,130,1,1,3
23,130,1,2,10
23,130,2,1,3
23,130,2,2,16
23,131,1,1,3
23,131,1,2,6
23,132,1,1,1
23,133,1,1,1
23,134,1,1,3
23,135,1,1,5
23,136,1,1,2
23,137,1,1,1
23,138,1,1,13
23,138,1,2,3
23,139,1,1,13
23,139,1,2,3
23,140,1,1,13
23,140,1,2,3
23,141,1,1,13
23,141,1,2,3
23,142,1,1,13
23,142,1,2,10
23,142,2,1,13
23,142,2,2,10
23,143,1,1,1
23,144,1,1,6
23,144,1,2,10
23,145,1,1,5
23,145,1,2,10
23,146,1,1,2
23,146,1,2,10
23,147,1,1,15
23,148,1,1,15
23,149,1,1,15
23,149,1,2,10
23,150,1,1,11
23,150,2,1,11
23,150,2,2,7
23,150,3,1,11
23,151,1,1,11
23,152,1,1,4
23,153,1,1,4
23,154,1,1,4
23,155,1,1,2
23,156,1,1,2
23,157,1,1,2
23,158,1,1,3
23,159,1,1,3
23,160,1,1,3
23,161,1,1,1
23,162,1,1,1
23,163,1,1,1
23,163,1,2,10
23,164,1,1,1
23,164,1,2,10
23,165,1,1,12
23,165,1,2,10
23,166,1,1,12
23,166,1,2,10
23,167,1,1,12
23,167,1,2,8
23,168,1,1,12
23,168,1,2,8
23,169,1,1,8
23,169,1,2,10
23,170,1,1,3
23,170,1,2,5
23,171,1,1,3
23,171,1,2,5
23,172,1,1,5
23,173,1,1,18
23,174,1,1,1
23,174,1,2,18
23,175,1,1,18
23,176,1,1,18
23,176,1,2,10
23,177,1,1,11
23,177,1,2,10
23,178,1,1,11
23,178,1,2,10
23,179,1,1,5
23,180,1,1,5
23,181,1,1,5
23,181,2,1,5
23,181,2,2,15
23,182,1,1,4
23,183,1,1,3
23,183,1,2,18
23,184,1,1,3
23,184,1,2,18
23,185,1,1,13
23,186,1,1,3
23,187,1,1,4
23,187,1,2,10
23,188,1,1,4
23,188,1,2,10
23,189,1,1,4
23,189,1,2,10
23,190,1,1,1
23,191,1,1,4
23,192,1,1,4
23,193,1,1,12
23,193,1,2,10
23,194,1,1,3
23,194,1,2,9
23,195,1,1,3
23,195,1,2,9
23,196,1,1,11
23,197,1,1,16
23,198,1,1,16
23,198,1,2,10
23,199,1,1,3
23,199,1,2,11
23,200,1,1,14
23,201,1,1,11
23,201,2,1,11
23,201,3,1,11
23,201,4,1,11
23,201,5,1,11
23,201,6,1,11
23,201,7,1,11
23,201,8,1,11
23,201,9,1,11
23,201,10,1,11
23,201,11,1,11
23,201,12,1,11
23,201,13,1,11
23,201,14,1,11
23,201,15,1,11
23,201,16,1,11
23,201,17,1,11
23,201,18,1,11
23,201,19,1,11
23,201,20,1,11
23,201,21,1,11
23,201,22,1,11
23,201,23,1,11
23,201,24,1,11
23,201,25,1,11
23,201,26,1,11
23,201,27,1,11
23,201,28,1,11
23,202,1,1,11
23,203,1,1,1
23,203,1,2,11
23,204,1,1,12
23,205,1,1,12
23,205,1,2,17
23,206,1,1,1
23,207,1,1,9
23,207,1,2,10
23,208,1,1,17
23,208,1,2,9
23,208,2,1,17
23,208,2,2,9
23,209,1,1,18
23,210,1,1,18
23,211,1,1,3
23,211,1,2,8
23,212,1,1,12
23,212,1,2,17
23,212,2,1,12
23,212,2,2,17
23,213,1,1,12
23,213,1,2,13
23,214,1,1,12
23,214,1,2,7
23,214,2,1,12
23,214,2,2,7
23,215,1,1,16
23,215,1,2,6
23,216,1,1,1
23,217,1,1,1
23,218,1,1,2
23,219,1,1,2
23,219,1,2,13
23,220,1,1,6
23,220,1,2,9
23,221,1,1,6
23,221,1,2,9
23,222,1,1,3
23,222,1,2,13
23,223,1,1,3
23,224,1,1,3
23,225,1,1,6
23,225,1,2,10
23,226,1,1,3
23,226,1,2,10
23,227,1,1,17
23,227,1,2,10
23,228,1,1,16
23,228,1,2,2
23,229,1,1,16
23,229,1,2,2
23,229,2,1,16
23,229,2,2,2
23,230,1,1,3
23,230,1,2,15
23,231,1,1,9
23,232,1,1,9
23,233,1,1,1
23,234,1,1,1
23,235,1,1,1
23,236,1,1,7
23,237,1,1,7
23,238,1,1,6
23,238,1,2,11
23,239,1,1,5
23,240,1,1,2
23,241,1,1,1
23,242,1,1,1
23,243,1,1,5
23,244,1,1,2
23,245,1,1,3
23,246,1,1,13
23,246,1,2,9
23,247,1,1,13
23,247,1,2,9
23,248,1,1,13
23,248,1,2,16
23,248,2,1,13
23,248,2,2,16
23,249,1,1,11
23,249,1,2,10
23,250,1,1,2
23,250,1,2,10
23,251,1,1,11
23,251,1,2,4
23,252,1,1,4
23,253,1,1,4
23,254,1,1,4
23,254,2,1,4
23,254,2,2,15
23,255,1,1,2
23,256,1,1,2
23,256,1,2,7
23,257,1,1,2
23,257,1,2,7
23,257,2,1,2
23,257,2,2,7
23,258,1,1,3
23,259,1,1,3
23,259,1,2,9
23,260,1,1,3
23,260,1,2,9
23,260,2,1,3
23,260,2,2,9
23,261,1,1,16
23,262,1,1,16
23,263,1,1,1
23,264,1,1,1
23,265,1,1,12
23,266,1,1,12
23,267,1,1,12
23,267,1,2,10
23,268,1,1,12
23,269,1,1,12
23,269,1,2,8
23,270,1,1,3
23,270,1,2,4
23,271,1,1,3
23,271,1,2,4
23,272,1,1,3
23,272,1,2,4
23,273,1,1,4
23,274,1,1,4
23,274,1,2,16
23,275,1,1,4
23,275,1,2,16
23,276,1,1,1
23,276,1,2,10
23,277,1,1,1
23,277,1,2,10
23,278,1,1,3
23,278,1,2,10
23,279,1,1,3
23,279,1,2,10
23,280,1,1,11
23,280,1,2,18
23,281,1,1,11
23,281,1,2,18
23,282,1,1,11
23,282,1,2,18
23,282,2,1,11
23,282,2,2,18
23,283,1,1,12
23,283,1,2,3
23,284,1,1,12
23,284,1,2,10
23,285,1,1,4
23,286,1,1,4
23,286,1,2,7
23,287,1,1,1
23,288,1,1,1
23,289,1,1,1
23,290,1,1,12
23,290,1,2,9
23,291,1,1,12
23,291,1,2,10
23,292,1,1,12
23,292,1,2,14
23,293,1,1,1
23,294,1,1,1
23,295,1,1,1
23,296,1,1,7
23,297,1,1,7
23,298,1,1,1
23,298,1,2,18
23,299,1,1,13
23,300,1,1,1
23,301,1,1,1
23,302,1,1,16
23,302,1,2,14
23,302,2,1,16
23,302,2,2,14
23,303,1,1,17
23,303,1,2,18
23,303,2,1,17
23,303,2,2,18
23,304,1,1,17
23,304,1,2,13
23,305,1,1,17
23,305,1,2,13
23,306,1,1,17
23,306,1,2,13
23,306,2,1,17
23,307,1,1,7
23,307,1,2,11
23,308,1,1,7
23,308,1,2,11
23,308,2,1,7
23,308,2,2,11
23,309,1,1,5
23,310,1,1,5
23,310,2,1,5
23,311,1,1,5
23,312,1,1,5
23,313,1,1,12
23,314,1,1,12
23,315,1,1,4
23,315,1,2,8
23,316,1,1,8
23,317,1,1,8
23,318,1,1,3
23,318,1,2,16
23,319,1,1,3
23,319,1,2,16
23,319,2,1,3
23,319,2,2,16
23,320,1,1,3
23,321,1,1,3
23,322,1,1,2
23,322,1,2,9
23,323,1,1,2
23,323,1,2,9
23,323,2,1,2
23,323,2,2,9
23,324,1,1,2
23,325,1,1,11
23,326,1,1,11
23,327,1,1,1
23,328,1,1,9
23,329,1,1,9
23,329,1,2,15
23,330,1,1,9
23,330,1,2,15
23,331,1,1,4
23,332,1,1,4
23,332,1,2,16
23,333,1,1,1
23,333,1,2,10
23,334,1,1,15
23,334,1,2,10
23,334,2,1,15
23,334,2,2,18
23,335,1,1,1
23,336,1,1,8
23,337,1,1,13
23,337,1,2,11
23,338,1,1,13
23,338,1,2,11
23,339,1,1,3
23,339,1,2,9
23,340,1,1,3
23,340,1,2,9
23,341,1,1,3
23,342,1,1,3
23,342,1,2,16
23,343,1,1,9
23,343,1,2,11
23,344,1,1,9
23,344,1,2,11
23,345,1,1,13
23,345,1,2,4
23,346,1,1,13
23,346,1,2,4
23,347,1,1,13
23,347,1,2,12
23,348,1,1,13
23,348,1,2,12
23,349,1,1,3
23,350,1,1,3
23,351,1,1,1
23,351,2,1,2
23,351,3,1,3
23,351,4,1,6
23,352,1,1,1
23,353,1,1,14
23,354,1,1,14
23,354,2,1,14
23,355,1,1,14
23,356,1,1,14
23,357,1,1,4
23,357,1,2,10
23,358,1,1,11
23,359,1,1,16
23,359,2,1,16
23,360,1,1,11
23,361,1,1,6
23,362,1,1,6
23,362,2,1,6
23,363,1,1,6
23,363,1,2,3
23,364,1,1,6
23,364,1,2,3
23,365,1,1,6
23,365,1,2,3
23,366,1,1,3
23,367,1,1,3
23,368,1,1,3
23,369,1,1,3
23,369,1,2,13
23,370,1,1,3
23,371,1,1,15
23,372,1,1,15
23,373,1,1,15
23,373,1,2,10
23,373,2,1,15
23,373,2,2,10
23,374,1,1,17
23,374,1,2,11
23,375,1,1,17
23,375,1,2,11
23,376,1,1,17
23,376,1,2,11
23,376,2,1,17
23,376,2,2,11
23,377,1,1,13
23,378,1,1,6
23,379,1,1,17
23,380,1,1,15
23,380,1,2,11
23,380,2,1,15
23,380,2,2,11
23,381,1,1,15
23,381,1,2,11
23,381,2,1,15
23,381,2,2,11
23,382,1,1,3
23,382,2,1,3
23,383,1,1,9
23,383,2,1,9
23,383,2,2,2
23,384,1,1,15
23,384,1,2,10
23,384,2,1,15
23,384,2,2,10
23,385,1,1,17
23,385,1,2,11
23,386,1,1,11
23,386,2,1,11
23,386,3,1,11
23,386,4,1,11
23,387,1,1,4
23,388,1,1,4
23,389,1,1,4
23,389,1,2,9
23,390,1,1,2
23,391,1,1,2
23,391,1,2,7
23,392,1,1,2
23,392,1,2,7
23,393,1,1,3
23,394,1,1,3
23,395,1,1,3
23,395,1,2,17
23,396,1,1,1
23,396,1,2,10
23,397,1,1,1
23,397,1,2,10
23,398,1,1,1
23,398,1,2,10
23,399,1,1,1
23,400,1,1,1
23,400,1,2,3
23,401,1,1,12
23,402,1,1,12
23,403,1,1,5
23,404,1,1,5
23,405,1,1,5
23,406,1,1,4
23,406,1,2,8
23,407,1,1,4
23,407,1,2,8
23,408,1,1,13
23,409,1,1,13
23,410,1,1,13
23,410,1,2,17
23,411,1,1,13
23,411,1,2,17
23,412,1,1,12
23,412,2,1,12
23,412,3,1,12
23,413,1,1,12
23,413,1,2,4
23,413,2,1,12
23,413,2,2,9
23,413,3,1,12
23,413,3,2,17
23,414,1,1,12
23,414,1,2,10
23,415,1,1,12
23,415,1,2,10
23,416,1,1,12
23,416,1,2,10
23,417,1,1,5
23,418,1,1,3
23,419,1,1,3
23,420,1,1,4
23,421,1,1,4
23,421,2,1,4
23,422,1,1,3
23,422,2,1,3
23,423,1,1,3
23,423,1,2,9
23,423,2,1,3
23,423,2,2,9
23,424,1,1,1
23,425,1,1,14
23,425,1,2,10
23,426,1,1,14
23,426,1,2,10
23,427,1,1,1
23,428,1,1,1
23,428,2,1,1
23,428,2,2,7
23,429,1,1,14
23,430,1,1,16
23,430,1,2,10
23,431,1,1,1
23,432,1,1,1
23,433,1,1,11
23,434,1,1,8
23,434,1,2,16
23,435,1,1,8
23,435,1,2,16
23,436,1,1,17
23,436,1,2,11
23,437,1,1,17
23,437,1,2,11
23,438,1,1,13
23,439,1,1,11
23,439,1,2,18
23,440,1,1,1
23,441,1,1,1
23,441,1,2,10
23,442,1,1,14
23,442,1,2,16
23,443,1,1,15
23,443,1,2,9
23,444,1,1,15
23,444,1,2,9
23,445,1,1,15
23,445,1,2,9
23,445,2,1,15
23,445,2,2,9
23,446,1,1,1
23,447,1,1,7
23,448,1,1,7
23,448,1,2,17
23,448,2,1,7
23,448,2,2,17
23,449,1,1,9
23,450,1,1,9
23,451,1,1,8
23,451,1,2,12
23,452,1,1,8
23,452,1,2,16
23,453,1,1,8
23,453,1,2,7
23,454,1,1,8
23,454,1,2,7
23,455,1,1,4
23,456,1,1,3
23,457,1,1,3
23,458,1,1,3
23,458,1,2,10
23,459,1,1,4
23,459,1,2,6
23,460,1,1,4
23,460,1,2,6
23,460,2,1,4
23,460,2,2,6
23,461,1,1,16
23,461,1,2,6
23,462,1,1,5
23,462,1,2,17
23,463,1,1,1
23,464,1,1,9
23,464,1,2,13
23,465,1,1,4
23,466,1,1,5
23,467,1,1,2
23,468,1,1,18
23,468,1,2,10
23,469,1,1,12
23,469,1,2,10
23,470,1,1,4
23,471,1,1,6
23,472,1,1,9
23,472,1,2,10
23,473,1,1,6
23,473,1,2,9
23,474,1,1,1
23,475,1,1,11
23,475,1,2,7
23,475,2,1,11
23,475,2,2,7
23,476,1,1,13
23,476,1,2,17
23,477,1,1,14
23,478,1,1,6
23,478,1,2,14
23,479,1,1,5
23,479,1,2,14
23,479,2,1,5
23,479,2,2,2
23,479,3,1,5
23,479,3,2,3
23,479,4,1,5
23,479,4,2,6
23,479,5,1,5
23,479,5,2,10
23,479,6,1,5
23,479,6,2,4
23,480,1,1,11
23,481,1,1,11
23,482,1,1,11
23,483,1,1,17
23,483,1,2,15
23,484,1,1,3
23,484,1,2,15
23,485,1,1,2
23,485,1,2,17
23,486,1,1,1
23,487,1,1,14
23,487,1,2,15
23,487,2,1,14
23,487,2,2,15
23,488,1,1,11
23,489,1,1,3
23,490,1,1,3
23,491,1,1,16
23,492,1,1,4
23,492,2,1,4
23,492,2,2,10
23,493,1,1,1
23,493,2,1,2
23,493,3,1,3
23,493,4,1,4
23,493,5,1,5
23,493,6,1,6
23,493,7,1,7
23,493,8,1,8
23,493,9,1,9
23,493,10,1,10
23,493,11,1,11
23,493,12,1,12
23,493,13,1,13
23,493,14,1,14
23,493,15,1,15
23,493,16,1,16
23,493,17,1,17
23,493,18,1,18
23,494,1,1,11
23,494,1,2,2
23,495,1,1,4
23,496,1,1,4
23,497,1,1,4
23,498,1,1,2
23,499,1,1,2
23,499,1,2,7
23,500,1,1,2
23,500,1,2,7
23,501,1,1,3
23,502,1,1,3
23,503,1,1,3
23,504,1,1,1
23,505,1,1,1
23,506,1,1,1
23,507,1,1,1
23,508,1,1,1
23,509,1,1,16
23,510,1,1,16
23,511,1,1,4
23,512,1,1,4
23,513,1,1,2
23,514,1,1,2
23,515,1,1,3
23,516,1,1,3
23,517,1,1,11
23,518,1,1,11
23,519,1,1,1
23,519,1,2,10
23,520,1,1,1
23,520,1,2,10
23,521,1,1,1
23,521,1,2,10
23,522,1,1,5
23,523,1,1,5
23,524,1,1,13
23,525,1,1,13
23,526,1,1,13
23,527,1,1,11
23,527,1,2,10
23,528,1,1,11
23,528,1,2,10
23,529,1,1,9
23,530,1,1,9
23,530,1,2,17
23,531,1,1,1
23,531,2,1,1
23,531,2,2,18
23,532,1,1,7
23,533,1,1,7
23,534,1,1,7
23,535,1,1,3
23,536,1,1,3
23,536,1,2,9
23,537,1,1,3
23,537,1,2,9
23,538,1,1,7
23,539,1,1,7
23,540,1,1,12
23,540,1,2,4
23,541,1,1,12
23,541,1,2,4
23,542,1,1,12
23,542,1,2,4
23,543,1,1,12
23,543,1,2,8
23,544,1,1,12
23,544,1,2,8
23,545,1,1,12
23,545,1,2,8
23,546,1,1,4
23,546,1,2,18
23,547,1,1,4
23,547,1,2,18
23,548,1,1,4
23,549,1,1,4
23,550,1,1,3
23,550,2,1,3
23,551,1,1,9
23,551,1,2,16
23,552,1,1,9
23,552,1,2,16
23,553,1,1,9
23,553,1,2,16
23,554,1,1,2
23,555,1,1,2
23,555,2,1,2
23,555,2,2,11
23,556,1,1,4
23,557,1,1,12
23,557,1,2,13
23,558,1,1,12
23,558,1,2,13
23,559,1,1,16
23,559,1,2,7
23,560,1,1,16
23,560,1,2,7
23,561,1,1,11
23,561,1,2,10
23,562,1,1,14
23,563,1,1,14
23,564,1,1,3
23,564,1,2,13
23,565,1,1,3
23,565,1,2,13
23,566,1,1,13
23,566,1,2,10
23,567,1,1,13
23,567,1,2,10
23,568,1,1,8
23,569,1,1,8
23,570,1,1,16
23,571,1,1,16
23,572,1,1,1
23,573,1,1,1
23,574,1,1,11
23,575,1,1,11
23,576,1,1,11
23,577,1,1,11
23,578,1,1,11
23,579,1,1,11
23,580,1,1,3
23,580,1,2,10
23,581,1,1,3
23,581,1,2,10
23,582,1,1,6
23,583,1,1,6
23,584,1,1,6
23,585,1,1,1
23,585,1,2,4
23,585,2,1,1
23,585,2,2,4
23,585,3,1,1
23,585,3,2,4
23,585,4,1,1
23,585,4,2,4
23,586,1,1,1
23,586,1,2,4
23,586,2,1,1
23,586,2,2,4
23,586,3,1,1
23,586,3,2,4
23,586,4,1,1
23,586,4,2,4
23,587,1,1,5
23,587,1,2,10
23,588,1,1,12
23,589,1,1,12
23,589,1,2,17
23,590,1,1,4
23,590,1,2,8
23,591,1,1,4
23,591,1,2,8
23,592,1,1,3
23,592,1,2,14
23,593,1,1,3
23,593,1,2,14
23,594,1,1,3
23,595,1,1,12
23,595,1,2,5
23,596,1,1,12
23,596,1,2,5
23,597,1,1,4
23,597,1,2,17
23,598,1,1,4
23,598,1,2,17
23,599,1,1,17
23,600,1,1,17
23,601,1,1,17
23,602,1,1,5
23,603,1,1,5
23,604,1,1,5
23,605,1,1,11
23,606,1,1,11
23,607,1,1,14
23,607,1,2,2
23,608,1,1,14
23,608,1,2,2
23,609,1,1,14
23,609,1,2,2
23,610,1,1,15
23,611,1,1,15
23,612,1,1,15
23,613,1,1,6
23,614,1,1,6
23,615,1,1,6
23,616,1,1,12
23,617,1,1,12
23,618,1,1,9
23,618,1,2,5
23,619,1,1,7
23,620,1,1,7
23,621,1,1,15
23,622,1,1,9
23,622,1,2,14
23,623,1,1,9
23,623,1,2,14
23,624,1,1,16
23,624,1,2,17
23,625,1,1,16
23,625,1,2,17
23,626,1,1,1
23,627,1,1,1
23,627,1,2,10
23,628,1,1,1
23,628,1,2,10
23,629,1,1,16
23,629,1,2,10
23,630,1,1,16
23,630,1,2,10
23,631,1,1,2
23,632,1,1,12
23,632,1,2,17
23,633,1,1,16
23,633,1,2,15
23,634,1,1,16
23,634,1,2,15
23,635,1,1,16
23,635,1,2,15
23,636,1,1,12
23,636,1,2,2
23,637,1,1,12
23,637,1,2,2
23,638,1,1,17
23,638,1,2,7
23,639,1,1,13
23,639,1,2,7
23,640,1,1,4
23,640,1,2,7
23,641,1,1,10
23,641,2,1,10
23,642,1,1,5
23,642,1,2,10
23,642,2,1,5
23,642,2,2,10
23,643,1,1,15
23,643,1,2,2
23,644,1,1,15
23,644,1,2,5
23,645,1,1,9
23,645,1,2,10
23,645,2,1,9
23,645,2,2,10
23,646,1,1,15
23,646,1,2,6
23,646,2,1,15
23,646,2,2,6
23,646,3,1,15
23,646,3,2,6
23,647,1,1,3
23,647,1,2,7
23,647,2,1,3
23,647,2,2,7
23,648,1,1,1
23,648,1,2,11
23,648,2,1,1
23,648,2,2,7
23,649,1,1,12
23,649,1,2,17
23,649,2,1,12
23,649,2,2,17
23,649,3,1,12
23,649,3,2,17
23,649,4,1,12
23,649,4,2,17
23,649,5,1,12
23,649,5,2,17
23,650,1,1,4
23,651,1,1,4
23,652,1,1,4
23,652,1,2,7
23,653,1,1,2
23,654,1,1,2
23,655,1,1,2
23,655,1,2,11
23,656,1,1,3
23,657,1,1,3
23,658,1,1,3
23,658,1,2,16
23,659,1,1,1
23,660,1,1,1
23,660,1,2,9
23,661,1,1,1
23,661,1,2,10
23,662,1,1,2
23,662,1,2,10
23,663,1,1,2
23,663,1,2,10
23,664,1,1,12
23,665,1,1,12
23,666,1,1,12
23,666,1,2,10
23,666,2,1,12
23,666,2,2,10
23,666,3,1,12
23,666,3,2,10
23,666,4,1,12
23,666,4,2,10
23,666,5,1,12
23,666,5,2,10
23,666,6,1,12
23,666,6,2,10
23,666,7,1,12
23,666,7,2,10
23,666,8,1,12
23,666,8,2,10
23,666,9,1,12
23,666,9,2,10
23,666,10,1,12
23,666,10,2,10
23,666,11,1,12
23,666,11,2,10
23,666,12,1,12
23,666,12,2,10
23,666,13,1,12
23,666,13,2,10
23,666,14,1,12
23,666,14,2,10
23,666,15,1,12
23,666,15,2,10
23,666,16,1,12
23,666,16,2,10
23,666,17,1,12
23,666,17,2,10
23,666,18,1,12
23,666,18,2,10
23,666,19,1,12
23,666,19,2,10
23,666,20,1,12
23,666,20,2,10
23,667,1,1,2
23,667,1,2,1
23,668,1,1,2
23,668,1,2,1
23,669,1,1,18
23,669,2,1,18
23,669,3,1,18
23,669,4,1,18
23,669,5,1,18
23,670,1,1,18
23,670,2,1,18
23,670,3,1,18
23,670,4,1,18
23,670,5,1,18
23,670,6,1,18
23,671,1,1,18
23,671,2,1,18
23,671,3,1,18
23,671,4,1,18
23,671,5,1,18
23,672,1,1,4
23,673,1,1,4
23,674,1,1,7
23,675,1,1,7
23,675,1,2,16
23,676,1,1,1
23,676,2,1,1
23,676,3,1,1
23,676,4,1,1
23,676,5,1,1
23,676,6,1,1
23,676,7,1,1
23,676,8,1,1
23,676,9,1,1
23,676,10,1,1
23,677,1,1,11
23,678,1,1,11
23,678,2,1,11
23,679,1,1,17
23,679,1,2,14
23,680,1,1,17
23,680,1,2,14
23,681,1,1,17
23,681,1,2,14
23,681,2,1,17
23,681,2,2,14
23,682,1,1,18
23,683,1,1,18
23,684,1,1,18
23,685,1,1,18
23,686,1,1,16
23,686,1,2,11
23,687,1,1,16
23,687,1,2,11
23,688,1,1,13
23,688,1,2,3
23,689,1,1,13
23,689,1,2,3
23,690,1,1,8
23,690,1,2,3
23,691,1,1,8
23,691,1,2,15
23,692,1,1,3
23,693,1,1,3
23,694,1,1,5
23,694,1,2,1
23,695,1,1,5
23,695,1,2,1
23,696,1,1,13
23,696,1,2,15
23,697,1,1,13
23,697,1,2,15
23,698,1,1,13
23,698,1,2,6
23,699,1,1,13
23,699,1,2,6
23,700,1,1,18
23,701,1,1,7
23,701,1,2,10
23,702,1,1,5
23,702,1,2,18
23,703,1,1,13
23,703,1,2,18
23,704,1,1,15
23,705,1,1,15
23,706,1,1,15
23,707,1,1,17
23,707,1,2,18
23,708,1,1,14
23,708,1,2,4
23,709,1,1,14
23,709,1,2,4
23,710,1,1,14
23,710,1,2,4
23,710,2,1,14
23,710,2,2,4
23,710,3,1,14
23,710,3,2,4
23,710,4,1,14
23,710,4,2,4
23,711,1,1,14
23,711,1,2,4
23,711,2,1,14
23,711,2,2,4
23,711,3,1,14
23,711,3,2,4
23,711,4,1,14
23,711,4,2,4
23,712,1,1,6
23,713,1,1,6
23,714,1,1,10
23,714,1,2,15
23,715,1,1,10
23,715,1,2,15
23,716,1,1,18
23,716,2,1,18
23,717,1,1,16
23,717,1,2,10
23,718,2,1,15
23,718,2,2,9
23,719,1,1,13
23,719,1,2,18
23,719,2,1,13
23,719,2,2,18
23,720,1,1,11
23,720,1,2,14
23,720,2,1,11
23,720,2,2,16
23,721,1,1,2
23,721,1,2,3
24,1,1,1,4
24,1,1,2,8
24,2,1,1,4
24,2,1,2,8
24,3,1,1,4
24,3,1,2,8
24,3,2,1,4
24,3,2,2,8
24,4,1,1,2
24,5,1,1,2
24,6,1,1,2
24,6,1,2,10
24,6,2,1,2
24,6,2,2,15
24,6,3,1,2
24,6,3,2,10
24,7,1,1,3
24,8,1,1,3
24,9,1,1,3
24,9,2,1,3
24,10,1,1,12
24,11,1,1,12
24,12,1,1,12
24,12,1,2,10
24,13,1,1,12
24,13,1,2,8
24,14,1,1,12
24,14,1,2,8
24,15,1,1,12
24,15,1,2,8
24,15,2,1,12
24,15,2,2,8
24,16,1,1,1
24,16,1,2,10
24,17,1,1,1
24,17,1,2,10
24,18,1,1,1
24,18,1,2,10
24,18,2,1,1
24,18,2,2,10
24,19,1,1,1
24,20,1,1,1
24,21,1,1,1
24,21,1,2,10
24,22,1,1,1
24,22,1,2,10
24,23,1,1,8
24,24,1,1,8
24,25,1,1,5
24,25,2,1,5
24,25,3,1,5
24,25,4,1,5
24,25,5,1,5
24,25,6,1,5
24,25,7,1,5
24,26,1,1,5
24,27,1,1,9
24,28,1,1,9
24,29,1,1,8
24,30,1,1,8
24,31,1,1,8
24,31,1,2,9
24,32,1,1,8
24,33,1,1,8
24,34,1,1,8
24,34,1,2,9
24,35,1,1,18
24,36,1,1,18
24,37,1,1,2
24,38,1,1,2
24,39,1,1,1
24,39,1,2,18
24,40,1,1,1
24,40,1,2,18
24,41,1,1,8
24,41,1,2,10
24,42,1,1,8
24,42,1,2,10
24,43,1,1,4
24,43,1,2,8
24,44,1,1,4
24,44,1,2,8
24,45,1,1,4
24,45,1,2,8
24,46,1,1,12
24,46,1,2,4
24,47,1,1,12
24,47,1,2,4
24,48,1,1,12
24,48,1,2,8
24,49,1,1,12
24,49,1,2,8
24,50,1,1,9
24,51,1,1,9
24,52,1,1,1
24,53,1,1,1
24,54,1,1,3
24,55,1,1,3
24,56,1,1,7
24,57,1,1,7
24,58,1,1,2
24,59,1,1,2
24,60,1,1,3
24,61,1,1,3
24,62,1,1,3
24,62,1,2,7
24,63,1,1,11
24,64,1,1,11
24,65,1,1,11
24,65,2,1,11
24,66,1,1,7
24,67,1,1,7
24,68,1,1,7
24,69,1,1,4
24,69,1,2,8
24,70,1,1,4
24,70,1,2,8
24,71,1,1,4
24,71,1,2,8
24,72,1,1,3
24,72,1,2,8
24,73,1,1,3
24,73,1,2,8
24,74,1,1,13
24,74,1,2,9
24,75,1,1,13
24,75,1,2,9
24,76,1,1,13
24,76,1,2,9
24,77,1,1,2
24,78,1,1,2
24,79,1,1,3
24,79,1,2,11
24,80,1,1,3
24,80,1,2,11
24,80,2,1,3
24,80,2,2,11
24,81,1,1,5
24,81,1,2,17
24,82,1,1,5
24,82,1,2,17
24,83,1,1,1
24,83,1,2,10
24,84,1,1,1
24,84,1,2,10
24,85,1,1,1
24,85,1,2,10
24,86,1,1,3
24,87,1,1,3
24,87,1,2,6
24,88,1,1,8
24,89,1,1,8
24,90,1,1,3
24,91,1,1,3
24,91,1,2,6
24,92,1,1,14
24,92,1,2,8
24,93,1,1,14
24,93,1,2,8
24,94,1,1,14
24,94,1,2,8
24,94,2,1,14
24,94,2,2,8
24,95,1,1,13
24,95,1,2,9
24,96,1,1,11
24,97,1,1,11
24,98,1,1,3
24,99,1,1,3
24,100,1,1,5
24,101,1,1,5
24,102,1,1,4
24,102,1,2,11
24,103,1,1,4
24,103,1,2,11
24,104,1,1,9
24,105,1,1,9
24,106,1,1,7
24,107,1,1,7
24,108,1,1,1
24,109,1,1,8
24,110,1,1,8
24,111,1,1,9
24,111,1,2,13
24,112,1,1,9
24,112,1,2,13
24,113,1,1,1
24,114,1,1,4
24,115,1,1,1
24,115,2,1,1
24,116,1,1,3
24,117,1,1,3
24,118,1,1,3
24,119,1,1,3
24,120,1,1,3
24,121,1,1,3
24,121,1,2,11
24,122,1,1,11
24,122,1,2,18
24,123,1,1,12
24,123,1,2,10
24,124,1,1,6
24,124,1,2,11
24,125,1,1,5
24,126,1,1,2
24,127,1,1,12
24,127,2,1,12
24,127,2,2,10
24,128,1,1,1
24,129,1,1,3
24,130,1,1,3
24,130,1,2,10
24,130,2,1,3
24,130,2,2,16
24,131,1,1,3
24,131,1,2,6
24,132,1,1,1
24,133,1,1,1
24,134,1,1,3
24,135,1,1,5
24,136,1,1,2
24,137,1,1,1
24,138,1,1,13
24,138,1,2,3
24,139,1,1,13
24,139,1,2,3
24,140,1,1,13
24,140,1,2,3
24,141,1,1,13
24,141,1,2,3
24,142,1,1,13
24,142,1,2,10
24,142,2,1,13
24,142,2,2,10
24,143,1,1,1
24,144,1,1,6
24,144,1,2,10
24,145,1,1,5
24,145,1,2,10
24,146,1,1,2
24,146,1,2,10
24,147,1,1,15
24,148,1,1,15
24,149,1,1,15
24,149,1,2,10
24,150,1,1,11
24,150,2,1,11
24,150,2,2,7
24,150,3,1,11
24,151,1,1,11
24,152,1,1,4
24,153,1,1,4
24,154,1,1,4
24,155,1,1,2
24,156,1,1,2
24,157,1,1,2
24,158,1,1,3
24,159,1,1,3
24,160,1,1,3
24,161,1,1,1
24,162,1,1,1
24,163,1,1,1
24,163,1,2,10
24,164,1,1,1
24,164,1,2,10
24,165,1,1,12
24,165,1,2,10
24,166,1,1,12
24,166,1,2,10
24,167,1,1,12
24,167,1,2,8
24,168,1,1,12
24,168,1,2,8
24,169,1,1,8
24,169,1,2,10
24,170,1,1,3
24,170,1,2,5
24,171,1,1,3
24,171,1,2,5
24,172,1,1,5
24,173,1,1,18
24,174,1,1,1
24,174,1,2,18
24,175,1,1,18
24,176,1,1,18
24,176,1,2,10
24,177,1,1,11
24,177,1,2,10
24,178,1,1,11
24,178,1,2,10
24,179,1,1,5
24,180,1,1,5
24,181,1,1,5
24,181,2,1,5
24,181,2,2,15
24,182,1,1,4
24,183,1,1,3
24,183,1,2,18
24,184,1,1,3
24,184,1,2,18
24,185,1,1,13
24,186,1,1,3
24,187,1,1,4
24,187,1,2,10
24,188,1,1,4
24,188,1,2,10
24,189,1,1,4
24,189,1,2,10
24,190,1,1,1
24,191,1,1,4
24,192,1,1,4
24,193,1,1,12
24,193,1,2,10
24,194,1,1,3
24,194,1,2,9
24,195,1,1,3
24,195,1,2,9
24,196,1,1,11
24,197,1,1,16
24,198,1,1,16
24,198,1,2,10
24,199,1,1,3
24,199,1,2,11
24,200,1,1,14
24,201,1,1,11
24,201,2,1,11
24,201,3,1,11
24,201,4,1,11
24,201,5,1,11
24,201,6,1,11
24,201,7,1,11
24,201,8,1,11
24,201,9,1,11
24,201,10,1,11
24,201,11,1,11
24,201,12,1,11
24,201,13,1,11
24,201,14,1,11
24,201,15,1,11
24,201,16,1,11
24,201,17,1,11
24,201,18,1,11
24,201,19,1,11
24,201,20,1,11
24,201,21,1,11
24,201,22,1,11
24,201,23,1,11
24,201,24,1,11
24,201,25,1,11
24,201,26,1,11
24,201,27,1,11
24,201,28,1,11
24,202,1,1,11
24,203,1,1,1
24,203,1,2,11
24,204,1,1,12
24,205,1,1,12
24,205,1,2,17
24,206,1,1,1
24,207,1,1,9
24,207,1,2,10
24,208,1,1,17
24,208,1,2,9
24,208,2,1,17
24,208,2,2,9
24,209,1,1,18
24,210,1,1,18
24,211,1,1,3
24,211,1,2,8
24,212,1,1,12
24,212,1,2,17
24,212,2,1,12
24,212,2,2,17
24,213,1,1,12
24,213,1,2,13
24,214,1,1,12
24,214,1,2,7
24,214,2,1,12
24,214,2,2,7
24,215,1,1,16
24,215,1,2,6
24,216,1,1,1
24,217,1,1,1
24,218,1,1,2
24,219,1,1,2
24,219,1,2,13
24,220,1,1,6
24,220,1,2,9
24,221,1,1,6
24,221,1,2,9
24,222,1,1,3
24,222,1,2,13
24,223,1,1,3
24,224,1,1,3
24,225,1,1,6
24,225,1,2,10
24,226,1,1,3
24,226,1,2,10
24,227,1,1,17
24,227,1,2,10
24,228,1,1,16
24,228,1,2,2
24,229,1,1,16
24,229,1,2,2
24,229,2,1,16
24,229,2,2,2
24,230,1,1,3
24,230,1,2,15
24,231,1,1,9
24,232,1,1,9
24,233,1,1,1
24,234,1,1,1
24,235,1,1,1
24,236,1,1,7
24,237,1,1,7
24,238,1,1,6
24,238,1,2,11
24,239,1,1,5
24,240,1,1,2
24,241,1,1,1
24,242,1,1,1
24,243,1,1,5
24,244,1,1,2
24,245,1,1,3
24,246,1,1,13
24,246,1,2,9
24,247,1,1,13
24,247,1,2,9
24,248,1,1,13
24,248,1,2,16
24,248,2,1,13
24,248,2,2,16
24,249,1,1,11
24,249,1,2,10
24,250,1,1,2
24,250,1,2,10
24,251,1,1,11
24,251,1,2,4
24,252,1,1,4
24,253,1,1,4
24,254,1,1,4
24,254,2,1,4
24,254,2,2,15
24,255,1,1,2
24,256,1,1,2
24,256,1,2,7
24,257,1,1,2
24,257,1,2,7
24,257,2,1,2
24,257,2,2,7
24,258,1,1,3
24,259,1,1,3
24,259,1,2,9
24,260,1,1,3
24,260,1,2,9
24,260,2,1,3
24,260,2,2,9
24,261,1,1,16
24,262,1,1,16
24,263,1,1,1
24,264,1,1,1
24,265,1,1,12
24,266,1,1,12
24,267,1,1,12
24,267,1,2,10
24,268,1,1,12
24,269,1,1,12
24,269,1,2,8
24,270,1,1,3
24,270,1,2,4
24,271,1,1,3
24,271,1,2,4
24,272,1,1,3
24,272,1,2,4
24,273,1,1,4
24,274,1,1,4
24,274,1,2,16
24,275,1,1,4
24,275,1,2,16
24,276,1,1,1
24,276,1,2,10
24,277,1,1,1
24,277,1,2,10
24,278,1,1,3
24,278,1,2,10
24,279,1,1,3
24,279,1,2,10
24,280,1,1,11
24,280,1,2,18
24,281,1,1,11
24,281,1,2,18
24,282,1,1,11
24,282,1,2,18
24,282,2,1,11
24,282,2,2,18
24,283,1,1,12
24,283,1,2,3
24,284,1,1,12
24,284,1,2,10
24,285,1,1,4
24,286,1,1,4
24,286,1,2,7
24,287,1,1,1
24,288,1,1,1
24,289,1,1,1
24,290,1,1,12
24,290,1,2,9
24,291,1,1,12
24,291,1,2,10
24,292,1,1,12
24,292,1,2,14
24,293,1,1,1
24,294,1,1,1
24,295,1,1,1
24,296,1,1,7
24,297,1,1,7
24,298,1,1,1
24,298,1,2,18
24,299,1,1,13
24,300,1,1,1
24,301,1,1,1
24,302,1,1,16
24,302,1,2,14
24,302,2,1,16
24,302,2,2,14
24,303,1,1,17
24,303,1,2,18
24,303,2,1,17
24,303,2,2,18
24,304,1,1,17
24,304,1,2,13
24,305,1,1,17
24,305,1,2,13
24,306,1,1,17
24,306,1,2,13
24,306,2,1,17
24,307,1,1,7
24,307,1,2,11
24,308,1,1,7
24,308,1,2,11
24,308,2,1,7
24,308,2,2,11
24,309,1,1,5
24,310,1,1,5
24,310,2,1,5
24,311,1,1,5
24,312,1,1,5
24,313,1,1,12
24,314,1,1,12
24,315,1,1,4
24,315,1,2,8
24,316,1,1,8
24,317,1,1,8
24,318,1,1,3
24,318,1,2,16
24,319,1,1,3
24,319,1,2,16
24,319,2,1,3
24,319,2,2,16
24,320,1,1,3
24,321,1,1,3
24,322,1,1,2
24,322,1,2,9
24,323,1,1,2
24,323,1,2,9
24,323,2,1,2
24,323,2,2,9
24,324,1,1,2
24,325,1,1,11
24,326,1,1,11
24,327,1,1,1
24,328,1,1,9
24,329,1,1,9
24,329,1,2,15
24,330,1,1,9
24,330,1,2,15
24,331,1,1,4
24,332,1,1,4
24,332,1,2,16
24,333,1,1,1
24,333,1,2,10
24,334,1,1,15
24,334,1,2,10
24,334,2,1,15
24,334,2,2,18
24,335,1,1,1
24,336,1,1,8
24,337,1,1,13
24,337,1,2,11
24,338,1,1,13
24,338,1,2,11
24,339,1,1,3
24,339,1,2,9
24,340,1,1,3
24,340,1,2,9
24,341,1,1,3
24,342,1,1,3
24,342,1,2,16
24,343,1,1,9
24,343,1,2,11
24,344,1,1,9
24,344,1,2,11
24,345,1,1,13
24,345,1,2,4
24,346,1,1,13
24,346,1,2,4
24,347,1,1,13
24,347,1,2,12
24,348,1,1,13
24,348,1,2,12
24,349,1,1,3
24,350,1,1,3
24,351,1,1,1
24,351,2,1,2
24,351,3,1,3
24,351,4,1,6
24,352,1,1,1
24,353,1,1,14
24,354,1,1,14
24,354,2,1,14
24,355,1,1,14
24,356,1,1,14
24,357,1,1,4
24,357,1,2,10
24,358,1,1,11
24,359,1,1,16
24,359,2,1,16
24,360,1,1,11
24,361,1,1,6
24,362,1,1,6
24,362,2,1,6
24,363,1,1,6
24,363,1,2,3
24,364,1,1,6
24,364,1,2,3
24,365,1,1,6
24,365,1,2,3
24,366,1,1,3
24,367,1,1,3
24,368,1,1,3
24,369,1,1,3
24,369,1,2,13
24,370,1,1,3
24,371,1,1,15
24,372,1,1,15
24,373,1,1,15
24,373,1,2,10
24,373,2,1,15
24,373,2,2,10
24,374,1,1,17
24,374,1,2,11
24,375,1,1,17
24,375,1,2,11
24,376,1,1,17
24,376,1,2,11
24,376,2,1,17
24,376,2,2,11
24,377,1,1,13
24,378,1,1,6
24,379,1,1,17
24,380,1,1,15
24,380,1,2,11
24,380,2,1,15
24,380,2,2,11
24,381,1,1,15
24,381,1,2,11
24,381,2,1,15
24,381,2,2,11
24,382,1,1,3
24,382,2,1,3
24,383,1,1,9
24,383,2,1,9
24,383,2,2,2
24,384,1,1,15
24,384,1,2,10
24,384,2,1,15
24,384,2,2,10
24,385,1,1,17
24,385,1,2,11
24,386,1,1,11
24,386,2,1,11
24,386,3,1,11
24,386,4,1,11
24,387,1,1,4
24,388,1,1,4
24,389,1,1,4
24,389,1,2,9
24,390,1,1,2
24,391,1,1,2
24,391,1,2,7
24,392,1,1,2
24,392,1,2,7
24,393,1,1,3
24,394,1,1,3
24,395,1,1,3
24,395,1,2,17
24,396,1,1,1
24,396,1,2,10
24,397,1,1,1
24,397,1,2,10
24,398,1,1,1
24,398,1,2,10
24,399,1,1,1
24,400,1,1,1
24,400,1,2,3
24,401,1,1,12
24,402,1,1,12
24,403,1,1,5
24,404,1,1,5
24,405,1,1,5
24,406,1,1,4
24,406,1,2,8
24,407,1,1,4
24,407,1,2,8
24,408,1,1,13
24,409,1,1,13
24,410,1,1,13
24,410,1,2,17
24,411,1,1,13
24,411,1,2,17
24,412,1,1,12
24,412,2,1,12
24,412,3,1,12
24,413,1,1,12
24,413,1,2,4
24,413,2,1,12
24,413,2,2,9
24,413,3,1,12
24,413,3,2,17
24,414,1,1,12
24,414,1,2,10
24,415,1,1,12
24,415,1,2,10
24,416,1,1,12
24,416,1,2,10
24,417,1,1,5
24,418,1,1,3
24,419,1,1,3
24,420,1,1,4
24,421,1,1,4
24,421,2,1,4
24,422,1,1,3
24,422,2,1,3
24,423,1,1,3
24,423,1,2,9
24,423,2,1,3
24,423,2,2,9
24,424,1,1,1
24,425,1,1,14
24,425,1,2,10
24,426,1,1,14
24,426,1,2,10
24,427,1,1,1
24,428,1,1,1
24,428,2,1,1
24,428,2,2,7
24,429,1,1,14
24,430,1,1,16
24,430,1,2,10
24,431,1,1,1
24,432,1,1,1
24,433,1,1,11
24,434,1,1,8
24,434,1,2,16
24,435,1,1,8
24,435,1,2,16
24,436,1,1,17
24,436,1,2,11
24,437,1,1,17
24,437,1,2,11
24,438,1,1,13
24,439,1,1,11
24,439,1,2,18
24,440,1,1,1
24,441,1,1,1
24,441,1,2,10
24,442,1,1,14
24,442,1,2,16
24,443,1,1,15
24,443,1,2,9
24,444,1,1,15
24,444,1,2,9
24,445,1,1,15
24,445,1,2,9
24,445,2,1,15
24,445,2,2,9
24,446,1,1,1
24,447,1,1,7
24,448,1,1,7
24,448,1,2,17
24,448,2,1,7
24,448,2,2,17
24,449,1,1,9
24,450,1,1,9
24,451,1,1,8
24,451,1,2,12
24,452,1,1,8
24,452,1,2,16
24,453,1,1,8
24,453,1,2,7
24,454,1,1,8
24,454,1,2,7
24,455,1,1,4
24,456,1,1,3
24,457,1,1,3
24,458,1,1,3
24,458,1,2,10
24,459,1,1,4
24,459,1,2,6
24,460,1,1,4
24,460,1,2,6
24,460,2,1,4
24,460,2,2,6
24,461,1,1,16
24,461,1,2,6
24,462,1,1,5
24,462,1,2,17
24,463,1,1,1
24,464,1,1,9
24,464,1,2,13
24,465,1,1,4
24,466,1,1,5
24,467,1,1,2
24,468,1,1,18
24,468,1,2,10
24,469,1,1,12
24,469,1,2,10
24,470,1,1,4
24,471,1,1,6
24,472,1,1,9
24,472,1,2,10
24,473,1,1,6
24,473,1,2,9
24,474,1,1,1
24,475,1,1,11
24,475,1,2,7
24,475,2,1,11
24,475,2,2,7
24,476,1,1,13
24,476,1,2,17
24,477,1,1,14
24,478,1,1,6
24,478,1,2,14
24,479,1,1,5
24,479,1,2,14
24,479,2,1,5
24,479,2,2,2
24,479,3,1,5
24,479,3,2,3
24,479,4,1,5
24,479,4,2,6
24,479,5,1,5
24,479,5,2,10
24,479,6,1,5
24,479,6,2,4
24,480,1,1,11
24,481,1,1,11
24,482,1,1,11
24,483,1,1,17
24,483,1,2,15
24,484,1,1,3
24,484,1,2,15
24,485,1,1,2
24,485,1,2,17
24,486,1,1,1
24,487,1,1,14
24,487,1,2,15
24,487,2,1,14
24,487,2,2,15
24,488,1,1,11
24,489,1,1,3
24,490,1,1,3
24,491,1,1,16
24,492,1,1,4
24,492,2,1,4
24,492,2,2,10
24,493,1,1,1
24,493,2,1,2
24,493,3,1,3
24,493,4,1,4
24,493,5,1,5
24,493,6,1,6
24,493,7,1,7
24,493,8,1,8
24,493,9,1,9
24,493,10,1,10
24,493,11,1,11
24,493,12,1,12
24,493,13,1,13
24,493,14,1,14
24,493,15,1,15
24,493,16,1,16
24,493,17,1,17
24,493,18,1,18
24,494,1,1,11
24,494,1,2,2
24,495,1,1,4
24,496,1,1,4
24,497,1,1,4
24,498,1,1,2
24,499,1,1,2
24,499,1,2,7
24,500,1,1,2
24,500,1,2,7
24,501,1,1,3
24,502,1,1,3
24,503,1,1,3
24,504,1,1,1
24,505,1,1,1
24,506,1,1,1
24,507,1,1,1
24,508,1,1,1
24,509,1,1,16
24,510,1,1,16
24,511,1,1,4
24,512,1,1,4
24,513,1,1,2
24,514,1,1,2
24,515,1,1,3
24,516,1,1,3
24,517,1,1,11
24,518,1,1,11
24,519,1,1,1
24,519,1,2,10
24,520,1,1,1
24,520,1,2,10
24,521,1,1,1
24,521,1,2,10
24,522,1,1,5
24,523,1,1,5
24,524,1,1,13
24,525,1,1,13
24,526,1,1,13
24,527,1,1,11
24,527,1,2,10
24,528,1,1,11
24,528,1,2,10
24,529,1,1,9
24,530,1,1,9
24,530,1,2,17
24,531,1,1,1
24,531,2,1,1
24,531,2,2,18
24,532,1,1,7
24,533,1,1,7
24,534,1,1,7
24,535,1,1,3
24,536,1,1,3
24,536,1,2,9
24,537,1,1,3
24,537,1,2,9
24,538,1,1,7
24,539,1,1,7
24,540,1,1,12
24,540,1,2,4
24,541,1,1,12
24,541,1,2,4
24,542,1,1,12
24,542,1,2,4
24,543,1,1,12
24,543,1,2,8
24,544,1,1,12
24,544,1,2,8
24,545,1,1,12
24,545,1,2,8
24,546,1,1,4
24,546,1,2,18
24,547,1,1,4
24,547,1,2,18
24,548,1,1,4
24,549,1,1,4
24,550,1,1,3
24,550,2,1,3
24,551,1,1,9
24,551,1,2,16
24,552,1,1,9
24,552,1,2,16
24,553,1,1,9
24,553,1,2,16
24,554,1,1,2
24,555,1,1,2
24,555,2,1,2
24,555,2,2,11
24,556,1,1,4
24,557,1,1,12
24,557,1,2,13
24,558,1,1,12
24,558,1,2,13
24,559,1,1,16
24,559,1,2,7
24,560,1,1,16
24,560,1,2,7
24,561,1,1,11
24,561,1,2,10
24,562,1,1,14
24,563,1,1,14
24,564,1,1,3
24,564,1,2,13
24,565,1,1,3
24,565,1,2,13
24,566,1,1,13
24,566,1,2,10
24,567,1,1,13
24,567,1,2,10
24,568,1,1,8
24,569,1,1,8
24,570,1,1,16
24,571,1,1,16
24,572,1,1,1
24,573,1,1,1
24,574,1,1,11
24,575,1,1,11
24,576,1,1,11
24,577,1,1,11
24,578,1,1,11
24,579,1,1,11
24,580,1,1,3
24,580,1,2,10
24,581,1,1,3
24,581,1,2,10
24,582,1,1,6
24,583,1,1,6
24,584,1,1,6
24,585,1,1,1
24,585,1,2,4
24,585,2,1,1
24,585,2,2,4
24,585,3,1,1
24,585,3,2,4
24,585,4,1,1
24,585,4,2,4
24,586,1,1,1
24,586,1,2,4
24,586,2,1,1
24,586,2,2,4
24,586,3,1,1
24,586,3,2,4
24,586,4,1,1
24,586,4,2,4
24,587,1,1,5
24,587,1,2,10
24,588,1,1,12
24,589,1,1,12
24,589,1,2,17
24,590,1,1,4
24,590,1,2,8
24,591,1,1,4
24,591,1,2,8
24,592,1,1,3
24,592,1,2,14
24,593,1,1,3
24,593,1,2,14
24,594,1,1,3
24,595,1,1,12
24,595,1,2,5
24,596,1,1,12
24,596,1,2,5
24,597,1,1,4
24,597,1,2,17
24,598,1,1,4
24,598,1,2,17
24,599,1,1,17
24,600,1,1,17
24,601,1,1,17
24,602,1,1,5
24,603,1,1,5
24,604,1,1,5
24,605,1,1,11
24,606,1,1,11
24,607,1,1,14
24,607,1,2,2
24,608,1,1,14
24,608,1,2,2
24,609,1,1,14
24,609,1,2,2
24,610,1,1,15
24,611,1,1,15
24,612,1,1,15
24,613,1,1,6
24,614,1,1,6
24,615,1,1,6
24,616,1,1,12
24,617,1,1,12
24,618,1,1,9
24,618,1,2,5
24,619,1,1,7
24,620,1,1,7
24,621,1,1,15
24,622,1,1,9
24,622,1,2,14
24,623,1,1,9
24,623,1,2,14
24,624,1,1,16
24,624,1,2,17
24,625,1,1,16
24,625,1,2,17
24,626,1,1,1
24,627,1,1,1
24,627,1,2,10
24,628,1,1,1
24,628,1,2,10
24,629,1,1,16
24,629,1,2,10
24,630,1,1,16
24,630,1,2,10
24,631,1,1,2
24,632,1,1,12
24,632,1,2,17
24,633,1,1,16
24,633,1,2,15
24,634,1,1,16
24,634,1,2,15
24,635,1,1,16
24,635,1,2,15
24,636,1,1,12
24,636,1,2,2
24,637,1,1,12
24,637,1,2,2
24,638,1,1,17
24,638,1,2,7
24,639,1,1,13
24,639,1,2,7
24,640,1,1,4
24,640,1,2,7
24,641,1,1,10
24,641,2,1,10
24,642,1,1,5
24,642,1,2,10
24,642,2,1,5
24,642,2,2,10
24,643,1,1,15
24,643,1,2,2
24,644,1,1,15
24,644,1,2,5
24,645,1,1,9
24,645,1,2,10
24,645,2,1,9
24,645,2,2,10
24,646,1,1,15
24,646,1,2,6
24,646,2,1,15
24,646,2,2,6
24,646,3,1,15
24,646,3,2,6
24,647,1,1,3
24,647,1,2,7
24,647,2,1,3
24,647,2,2,7
24,648,1,1,1
24,648,1,2,11
24,648,2,1,1
24,648,2,2,7
24,649,1,1,12
24,649,1,2,17
24,649,2,1,12
24,649,2,2,17
24,649,3,1,12
24,649,3,2,17
24,649,4,1,12
24,649,4,2,17
24,649,5,1,12
24,649,5,2,17
24,650,1,1,4
24,651,1,1,4
24,652,1,1,4
24,652,1,2,7
24,653,1,1,2
24,654,1,1,2
24,655,1,1,2
24,655,1,2,11
24,656,1,1,3
24,657,1,1,3
24,658,1,1,3
24,658,1,2,16
24,659,1,1,1
24,660,1,1,1
24,660,1,2,9
24,661,1,1,1
24,661,1,2,10
24,662,1,1,2
24,662,1,2,10
24,663,1,1,2
24,663,1,2,10
24,664,1,1,12
24,665,1,1,12
24,666,1,1,12
24,666,1,2,10
24,666,2,1,12
24,666,2,2,10
24,666,3,1,12
24,666,3,2,10
24,666,4,1,12
24,666,4,2,10
24,666,5,1,12
24,666,5,2,10
24,666,6,1,12
24,666,6,2,10
24,666,7,1,12
24,666,7,2,10
24,666,8,1,12
24,666,8,2,10
24,666,9,1,12
24,666,9,2,10
24,666,10,1,12
24,666,10,2,10
24,666,11,1,12
24,666,11,2,10
24,666,12,1,12
24,666,12,2,10
24,666,13,1,12
24,666,13,2,10
24,666,14,1,12
24,666,14,2,10
24,666,15,1,12
24,666,15,2,10
24,666,16,1,12
24,666,16,2,10
24,666,17,1,12
24,666,17,2,10
24,666,18,1,12
24,666,18,2,10
24,666,19,1,12
24,666,19,2,10
24,666,20,1,12
24,666,20,2,10
24,667,1,1,2
24,667,1,2,1
24,668,1,1,2
24,668,1,2,1
24,669,1,1,18
24,669,2,1,18
24,669,3,1,18
24,669,4,1,18
24,669,5,1,18
24,670,1,1,18
24,670,2,1,18
24,670,3,1,18
24,670,4,1,18
24,670,5,1,18
24,670,6,1,18
24,671,1,1,18
24,671,2,1,18
24,671,3,1,18
24,671,4,1,18
24,671,5,1,18
24,672,1,1,4
24,673,1,1,4
24,674,1,1,7
24,675,1,1,7
24,675,1,2,16
24,676,1,1,1
24,676,2,1,1
24,676,3,1,1
24,676,4,1,1
24,676,5,1,1
24,676,6,1,1
24,676,7,1,1
24,676,8,1,1
24,676,9,1,1
24,676,10,1,1
24,677,1,1,11
24,678,1,1,11
24,678,2,1,11
24,679,1,1,17
24,679,1,2,14
24,680,1,1,17
24,680,1,2,14
24,681,1,1,17
24,681,1,2,14
24,681,2,1,17
24,681,2,2,14
24,682,1,1,18
24,683,1,1,18
24,684,1,1,18
24,685,1,1,18
24,686,1,1,16
24,686,1,2,11
24,687,1,1,16
24,687,1,2,11
24,688,1,1,13
24,688,1,2,3
24,689,1,1,13
24,689,1,2,3
24,690,1,1,8
24,690,1,2,3
24,691,1,1,8
24,691,1,2,15
24,692,1,1,3
24,693,1,1,3
24,694,1,1,5
24,694,1,2,1
24,695,1,1,5
24,695,1,2,1
24,696,1,1,13
24,696,1,2,15
24,697,1,1,13
24,697,1,2,15
24,698,1,1,13
24,698,1,2,6
24,699,1,1,13
24,699,1,2,6
24,700,1,1,18
24,701,1,1,7
24,701,1,2,10
24,702,1,1,5
24,702,1,2,18
24,703,1,1,13
24,703,1,2,18
24,704,1,1,15
24,705,1,1,15
24,706,1,1,15
24,707,1,1,17
24,707,1,2,18
24,708,1,1,14
24,708,1,2,4
24,709,1,1,14
24,709,1,2,4
24,710,1,1,14
24,710,1,2,4
24,710,2,1,14
24,710,2,2,4
24,710,3,1,14
24,710,3,2,4
24,710,4,1,14
24,710,4,2,4
24,711,1,1,14
24,711,1,2,4
24,711,2,1,14
24,711,2,2,4
24,711,3,1,14
24,711,3,2,4
24,711,4,1,14
24,711,4,2,4
24,712,1,1,6
24,713,1,1,6
24,714,1,1,10
24,714,1,2,15
24,715,1,1,10
24,715,1,2,15
24,716,1,1,18
24,716,2,1,18
24,717,1,1,16
24,717,1,2,10
24,718,2,1,15
24,718,2,2,9
24,719,1,1,13
24,719,1,2,18
24,719,2,1,13
24,719,2,2,18
24,720,1,1,11
24,720,1,2,14
24,720,2,1,11
24,720,2,2,16
24,721,1,1,2
24,721,1,2,3
25,1,1,1,4
25,1,1,2,8
25,2,1,1,4
25,2,1,2,8
25,3,1,1,4
25,3,1,2,8
25,3,2,1,4
25,3,2,2,8
25,4,1,1,2
25,5,1,1,2
25,6,1,1,2
25,6,1,2,10
25,6,2,1,2
25,6,2,2,15
25,6,3,1,2
25,6,3,2,10
25,7,1,1,3
25,8,1,1,3
25,9,1,1,3
25,9,2,1,3
25,10,1,1,12
25,11,1,1,12
25,12,1,1,12
25,12,1,2,10
25,13,1,1,12
25,13,1,2,8
25,14,1,1,12
25,14,1,2,8
25,15,1,1,12
25,15,1,2,8
25,15,2,1,12
25,15,2,2,8
25,16,1,1,1
25,16,1,2,10
25,17,1,1,1
25,17,1,2,10
25,18,1,1,1
25,18,1,2,10
25,18,2,1,1
25,18,2,2,10
25,19,1,1,1
25,19,2,1,16
25,19,2,2,1
25,20,1,1,1
25,20,2,1,16
25,20,2,2,1
25,21,1,1,1
25,21,1,2,10
25,22,1,1,1
25,22,1,2,10
25,23,1,1,8
25,24,1,1,8
25,25,1,1,5
25,25,8,1,5
25,25,9,1,5
25,25,10,1,5
25,25,11,1,5
25,25,12,1,5
25,25,13,1,5
25,26,1,1,5
25,26,2,1,5
25,26,2,2,11
25,27,1,1,9
25,27,2,1,6
25,27,2,2,17
25,28,1,1,9
25,28,2,1,6
25,28,2,2,17
25,29,1,1,8
25,30,1,1,8
25,31,1,1,8
25,31,1,2,9
25,32,1,1,8
25,33,1,1,8
25,34,1,1,8
25,34,1,2,9
25,35,1,1,18
25,36,1,1,18
25,37,1,1,2
25,37,2,1,6
25,38,1,1,2
25,38,2,1,6
25,38,2,2,18
25,39,1,1,1
25,39,1,2,18
25,40,1,1,1
25,40,1,2,18
25,41,1,1,8
25,41,1,2,10
25,42,1,1,8
25,42,1,2,10
25,43,1,1,4
25,43,1,2,8
25,44,1,1,4
25,44,1,2,8
25,45,1,1,4
25,45,1,2,8
25,46,1,1,12
25,46,1,2,4
25,47,1,1,12
25,47,1,2,4
25,48,1,1,12
25,48,1,2,8
25,49,1,1,12
25,49,1,2,8
25,50,1,1,9
25,50,2,1,9
25,50,2,2,17
25,51,1,1,9
25,51,2,1,9
25,51,2,2,17
25,52,1,1,1
25,52,2,1,16
25,53,1,1,1
25,53,2,1,16
25,54,1,1,3
25,55,1,1,3
25,56,1,1,7
25,57,1,1,7
25,58,1,1,2
25,59,1,1,2
25,60,1,1,3
25,61,1,1,3
25,62,1,1,3
25,62,1,2,7
25,63,1,1,11
25,64,1,1,11
25,65,1,1,11
25,65,2,1,11
25,66,1,1,7
25,67,1,1,7
25,68,1,1,7
25,69,1,1,4
25,69,1,2,8
25,70,1,1,4
25,70,1,2,8
25,71,1,1,4
25,71,1,2,8
25,72,1,1,3
25,72,1,2,8
25,73,1,1,3
25,73,1,2,8
25,74,1,1,13
25,74,1,2,9
25,74,2,1,13
25,74,2,2,5
25,75,1,1,13
25,75,1,2,9
25,75,2,1,13
25,75,2,2,5
25,76,1,1,13
25,76,1,2,9
25,76,2,1,13
25,76,2,2,5
25,77,1,1,2
25,78,1,1,2
25,79,1,1,3
25,79,1,2,11
25,80,1,1,3
25,80,1,2,11
25,80,2,1,3
25,80,2,2,11
25,81,1,1,5
25,81,1,2,17
25,82,1,1,5
25,82,1,2,17
25,83,1,1,1
25,83,1,2,10
25,84,1,1,1
25,84,1,2,10
25,85,1,1,1
25,85,1,2,10
25,86,1,1,3
25,87,1,1,3
25,87,1,2,6
25,88,1,1,8
25,88,2,1,8
25,88,2,2,16
25,89,1,1,8
25,89,2,1,8
25,89,2,2,16
25,90,1,1,3
25,91,1,1,3
25,91,1,2,6
25,92,1,1,14
25,92,1,2,8
25,93,1,1,14
25,93,1,2,8
25,94,1,1,14
25,94,1,2,8
25,94,2,1,14
25,94,2,2,8
25,95,1,1,13
25,95,1,2,9
25,96,1,1,11
25,97,1,1,11
25,98,1,1,3
25,99,1,1,3
25,100,1,1,5
25,101,1,1,5
25,102,1,1,4
25,102,1,2,11
25,103,1,1,4
25,103,1,2,11
25,103,2,1,4
25,103,2,2,15
25,104,1,1,9
25,105,1,1,9
25,105,2,1,2
25,105,2,2,14
25,106,1,1,7
25,107,1,1,7
25,108,1,1,1
25,109,1,1,8
25,110,1,1,8
25,111,1,1,9
25,111,1,2,13
25,112,1,1,9
25,112,1,2,13
25,113,1,1,1
25,114,1,1,4
25,115,1,1,1
25,115,2,1,1
25,116,1,1,3
25,117,1,1,3
25,118,1,1,3
25,119,1,1,3
25,120,1,1,3
25,121,1,1,3
25,121,1,2,11
25,122,1,1,11
25,122,1,2,18
25,123,1,1,12
25,123,1,2,10
25,124,1,1,6
25,124,1,2,11
25,125,1,1,5
25,126,1,1,2
25,127,1,1,12
25,127,2,1,12
25,127,2,2,10
25,128,1,1,1
25,129,1,1,3
25,130,1,1,3
25,130,1,2,10
25,130,2,1,3
25,130,2,2,16
25,131,1,1,3
25,131,1,2,6
25,132,1,1,1
25,133,1,1,1
25,134,1,1,3
25,135,1,1,5
25,136,1,1,2
25,137,1,1,1
25,138,1,1,13
25,138,1,2,3
25,139,1,1,13
25,139,1,2,3
25,140,1,1,13
25,140,1,2,3
25,141,1,1,13
25,141,1,2,3
25,142,1,1,13
25,142,1,2,10
25,142,2,1,13
25,142,2,2,10
25,143,1,1,1
25,144,1,1,6
25,144,1,2,10
25,145,1,1,5
25,145,1,2,10
25,146,1,1,2
25,146,1,2,10
25,147,1,1,15
25,148,1,1,15
25,149,1,1,15
25,149,1,2,10
25,150,1,1,11
25,150,2,1,11
25,150,2,2,7
25,150,3,1,11
25,151,1,1,11
25,152,1,1,4
25,153,1,1,4
25,154,1,1,4
25,155,1,1,2
25,156,1,1,2
25,157,1,1,2
25,158,1,1,3
25,159,1,1,3
25,160,1,1,3
25,161,1,1,1
25,162,1,1,1
25,163,1,1,1
25,163,1,2,10
25,164,1,1,1
25,164,1,2,10
25,165,1,1,12
25,165,1,2,10
25,166,1,1,12
25,166,1,2,10
25,167,1,1,12
25,167,1,2,8
25,168,1,1,12
25,168,1,2,8
25,169,1,1,8
25,169,1,2,10
25,170,1,1,3
25,170,1,2,5
25,171,1,1,3
25,171,1,2,5
25,172,1,1,5
25,173,1,1,18
25,174,1,1,1
25,174,1,2,18
25,175,1,1,18
25,176,1,1,18
25,176,1,2,10
25,177,1,1,11
25,177,1,2,10
25,178,1,1,11
25,178,1,2,10
25,179,1,1,5
25,180,1,1,5
25,181,1,1,5
25,181,2,1,5
25,181,2,2,15
25,182,1,1,4
25,183,1,1,3
25,183,1,2,18
25,184,1,1,3
25,184,1,2,18
25,185,1,1,13
25,186,1,1,3
25,187,1,1,4
25,187,1,2,10
25,188,1,1,4
25,188,1,2,10
25,189,1,1,4
25,189,1,2,10
25,190,1,1,1
25,191,1,1,4
25,192,1,1,4
25,193,1,1,12
25,193,1,2,10
25,194,1,1,3
25,194,1,2,9
25,195,1,1,3
25,195,1,2,9
25,196,1,1,11
25,197,1,1,16
25,198,1,1,16
25,198,1,2,10
25,199,1,1,3
25,199,1,2,11
25,200,1,1,14
25,201,1,1,11
25,201,2,1,11
25,201,3,1,11
25,201,4,1,11
25,201,5,1,11
25,201,6,1,11
25,201,7,1,11
25,201,8,1,11
25,201,9,1,11
25,201,10,1,11
25,201,11,1,11
25,201,12,1,11
25,201,13,1,11
25,201,14,1,11
25,201,15,1,11
25,201,16,1,11
25,201,17,1,11
25,201,18,1,11
25,201,19,1,11
25,201,20,1,11
25,201,21,1,11
25,201,22,1,11
25,201,23,1,11
25,201,24,1,11
25,201,25,1,11
25,201,26,1,11
25,201,27,1,11
25,201,28,1,11
25,202,1,1,11
25,203,1,1,1
25,203,1,2,11
25,204,1,1,12
25,205,1,1,12
25,205,1,2,17
25,206,1,1,1
25,207,1,1,9
25,207,1,2,10
25,208,1,1,17
25,208,1,2,9
25,208,2,1,17
25,208,2,2,9
25,209,1,1,18
25,210,1,1,18
25,211,1,1,3
25,211,1,2,8
25,212,1,1,12
25,212,1,2,17
25,212,2,1,12
25,212,2,2,17
25,213,1,1,12
25,213,1,2,13
25,214,1,1,12
25,214,1,2,7
25,214,2,1,12
25,214,2,2,7
25,215,1,1,16
25,215,1,2,6
25,216,1,1,1
25,217,1,1,1
25,218,1,1,2
25,219,1,1,2
25,219,1,2,13
25,220,1,1,6
25,220,1,2,9
25,221,1,1,6
25,221,1,2,9
25,222,1,1,3
25,222,1,2,13
25,223,1,1,3
25,224,1,1,3
25,225,1,1,6
25,225,1,2,10
25,226,1,1,3
25,226,1,2,10
25,227,1,1,17
25,227,1,2,10
25,228,1,1,16
25,228,1,2,2
25,229,1,1,16
25,229,1,2,2
25,229,2,1,16
25,229,2,2,2
25,230,1,1,3
25,230,1,2,15
25,231,1,1,9
25,232,1,1,9
25,233,1,1,1
25,234,1,1,1
25,235,1,1,1
25,236,1,1,7
25,237,1,1,7
25,238,1,1,6
25,238,1,2,11
25,239,1,1,5
25,240,1,1,2
25,241,1,1,1
25,242,1,1,1
25,243,1,1,5
25,244,1,1,2
25,245,1,1,3
25,246,1,1,13
25,246,1,2,9
25,247,1,1,13
25,247,1,2,9
25,248,1,1,13
25,248,1,2,16
25,248,2,1,13
25,248,2,2,16
25,249,1,1,11
25,249,1,2,10
25,250,1,1,2
25,250,1,2,10
25,251,1,1,11
25,251,1,2,4
25,252,1,1,4
25,253,1,1,4
25,254,1,1,4
25,254,2,1,4
25,254,2,2,15
25,255,1,1,2
25,256,1,1,2
25,256,1,2,7
25,257,1,1,2
25,257,1,2,7
25,257,2,1,2
25,257,2,2,7
25,258,1,1,3
25,259,1,1,3
25,259,1,2,9
25,260,1,1,3
25,260,1,2,9
25,260,2,1,3
25,260,2,2,9
25,261,1,1,16
25,262,1,1,16
25,263,1,1,1
25,264,1,1,1
25,265,1,1,12
25,266,1,1,12
25,267,1,1,12
25,267,1,2,10
25,268,1,1,12
25,269,1,1,12
25,269,1,2,8
25,270,1,1,3
25,270,1,2,4
25,271,1,1,3
25,271,1,2,4
25,272,1,1,3
25,272,1,2,4
25,273,1,1,4
25,274,1,1,4
25,274,1,2,16
25,275,1,1,4
25,275,1,2,16
25,276,1,1,1
25,276,1,2,10
25,277,1,1,1
25,277,1,2,10
25,278,1,1,3
25,278,1,2,10
25,279,1,1,3
25,279,1,2,10
25,280,1,1,11
25,280,1,2,18
25,281,1,1,11
25,281,1,2,18
25,282,1,1,11
25,282,1,2,18
25,282,2,1,11
25,282,2,2,18
25,283,1,1,12
25,283,1,2,3
25,284,1,1,12
25,284,1,2,10
25,285,1,1,4
25,286,1,1,4
25,286,1,2,7
25,287,1,1,1
25,288,1,1,1
25,289,1,1,1
25,290,1,1,12
25,290,1,2,9
25,291,1,1,12
25,291,1,2,10
25,292,1,1,12
25,292,1,2,14
25,293,1,1,1
25,294,1,1,1
25,295,1,1,1
25,296,1,1,7
25,297,1,1,7
25,298,1,1,1
25,298,1,2,18
25,299,1,1,13
25,300,1,1,1
25,301,1,1,1
25,302,1,1,16
25,302,1,2,14
25,302,2,1,16
25,302,2,2,14
25,303,1,1,17
25,303,1,2,18
25,303,2,1,17
25,303,2,2,18
25,304,1,1,17
25,304,1,2,13
25,305,1,1,17
25,305,1,2,13
25,306,1,1,17
25,306,1,2,13
25,306,2,1,17
25,307,1,1,7
25,307,1,2,11
25,308,1,1,7
25,308,1,2,11
25,308,2,1,7
25,308,2,2,11
25,309,1,1,5
25,310,1,1,5
25,310,2,1,5
25,311,1,1,5
25,312,1,1,5
25,313,1,1,12
25,314,1,1,12
25,315,1,1,4
25,315,1,2,8
25,316,1,1,8
25,317,1,1,8
25,318,1,1,3
25,318,1,2,16
25,319,1,1,3
25,319,1,2,16
25,319,2,1,3
25,319,2,2,16
25,320,1,1,3
25,321,1,1,3
25,322,1,1,2
25,322,1,2,9
25,323,1,1,2
25,323,1,2,9
25,323,2,1,2
25,323,2,2,9
25,324,1,1,2
25,325,1,1,11
25,326,1,1,11
25,327,1,1,1
25,328,1,1,9
25,329,1,1,9
25,329,1,2,15
25,330,1,1,9
25,330,1,2,15
25,331,1,1,4
25,332,1,1,4
25,332,1,2,16
25,333,1,1,1
25,333,1,2,10
25,334,1,1,15
25,334,1,2,10
25,334,2,1,15
25,334,2,2,18
25,335,1,1,1
25,336,1,1,8
25,337,1,1,13
25,337,1,2,11
25,338,1,1,13
25,338,1,2,11
25,339,1,1,3
25,339,1,2,9
25,340,1,1,3
25,340,1,2,9
25,341,1,1,3
25,342,1,1,3
25,342,1,2,16
25,343,1,1,9
25,343,1,2,11
25,344,1,1,9
25,344,1,2,11
25,345,1,1,13
25,345,1,2,4
25,346,1,1,13
25,346,1,2,4
25,347,1,1,13
25,347,1,2,12
25,348,1,1,13
25,348,1,2,12
25,349,1,1,3
25,350,1,1,3
25,351,1,1,1
25,351,2,1,2
25,351,3,1,3
25,351,4,1,6
25,352,1,1,1
25,353,1,1,14
25,354,1,1,14
25,354,2,1,14
25,355,1,1,14
25,356,1,1,14
25,357,1,1,4
25,357,1,2,10
25,358,1,1,11
25,359,1,1,16
25,359,2,1,16
25,360,1,1,11
25,361,1,1,6
25,362,1,1,6
25,362,2,1,6
25,363,1,1,6
25,363,1,2,3
25,364,1,1,6
25,364,1,2,3
25,365,1,1,6
25,365,1,2,3
25,366,1,1,3
25,367,1,1,3
25,368,1,1,3
25,369,1,1,3
25,369,1,2,13
25,370,1,1,3
25,371,1,1,15
25,372,1,1,15
25,373,1,1,15
25,373,1,2,10
25,373,2,1,15
25,373,2,2,10
25,374,1,1,17
25,374,1,2,11
25,375,1,1,17
25,375,1,2,11
25,376,1,1,17
25,376,1,2,11
25,376,2,1,17
25,376,2,2,11
25,377,1,1,13
25,378,1,1,6
25,379,1,1,17
25,380,1,1,15
25,380,1,2,11
25,380,2,1,15
25,380,2,2,11
25,381,1,1,15
25,381,1,2,11
25,381,2,1,15
25,381,2,2,11
25,382,1,1,3
25,382,2,1,3
25,383,1,1,9
25,383,2,1,9
25,383,2,2,2
25,384,1,1,15
25,384,1,2,10
25,384,2,1,15
25,384,2,2,10
25,385,1,1,17
25,385,1,2,11
25,386,1,1,11
25,386,2,1,11
25,386,3,1,11
25,386,4,1,11
25,387,1,1,4
25,388,1,1,4
25,389,1,1,4
25,389,1,2,9
25,390,1,1,2
25,391,1,1,2
25,391,1,2,7
25,392,1,1,2
25,392,1,2,7
25,393,1,1,3
25,394,1,1,3
25,395,1,1,3
25,395,1,2,17
25,396,1,1,1
25,396,1,2,10
25,397,1,1,1
25,397,1,2,10
25,398,1,1,1
25,398,1,2,10
25,399,1,1,1
25,400,1,1,1
25,400,1,2,3
25,401,1,1,12
25,402,1,1,12
25,403,1,1,5
25,404,1,1,5
25,405,1,1,5
25,406,1,1,4
25,406,1,2,8
25,407,1,1,4
25,407,1,2,8
25,408,1,1,13
25,409,1,1,13
25,410,1,1,13
25,410,1,2,17
25,411,1,1,13
25,411,1,2,17
25,412,1,1,12
25,412,2,1,12
25,412,3,1,12
25,413,1,1,12
25,413,1,2,4
25,413,2,1,12
25,413,2,2,9
25,413,3,1,12
25,413,3,2,17
25,414,1,1,12
25,414,1,2,10
25,415,1,1,12
25,415,1,2,10
25,416,1,1,12
25,416,1,2,10
25,417,1,1,5
25,418,1,1,3
25,419,1,1,3
25,420,1,1,4
25,421,1,1,4
25,421,2,1,4
25,422,1,1,3
25,422,2,1,3
25,423,1,1,3
25,423,1,2,9
25,423,2,1,3
25,423,2,2,9
25,424,1,1,1
25,425,1,1,14
25,425,1,2,10
25,426,1,1,14
25,426,1,2,10
25,427,1,1,1
25,428,1,1,1
25,428,2,1,1
25,428,2,2,7
25,429,1,1,14
25,430,1,1,16
25,430,1,2,10
25,431,1,1,1
25,432,1,1,1
25,433,1,1,11
25,434,1,1,8
25,434,1,2,16
25,435,1,1,8
25,435,1,2,16
25,436,1,1,17
25,436,1,2,11
25,437,1,1,17
25,437,1,2,11
25,438,1,1,13
25,439,1,1,11
25,439,1,2,18
25,440,1,1,1
25,441,1,1,1
25,441,1,2,10
25,442,1,1,14
25,442,1,2,16
25,443,1,1,15
25,443,1,2,9
25,444,1,1,15
25,444,1,2,9
25,445,1,1,15
25,445,1,2,9
25,445,2,1,15
25,445,2,2,9
25,446,1,1,1
25,447,1,1,7
25,448,1,1,7
25,448,1,2,17
25,448,2,1,7
25,448,2,2,17
25,449,1,1,9
25,450,1,1,9
25,451,1,1,8
25,451,1,2,12
25,452,1,1,8
25,452,1,2,16
25,453,1,1,8
25,453,1,2,7
25,454,1,1,8
25,454,1,2,7
25,455,1,1,4
25,456,1,1,3
25,457,1,1,3
25,458,1,1,3
25,458,1,2,10
25,459,1,1,4
25,459,1,2,6
25,460,1,1,4
25,460,1,2,6
25,460,2,1,4
25,460,2,2,6
25,461,1,1,16
25,461,1,2,6
25,462,1,1,5
25,462,1,2,17
25,463,1,1,1
25,464,1,1,9
25,464,1,2,13
25,465,1,1,4
25,466,1,1,5
25,467,1,1,2
25,468,1,1,18
25,468,1,2,10
25,469,1,1,12
25,469,1,2,10
25,470,1,1,4
25,471,1,1,6
25,472,1,1,9
25,472,1,2,10
25,473,1,1,6
25,473,1,2,9
25,474,1,1,1
25,475,1,1,11
25,475,1,2,7
25,475,2,1,11
25,475,2,2,7
25,476,1,1,13
25,476,1,2,17
25,477,1,1,14
25,478,1,1,6
25,478,1,2,14
25,479,1,1,5
25,479,1,2,14
25,479,2,1,5
25,479,2,2,2
25,479,3,1,5
25,479,3,2,3
25,479,4,1,5
25,479,4,2,6
25,479,5,1,5
25,479,5,2,10
25,479,6,1,5
25,479,6,2,4
25,480,1,1,11
25,481,1,1,11
25,482,1,1,11
25,483,1,1,17
25,483,1,2,15
25,484,1,1,3
25,484,1,2,15
25,485,1,1,2
25,485,1,2,17
25,486,1,1,1
25,487,1,1,14
25,487,1,2,15
25,487,2,1,14
25,487,2,2,15
25,488,1,1,11
25,489,1,1,3
25,490,1,1,3
25,491,1,1,16
25,492,1,1,4
25,492,2,1,4
25,492,2,2,10
25,493,1,1,1
25,493,2,1,2
25,493,3,1,3
25,493,4,1,4
25,493,5,1,5
25,493,6,1,6
25,493,7,1,7
25,493,8,1,8
25,493,9,1,9
25,493,10,1,10
25,493,11,1,11
25,493,12,1,12
25,493,13,1,13
25,493,14,1,14
25,493,15,1,15
25,493,16,1,16
25,493,17,1,17
25,493,18,1,18
25,494,1,1,11
25,494,1,2,2
25,495,1,1,4
25,496,1,1,4
25,497,1,1,4
25,498,1,1,2
25,499,1,1,2
25,499,1,2,7
25,500,1,1,2
25,500,1,2,7
25,501,1,1,3
25,502,1,1,3
25,503,1,1,3
25,504,1,1,1
25,505,1,1,1
25,506,1,1,1
25,507,1,1,1
25,508,1,1,1
25,509,1,1,16
25,510,1,1,16
25,511,1,1,4
25,512,1,1,4
25,513,1,1,2
25,514,1,1,2
25,515,1,1,3
25,516,1,1,3
25,517,1,1,11
25,518,1,1,11
25,519,1,1,1
25,519,1,2,10
25,520,1,1,1
25,520,1,2,10
25,521,1,1,1
25,521,1,2,10
25,522,1,1,5
25,523,1,1,5
25,524,1,1,13
25,525,1,1,13
25,526,1,1,13
25,527,1,1,11
25,527,1,2,10
25,528,1,1,11
25,528,1,2,10
25,529,1,1,9
25,530,1,1,9
25,530,1,2,17
25,531,1,1,1
25,531,2,1,1
25,531,2,2,18
25,532,1,1,7
25,533,1,1,7
25,534,1,1,7
25,535,1,1,3
25,536,1,1,3
25,536,1,2,9
25,537,1,1,3
25,537,1,2,9
25,538,1,1,7
25,539,1,1,7
25,540,1,1,12
25,540,1,2,4
25,541,1,1,12
25,541,1,2,4
25,542,1,1,12
25,542,1,2,4
25,543,1,1,12
25,543,1,2,8
25,544,1,1,12
25,544,1,2,8
25,545,1,1,12
25,545,1,2,8
25,546,1,1,4
25,546,1,2,18
25,547,1,1,4
25,547,1,2,18
25,548,1,1,4
25,549,1,1,4
25,550,1,1,3
25,550,2,1,3
25,551,1,1,9
25,551,1,2,16
25,552,1,1,9
25,552,1,2,16
25,553,1,1,9
25,553,1,2,16
25,554,1,1,2
25,555,1,1,2
25,555,2,1,2
25,555,2,2,11
25,556,1,1,4
25,557,1,1,12
25,557,1,2,13
25,558,1,1,12
25,558,1,2,13
25,559,1,1,16
25,559,1,2,7
25,560,1,1,16
25,560,1,2,7
25,561,1,1,11
25,561,1,2,10
25,562,1,1,14
25,563,1,1,14
25,564,1,1,3
25,564,1,2,13
25,565,1,1,3
25,565,1,2,13
25,566,1,1,13
25,566,1,2,10
25,567,1,1,13
25,567,1,2,10
25,568,1,1,8
25,569,1,1,8
25,570,1,1,16
25,571,1,1,16
25,572,1,1,1
25,573,1,1,1
25,574,1,1,11
25,575,1,1,11
25,576,1,1,11
25,577,1,1,11
25,578,1,1,11
25,579,1,1,11
25,580,1,1,3
25,580,1,2,10
25,581,1,1,3
25,581,1,2,10
25,582,1,1,6
25,583,1,1,6
25,584,1,1,6
25,585,1,1,1
25,585,1,2,4
25,585,2,1,1
25,585,2,2,4
25,585,3,1,1
25,585,3,2,4
25,585,4,1,1
25,585,4,2,4
25,586,1,1,1
25,586,1,2,4
25,586,2,1,1
25,586,2,2,4
25,586,3,1,1
25,586,3,2,4
25,586,4,1,1
25,586,4,2,4
25,587,1,1,5
25,587,1,2,10
25,588,1,1,12
25,589,1,1,12
25,589,1,2,17
25,590,1,1,4
25,590,1,2,8
25,591,1,1,4
25,591,1,2,8
25,592,1,1,3
25,592,1,2,14
25,593,1,1,3
25,593,1,2,14
25,594,1,1,3
25,595,1,1,12
25,595,1,2,5
25,596,1,1,12
25,596,1,2,5
25,597,1,1,4
25,597,1,2,17
25,598,1,1,4
25,598,1,2,17
25,599,1,1,17
25,600,1,1,17
25,601,1,1,17
25,602,1,1,5
25,603,1,1,5
25,604,1,1,5
25,605,1,1,11
25,606,1,1,11
25,607,1,1,14
25,607,1,2,2
25,608,1,1,14
25,608,1,2,2
25,609,1,1,14
25,609,1,2,2
25,610,1,1,15
25,611,1,1,15
25,612,1,1,15
25,613,1,1,6
25,614,1,1,6
25,615,1,1,6
25,616,1,1,12
25,617,1,1,12
25,618,1,1,9
25,618,1,2,5
25,619,1,1,7
25,620,1,1,7
25,621,1,1,15
25,622,1,1,9
25,622,1,2,14
25,623,1,1,9
25,623,1,2,14
25,624,1,1,16
25,624,1,2,17
25,625,1,1,16
25,625,1,2,17
25,626,1,1,1
25,627,1,1,1
25,627,1,2,10
25,628,1,1,1
25,628,1,2,10
25,629,1,1,16
25,629,1,2,10
25,630,1,1,16
25,630,1,2,10
25,631,1,1,2
25,632,1,1,12
25,632,1,2,17
25,633,1,1,16
25,633,1,2,15
25,634,1,1,16
25,634,1,2,15
25,635,1,1,16
25,635,1,2,15
25,636,1,1,12
25,636,1,2,2
25,637,1,1,12
25,637,1,2,2
25,638,1,1,17
25,638,1,2,7
25,639,1,1,13
25,639,1,2,7
25,640,1,1,4
25,640,1,2,7
25,641,1,1,10
25,641,2,1,10
25,642,1,1,5
25,642,1,2,10
25,642,2,1,5
25,642,2,2,10
25,643,1,1,15
25,643,1,2,2
25,644,1,1,15
25,644,1,2,5
25,645,1,1,9
25,645,1,2,10
25,645,2,1,9
25,645,2,2,10
25,646,1,1,15
25,646,1,2,6
25,646,2,1,15
25,646,2,2,6
25,646,3,1,15
25,646,3,2,6
25,647,1,1,3
25,647,1,2,7
25,647,2,1,3
25,647,2,2,7
25,648,1,1,1
25,648,1,2,11
25,648,2,1,1
25,648,2,2,7
25,649,1,1,12
25,649,1,2,17
25,649,2,1,12
25,649,2,2,17
25,649,3,1,12
25,649,3,2,17
25,649,4,1,12
25,649,4,2,17
25,649,5,1,12
25,649,5,2,17
25,650,1,1,4
25,651,1,1,4
25,652,1,1,4
25,652,1,2,7
25,653,1,1,2
25,654,1,1,2
25,655,1,1,2
25,655,1,2,11
25,656,1,1,3
25,657,1,1,3
25,658,1,1,3
25,658,1,2,16
25,658,2,1,3
25,658,2,2,16
25,659,1,1,1
25,660,1,1,1
25,660,1,2,9
25,661,1,1,1
25,661,1,2,10
25,662,1,1,2
25,662,1,2,10
25,663,1,1,2
25,663,1,2,10
25,664,1,1,12
25,665,1,1,12
25,666,1,1,12
25,666,1,2,10
25,666,2,1,12
25,666,2,2,10
25,666,3,1,12
25,666,3,2,10
25,666,4,1,12
25,666,4,2,10
25,666,5,1,12
25,666,5,2,10
25,666,6,1,12
25,666,6,2,10
25,666,7,1,12
25,666,7,2,10
25,666,8,1,12
25,666,8,2,10
25,666,9,1,12
25,666,9,2,10
25,666,10,1,12
25,666,10,2,10
25,666,11,1,12
25,666,11,2,10
25,666,12,1,12
25,666,12,2,10
25,666,13,1,12
25,666,13,2,10
25,666,14,1,12
25,666,14,2,10
25,666,15,1,12
25,666,15,2,10
25,666,16,1,12
25,666,16,2,10
25,666,17,1,12
25,666,17,2,10
25,666,18,1,12
25,666,18,2,10
25,666,19,1,12
25,666,19,2,10
25,666,20,1,12
25,666,20,2,10
25,667,1,1,2
25,667,1,2,1
25,668,1,1,2
25,668,1,2,1
25,669,1,1,18
25,669,2,1,18
25,669,3,1,18
25,669,4,1,18
25,669,5,1,18
25,670,1,1,18
25,670,2,1,18
25,670,3,1,18
25,670,4,1,18
25,670,5,1,18
25,670,6,1,18
25,671,1,1,18
25,671,2,1,18
25,671,3,1,18
25,671,4,1,18
25,671,5,1,18
25,672,1,1,4
25,673,1,1,4
25,674,1,1,7
25,675,1,1,7
25,675,1,2,16
25,676,1,1,1
25,676,2,1,1
25,676,3,1,1
25,676,4,1,1
25,676,5,1,1
25,676,6,1,1
25,676,7,1,1
25,676,8,1,1
25,676,9,1,1
25,676,10,1,1
25,677,1,1,11
25,678,1,1,11
25,678,2,1,11
25,679,1,1,17
25,679,1,2,14
25,680,1,1,17
25,680,1,2,14
25,681,1,1,17
25,681,1,2,14
25,681,2,1,17
25,681,2,2,14
25,682,1,1,18
25,683,1,1,18
25,684,1,1,18
25,685,1,1,18
25,686,1,1,16
25,686,1,2,11
25,687,1,1,16
25,687,1,2,11
25,688,1,1,13
25,688,1,2,3
25,689,1,1,13
25,689,1,2,3
25,690,1,1,8
25,690,1,2,3
25,691,1,1,8
25,691,1,2,15
25,692,1,1,3
25,693,1,1,3
25,694,1,1,5
25,694,1,2,1
25,695,1,1,5
25,695,1,2,1
25,696,1,1,13
25,696,1,2,15
25,697,1,1,13
25,697,1,2,15
25,698,1,1,13
25,698,1,2,6
25,699,1,1,13
25,699,1,2,6
25,700,1,1,18
25,701,1,1,7
25,701,1,2,10
25,702,1,1,5
25,702,1,2,18
25,703,1,1,13
25,703,1,2,18
25,704,1,1,15
25,705,1,1,15
25,706,1,1,15
25,707,1,1,17
25,707,1,2,18
25,708,1,1,14
25,708,1,2,4
25,709,1,1,14
25,709,1,2,4
25,710,1,1,14
25,710,1,2,4
25,710,2,1,14
25,710,2,2,4
25,710,3,1,14
25,710,3,2,4
25,710,4,1,14
25,710,4,2,4
25,711,1,1,14
25,711,1,2,4
25,711,2,1,14
25,711,2,2,4
25,711,3,1,14
25,711,3,2,4
25,711,4,1,14
25,711,4,2,4
25,712,1,1,6
25,713,1,1,6
25,714,1,1,10
25,714,1,2,15
25,715,1,1,10
25,715,1,2,15
25,716,1,1,18
25,716,2,1,18
25,717,1,1,16
25,717,1,2,10
25,718,1,1,15
25,718,1,2,9
25,718,2,1,15
25,718,2,2,9
25,718,3,1,15
25,718,3,2,9
25,719,1,1,13
25,719,1,2,18
25,719,2,1,13
25,719,2,2,18
25,720,1,1,11
25,720,1,2,14
25,720,2,1,11
25,720,2,2,16
25,721,1,1,2
25,721,1,2,3
25,722,1,1,4
25,722,1,2,10
25,723,1,1,4
25,723,1,2,10
25,724,1,1,4
25,724,1,2,14
25,725,1,1,2
25,726,1,1,2
25,727,1,1,2
25,727,1,2,16
25,728,1,1,3
25,729,1,1,3
25,730,1,1,3
25,730,1,2,18
25,731,1,1,1
25,731,1,2,10
25,732,1,1,1
25,732,1,2,10
25,733,1,1,1
25,733,1,2,10
25,734,1,1,1
25,735,1,1,1
25,736,1,1,12
25,737,1,1,12
25,737,1,2,5
25,738,1,1,12
25,738,1,2,5
25,739,1,1,7
25,740,1,1,7
25,740,1,2,6
25,741,1,1,2
25,741,1,2,10
25,741,2,1,5
25,741,2,2,10
25,741,3,1,11
25,741,3,2,10
25,741,4,1,14
25,741,4,2,10
25,742,1,1,12
25,742,1,2,18
25,743,1,1,12
25,743,1,2,18
25,744,1,1,13
25,745,1,1,13
25,745,2,1,13
25,746,1,1,3
25,746,2,1,3
25,747,1,1,8
25,747,1,2,3
25,748,1,1,8
25,748,1,2,3
25,749,1,1,9
25,750,1,1,9
25,751,1,1,3
25,751,1,2,12
25,752,1,1,3
25,752,1,2,12
25,753,1,1,4
25,754,1,1,4
25,755,1,1,4
25,755,1,2,18
25,756,1,1,4
25,756,1,2,18
25,757,1,1,8
25,757,1,2,2
25,758,1,1,8
25,758,1,2,2
25,759,1,1,1
25,759,1,2,7
25,760,1,1,1
25,760,1,2,7
25,761,1,1,4
25,762,1,1,4
25,763,1,1,4
25,764,1,1,18
25,765,1,1,1
25,765,1,2,11
25,766,1,1,7
25,767,1,1,12
25,767,1,2,3
25,768,1,1,12
25,768,1,2,3
25,769,1,1,14
25,769,1,2,9
25,770,1,1,14
25,770,1,2,9
25,771,1,1,3
25,772,1,1,1
25,773,1,1,1
25,773,2,1,2
25,773,3,1,3
25,773,4,1,4
25,773,5,1,5
25,773,6,1,6
25,773,7,1,7
25,773,8,1,8
25,773,9,1,9
25,773,10,1,10
25,773,11,1,11
25,773,12,1,12
25,773,13,1,13
25,773,14,1,14
25,773,15,1,15
25,773,16,1,16
25,773,17,1,17
25,773,18,1,18
25,774,1,1,13
25,774,1,2,10
25,774,2,1,13
25,774,2,2,10
25,774,3,1,13
25,774,3,2,10
25,774,4,1,13
25,774,4,2,10
25,774,5,1,13
25,774,5,2,10
25,774,6,1,13
25,774,6,2,10
25,774,7,1,13
25,774,7,2,10
25,774,8,1,13
25,774,8,2,10
25,775,1,1,1
25,776,1,1,2
25,776,1,2,15
25,777,1,1,5
25,777,1,2,17
25,778,1,1,14
25,778,1,2,18
25,778,2,1,14
25,778,2,2,18
25,779,1,1,3
25,779,1,2,11
25,780,1,1,1
25,780,1,2,15
25,781,1,1,14
25,781,1,2,4
25,782,1,1,15
25,783,1,1,15
25,783,1,2,7
25,784,1,1,15
25,784,1,2,7
25,785,1,1,5
25,785,1,2,18
25,786,1,1,11
25,786,1,2,18
25,787,1,1,4
25,787,1,2,18
25,788,1,1,3
25,788,1,2,18
25,789,1,1,11
25,790,1,1,11
25,791,1,1,11
25,791,1,2,17
25,792,1,1,11
25,792,1,2,14
25,793,1,1,13
25,793,1,2,8
25,794,1,1,12
25,794,1,2,7
25,795,1,1,12
25,795,1,2,7
25,796,1,1,5
25,797,1,1,17
25,797,1,2,10
25,798,1,1,4
25,798,1,2,17
25,799,1,1,16
25,799,1,2,15
25,800,1,1,11
25,801,1,1,17
25,801,1,2,18
25,801,2,1,17
25,801,2,2,18
25,802,1,1,7
25,802,1,2,14
26,1,1,1,4
26,1,1,2,8
26,2,1,1,4
26,2,1,2,8
26,3,1,1,4
26,3,1,2,8
26,3,2,1,4
26,3,2,2,8
26,4,1,1,2
26,5,1,1,2
26,6,1,1,2
26,6,1,2,10
26,6,2,1,2
26,6,2,2,15
26,6,3,1,2
26,6,3,2,10
26,7,1,1,3
26,8,1,1,3
26,9,1,1,3
26,9,2,1,3
26,10,1,1,12
26,11,1,1,12
26,12,1,1,12
26,12,1,2,10
26,13,1,1,12
26,13,1,2,8
26,14,1,1,12
26,14,1,2,8
26,15,1,1,12
26,15,1,2,8
26,15,2,1,12
26,15,2,2,8
26,16,1,1,1
26,16,1,2,10
26,17,1,1,1
26,17,1,2,10
26,18,1,1,1
26,18,1,2,10
26,18,2,1,1
26,18,2,2,10
26,19,1,1,1
26,19,2,1,16
26,19,2,2,1
26,20,1,1,1
26,20,2,1,16
26,20,2,2,1
26,21,1,1,1
26,21,1,2,10
26,22,1,1,1
26,22,1,2,10
26,23,1,1,8
26,24,1,1,8
26,25,1,1,5
26,25,8,1,5
26,25,9,1,5
26,25,10,1,5
26,25,11,1,5
26,25,12,1,5
26,25,13,1,5
26,26,1,1,5
26,26,2,1,5
26,26,2,2,11
26,27,1,1,9
26,27,2,1,6
26,27,2,2,17
26,28,1,1,9
26,28,2,1,6
26,28,2,2,17
26,29,1,1,8
26,30,1,1,8
26,31,1,1,8
26,31,1,2,9
26,32,1,1,8
26,33,1,1,8
26,34,1,1,8
26,34,1,2,9
26,35,1,1,18
26,36,1,1,18
26,37,1,1,2
26,37,2,1,6
26,38,1,1,2
26,38,2,1,6
26,38,2,2,18
26,39,1,1,1
26,39,1,2,18
26,40,1,1,1
26,40,1,2,18
26,41,1,1,8
26,41,1,2,10
26,42,1,1,8
26,42,1,2,10
26,43,1,1,4
26,43,1,2,8
26,44,1,1,4
26,44,1,2,8
26,45,1,1,4
26,45,1,2,8
26,46,1,1,12
26,46,1,2,4
26,47,1,1,12
26,47,1,2,4
26,48,1,1,12
26,48,1,2,8
26,49,1,1,12
26,49,1,2,8
26,50,1,1,9
26,50,2,1,9
26,50,2,2,17
26,51,1,1,9
26,51,2,1,9
26,51,2,2,17
26,52,1,1,1
26,52,2,1,16
26,53,1,1,1
26,53,2,1,16
26,54,1,1,3
26,55,1,1,3
26,56,1,1,7
26,57,1,1,7
26,58,1,1,2
26,59,1,1,2
26,60,1,1,3
26,61,1,1,3
26,62,1,1,3
26,62,1,2,7
26,63,1,1,11
26,64,1,1,11
26,65,1,1,11
26,65,2,1,11
26,66,1,1,7
26,67,1,1,7
26,68,1,1,7
26,69,1,1,4
26,69,1,2,8
26,70,1,1,4
26,70,1,2,8
26,71,1,1,4
26,71,1,2,8
26,72,1,1,3
26,72,1,2,8
26,73,1,1,3
26,73,1,2,8
26,74,1,1,13
26,74,1,2,9
26,74,2,1,13
26,74,2,2,5
26,75,1,1,13
26,75,1,2,9
26,75,2,1,13
26,75,2,2,5
26,76,1,1,13
26,76,1,2,9
26,76,2,1,13
26,76,2,2,5
26,77,1,1,2
26,78,1,1,2
26,79,1,1,3
26,79,1,2,11
26,80,1,1,3
26,80,1,2,11
26,80,2,1,3
26,80,2,2,11
26,81,1,1,5
26,81,1,2,17
26,82,1,1,5
26,82,1,2,17
26,83,1,1,1
26,83,1,2,10
26,84,1,1,1
26,84,1,2,10
26,85,1,1,1
26,85,1,2,10
26,86,1,1,3
26,87,1,1,3
26,87,1,2,6
26,88,1,1,8
26,88,2,1,8
26,88,2,2,16
26,89,1,1,8
26,89,2,1,8
26,89,2,2,16
26,90,1,1,3
26,91,1,1,3
26,91,1,2,6
26,92,1,1,14
26,92,1,2,8
26,93,1,1,14
26,93,1,2,8
26,94,1,1,14
26,94,1,2,8
26,94,2,1,14
26,94,2,2,8
26,95,1,1,13
26,95,1,2,9
26,96,1,1,11
26,97,1,1,11
26,98,1,1,3
26,99,1,1,3
26,100,1,1,5
26,101,1,1,5
26,102,1,1,4
26,102,1,2,11
26,103,1,1,4
26,103,1,2,11
26,103,2,1,4
26,103,2,2,15
26,104,1,1,9
26,105,1,1,9
26,105,2,1,2
26,105,2,2,14
26,106,1,1,7
26,107,1,1,7
26,108,1,1,1
26,109,1,1,8
26,110,1,1,8
26,111,1,1,9
26,111,1,2,13
26,112,1,1,9
26,112,1,2,13
26,113,1,1,1
26,114,1,1,4
26,115,1,1,1
26,115,2,1,1
26,116,1,1,3
26,117,1,1,3
26,118,1,1,3
26,119,1,1,3
26,120,1,1,3
26,121,1,1,3
26,121,1,2,11
26,122,1,1,11
26,122,1,2,18
26,123,1,1,12
26,123,1,2,10
26,124,1,1,6
26,124,1,2,11
26,125,1,1,5
26,126,1,1,2
26,127,1,1,12
26,127,2,1,12
26,127,2,2,10
26,128,1,1,1
26,129,1,1,3
26,130,1,1,3
26,130,1,2,10
26,130,2,1,3
26,130,2,2,16
26,131,1,1,3
26,131,1,2,6
26,132,1,1,1
26,133,1,1,1
26,134,1,1,3
26,135,1,1,5
26,136,1,1,2
26,137,1,1,1
26,138,1,1,13
26,138,1,2,3
26,139,1,1,13
26,139,1,2,3
26,140,1,1,13
26,140,1,2,3
26,141,1,1,13
26,141,1,2,3
26,142,1,1,13
26,142,1,2,10
26,142,2,1,13
26,142,2,2,10
26,143,1,1,1
26,144,1,1,6
26,144,1,2,10
26,145,1,1,5
26,145,1,2,10
26,146,1,1,2
26,146,1,2,10
26,147,1,1,15
26,148,1,1,15
26,149,1,1,15
26,149,1,2,10
26,150,1,1,11
26,150,2,1,11
26,150,2,2,7
26,150,3,1,11
26,151,1,1,11
26,152,1,1,4
26,153,1,1,4
26,154,1,1,4
26,155,1,1,2
26,156,1,1,2
26,157,1,1,2
26,158,1,1,3
26,159,1,1,3
26,160,1,1,3
26,161,1,1,1
26,162,1,1,1
26,163,1,1,1
26,163,1,2,10
26,164,1,1,1
26,164,1,2,10
26,165,1,1,12
26,165,1,2,10
26,166,1,1,12
26,166,1,2,10
26,167,1,1,12
26,167,1,2,8
26,168,1,1,12
26,168,1,2,8
26,169,1,1,8
26,169,1,2,10
26,170,1,1,3
26,170,1,2,5
26,171,1,1,3
26,171,1,2,5
26,172,1,1,5
26,173,1,1,18
26,174,1,1,1
26,174,1,2,18
26,175,1,1,18
26,176,1,1,18
26,176,1,2,10
26,177,1,1,11
26,177,1,2,10
26,178,1,1,11
26,178,1,2,10
26,179,1,1,5
26,180,1,1,5
26,181,1,1,5
26,181,2,1,5
26,181,2,2,15
26,182,1,1,4
26,183,1,1,3
26,183,1,2,18
26,184,1,1,3
26,184,1,2,18
26,185,1,1,13
26,186,1,1,3
26,187,1,1,4
26,187,1,2,10
26,188,1,1,4
26,188,1,2,10
26,189,1,1,4
26,189,1,2,10
26,190,1,1,1
26,191,1,1,4
26,192,1,1,4
26,193,1,1,12
26,193,1,2,10
26,194,1,1,3
26,194,1,2,9
26,195,1,1,3
26,195,1,2,9
26,196,1,1,11
26,197,1,1,16
26,198,1,1,16
26,198,1,2,10
26,199,1,1,3
26,199,1,2,11
26,200,1,1,14
26,201,1,1,11
26,201,2,1,11
26,201,3,1,11
26,201,4,1,11
26,201,5,1,11
26,201,6,1,11
26,201,7,1,11
26,201,8,1,11
26,201,9,1,11
26,201,10,1,11
26,201,11,1,11
26,201,12,1,11
26,201,13,1,11
26,201,14,1,11
26,201,15,1,11
26,201,16,1,11
26,201,17,1,11
26,201,18,1,11
26,201,19,1,11
26,201,20,1,11
26,201,21,1,11
26,201,22,1,11
26,201,23,1,11
26,201,24,1,11
26,201,25,1,11
26,201,26,1,11
26,201,27,1,11
26,201,28,1,11
26,202,1,1,11
26,203,1,1,1
26,203,1,2,11
26,204,1,1,12
26,205,1,1,12
26,205,1,2,17
26,206,1,1,1
26,207,1,1,9
26,207,1,2,10
26,208,1,1,17
26,208,1,2,9
26,208,2,1,17
26,208,2,2,9
26,209,1,1,18
26,210,1,1,18
26,211,1,1,3
26,211,1,2,8
26,212,1,1,12
26,212,1,2,17
26,212,2,1,12
26,212,2,2,17
26,213,1,1,12
26,213,1,2,13
26,214,1,1,12
26,214,1,2,7
26,214,2,1,12
26,214,2,2,7
26,215,1,1,16
26,215,1,2,6
26,216,1,1,1
26,217,1,1,1
26,218,1,1,2
26,219,1,1,2
26,219,1,2,13
26,220,1,1,6
26,220,1,2,9
26,221,1,1,6
26,221,1,2,9
26,222,1,1,3
26,222,1,2,13
26,223,1,1,3
26,224,1,1,3
26,225,1,1,6
26,225,1,2,10
26,226,1,1,3
26,226,1,2,10
26,227,1,1,17
26,227,1,2,10
26,228,1,1,16
26,228,1,2,2
26,229,1,1,16
26,229,1,2,2
26,229,2,1,16
26,229,2,2,2
26,230,1,1,3
26,230,1,2,15
26,231,1,1,9
26,232,1,1,9
26,233,1,1,1
26,234,1,1,1
26,235,1,1,1
26,236,1,1,7
26,237,1,1,7
26,238,1,1,6
26,238,1,2,11
26,239,1,1,5
26,240,1,1,2
26,241,1,1,1
26,242,1,1,1
26,243,1,1,5
26,244,1,1,2
26,245,1,1,3
26,246,1,1,13
26,246,1,2,9
26,247,1,1,13
26,247,1,2,9
26,248,1,1,13
26,248,1,2,16
26,248,2,1,13
26,248,2,2,16
26,249,1,1,11
26,249,1,2,10
26,250,1,1,2
26,250,1,2,10
26,251,1,1,11
26,251,1,2,4
26,252,1,1,4
26,253,1,1,4
26,254,1,1,4
26,254,2,1,4
26,254,2,2,15
26,255,1,1,2
26,256,1,1,2
26,256,1,2,7
26,257,1,1,2
26,257,1,2,7
26,257,2,1,2
26,257,2,2,7
26,258,1,1,3
26,259,1,1,3
26,259,1,2,9
26,260,1,1,3
26,260,1,2,9
26,260,2,1,3
26,260,2,2,9
26,261,1,1,16
26,262,1,1,16
26,263,1,1,1
26,264,1,1,1
26,265,1,1,12
26,266,1,1,12
26,267,1,1,12
26,267,1,2,10
26,268,1,1,12
26,269,1,1,12
26,269,1,2,8
26,270,1,1,3
26,270,1,2,4
26,271,1,1,3
26,271,1,2,4
26,272,1,1,3
26,272,1,2,4
26,273,1,1,4
26,274,1,1,4
26,274,1,2,16
26,275,1,1,4
26,275,1,2,16
26,276,1,1,1
26,276,1,2,10
26,277,1,1,1
26,277,1,2,10
26,278,1,1,3
26,278,1,2,10
26,279,1,1,3
26,279,1,2,10
26,280,1,1,11
26,280,1,2,18
26,281,1,1,11
26,281,1,2,18
26,282,1,1,11
26,282,1,2,18
26,282,2,1,11
26,282,2,2,18
26,283,1,1,12
26,283,1,2,3
26,284,1,1,12
26,284,1,2,10
26,285,1,1,4
26,286,1,1,4
26,286,1,2,7
26,287,1,1,1
26,288,1,1,1
26,289,1,1,1
26,290,1,1,12
26,290,1,2,9
26,291,1,1,12
26,291,1,2,10
26,292,1,1,12
26,292,1,2,14
26,293,1,1,1
26,294,1,1,1
26,295,1,1,1
26,296,1,1,7
26,297,1,1,7
26,298,1,1,1
26,298,1,2,18
26,299,1,1,13
26,300,1,1,1
26,301,1,1,1
26,302,1,1,16
26,302,1,2,14
26,302,2,1,16
26,302,2,2,14
26,303,1,1,17
26,303,1,2,18
26,303,2,1,17
26,303,2,2,18
26,304,1,1,17
26,304,1,2,13
26,305,1,1,17
26,305,1,2,13
26,306,1,1,17
26,306,1,2,13
26,306,2,1,17
26,307,1,1,7
26,307,1,2,11
26,308,1,1,7
26,308,1,2,11
26,308,2,1,7
26,308,2,2,11
26,309,1,1,5
26,310,1,1,5
26,310,2,1,5
26,311,1,1,5
26,312,1,1,5
26,313,1,1,12
26,314,1,1,12
26,315,1,1,4
26,315,1,2,8
26,316,1,1,8
26,317,1,1,8
26,318,1,1,3
26,318,1,2,16
26,319,1,1,3
26,319,1,2,16
26,319,2,1,3
26,319,2,2,16
26,320,1,1,3
26,321,1,1,3
26,322,1,1,2
26,322,1,2,9
26,323,1,1,2
26,323,1,2,9
26,323,2,1,2
26,323,2,2,9
26,324,1,1,2
26,325,1,1,11
26,326,1,1,11
26,327,1,1,1
26,328,1,1,9
26,329,1,1,9
26,329,1,2,15
26,330,1,1,9
26,330,1,2,15
26,331,1,1,4
26,332,1,1,4
26,332,1,2,16
26,333,1,1,1
26,333,1,2,10
26,334,1,1,15
26,334,1,2,10
26,334,2,1,15
26,334,2,2,18
26,335,1,1,1
26,336,1,1,8
26,337,1,1,13
26,337,1,2,11
26,338,1,1,13
26,338,1,2,11
26,339,1,1,3
26,339,1,2,9
26,340,1,1,3
26,340,1,2,9
26,341,1,1,3
26,342,1,1,3
26,342,1,2,16
26,343,1,1,9
26,343,1,2,11
26,344,1,1,9
26,344,1,2,11
26,345,1,1,13
26,345,1,2,4
26,346,1,1,13
26,346,1,2,4
26,347,1,1,13
26,347,1,2,12
26,348,1,1,13
26,348,1,2,12
26,349,1,1,3
26,350,1,1,3
26,351,1,1,1
26,351,2,1,2
26,351,3,1,3
26,351,4,1,6
26,352,1,1,1
26,353,1,1,14
26,354,1,1,14
26,354,2,1,14
26,355,1,1,14
26,356,1,1,14
26,357,1,1,4
26,357,1,2,10
26,358,1,1,11
26,359,1,1,16
26,359,2,1,16
26,360,1,1,11
26,361,1,1,6
26,362,1,1,6
26,362,2,1,6
26,363,1,1,6
26,363,1,2,3
26,364,1,1,6
26,364,1,2,3
26,365,1,1,6
26,365,1,2,3
26,366,1,1,3
26,367,1,1,3
26,368,1,1,3
26,369,1,1,3
26,369,1,2,13
26,370,1,1,3
26,371,1,1,15
26,372,1,1,15
26,373,1,1,15
26,373,1,2,10
26,373,2,1,15
26,373,2,2,10
26,374,1,1,17
26,374,1,2,11
26,375,1,1,17
26,375,1,2,11
26,376,1,1,17
26,376,1,2,11
26,376,2,1,17
26,376,2,2,11
26,377,1,1,13
26,378,1,1,6
26,379,1,1,17
26,380,1,1,15
26,380,1,2,11
26,380,2,1,15
26,380,2,2,11
26,381,1,1,15
26,381,1,2,11
26,381,2,1,15
26,381,2,2,11
26,382,1,1,3
26,382,2,1,3
26,383,1,1,9
26,383,2,1,9
26,383,2,2,2
26,384,1,1,15
26,384,1,2,10
26,384,2,1,15
26,384,2,2,10
26,385,1,1,17
26,385,1,2,11
26,386,1,1,11
26,386,2,1,11
26,386,3,1,11
26,386,4,1,11
26,387,1,1,4
26,388,1,1,4
26,389,1,1,4
26,389,1,2,9
26,390,1,1,2
26,391,1,1,2
26,391,1,2,7
26,392,1,1,2
26,392,1,2,7
26,393,1,1,3
26,394,1,1,3
26,395,1,1,3
26,395,1,2,17
26,396,1,1,1
26,396,1,2,10
26,397,1,1,1
26,397,1,2,10
26,398,1,1,1
26,398,1,2,10
26,399,1,1,1
26,400,1,1,1
26,400,1,2,3
26,401,1,1,12
26,402,1,1,12
26,403,1,1,5
26,404,1,1,5
26,405,1,1,5
26,406,1,1,4
26,406,1,2,8
26,407,1,1,4
26,407,1,2,8
26,408,1,1,13
26,409,1,1,13
26,410,1,1,13
26,410,1,2,17
26,411,1,1,13
26,411,1,2,17
26,412,1,1,12
26,412,2,1,12
26,412,3,1,12
26,413,1,1,12
26,413,1,2,4
26,413,2,1,12
26,413,2,2,9
26,413,3,1,12
26,413,3,2,17
26,414,1,1,12
26,414,1,2,10
26,415,1,1,12
26,415,1,2,10
26,416,1,1,12
26,416,1,2,10
26,417,1,1,5
26,418,1,1,3
26,419,1,1,3
26,420,1,1,4
26,421,1,1,4
26,421,2,1,4
26,422,1,1,3
26,422,2,1,3
26,423,1,1,3
26,423,1,2,9
26,423,2,1,3
26,423,2,2,9
26,424,1,1,1
26,425,1,1,14
26,425,1,2,10
26,426,1,1,14
26,426,1,2,10
26,427,1,1,1
26,428,1,1,1
26,428,2,1,1
26,428,2,2,7
26,429,1,1,14
26,430,1,1,16
26,430,1,2,10
26,431,1,1,1
26,432,1,1,1
26,433,1,1,11
26,434,1,1,8
26,434,1,2,16
26,435,1,1,8
26,435,1,2,16
26,436,1,1,17
26,436,1,2,11
26,437,1,1,17
26,437,1,2,11
26,438,1,1,13
26,439,1,1,11
26,439,1,2,18
26,440,1,1,1
26,441,1,1,1
26,441,1,2,10
26,442,1,1,14
26,442,1,2,16
26,443,1,1,15
26,443,1,2,9
26,444,1,1,15
26,444,1,2,9
26,445,1,1,15
26,445,1,2,9
26,445,2,1,15
26,445,2,2,9
26,446,1,1,1
26,447,1,1,7
26,448,1,1,7
26,448,1,2,17
26,448,2,1,7
26,448,2,2,17
26,449,1,1,9
26,450,1,1,9
26,451,1,1,8
26,451,1,2,12
26,452,1,1,8
26,452,1,2,16
26,453,1,1,8
26,453,1,2,7
26,454,1,1,8
26,454,1,2,7
26,455,1,1,4
26,456,1,1,3
26,457,1,1,3
26,458,1,1,3
26,458,1,2,10
26,459,1,1,4
26,459,1,2,6
26,460,1,1,4
26,460,1,2,6
26,460,2,1,4
26,460,2,2,6
26,461,1,1,16
26,461,1,2,6
26,462,1,1,5
26,462,1,2,17
26,463,1,1,1
26,464,1,1,9
26,464,1,2,13
26,465,1,1,4
26,466,1,1,5
26,467,1,1,2
26,468,1,1,18
26,468,1,2,10
26,469,1,1,12
26,469,1,2,10
26,470,1,1,4
26,471,1,1,6
26,472,1,1,9
26,472,1,2,10
26,473,1,1,6
26,473,1,2,9
26,474,1,1,1
26,475,1,1,11
26,475,1,2,7
26,475,2,1,11
26,475,2,2,7
26,476,1,1,13
26,476,1,2,17
26,477,1,1,14
26,478,1,1,6
26,478,1,2,14
26,479,1,1,5
26,479,1,2,14
26,479,2,1,5
26,479,2,2,2
26,479,3,1,5
26,479,3,2,3
26,479,4,1,5
26,479,4,2,6
26,479,5,1,5
26,479,5,2,10
26,479,6,1,5
26,479,6,2,4
26,480,1,1,11
26,481,1,1,11
26,482,1,1,11
26,483,1,1,17
26,483,1,2,15
26,484,1,1,3
26,484,1,2,15
26,485,1,1,2
26,485,1,2,17
26,486,1,1,1
26,487,1,1,14
26,487,1,2,15
26,487,2,1,14
26,487,2,2,15
26,488,1,1,11
26,489,1,1,3
26,490,1,1,3
26,491,1,1,16
26,492,1,1,4
26,492,2,1,4
26,492,2,2,10
26,493,1,1,1
26,493,2,1,2
26,493,3,1,3
26,493,4,1,4
26,493,5,1,5
26,493,6,1,6
26,493,7,1,7
26,493,8,1,8
26,493,9,1,9
26,493,10,1,10
26,493,11,1,11
26,493,12,1,12
26,493,13,1,13
26,493,14,1,14
26,493,15,1,15
26,493,16,1,16
26,493,17,1,17
26,493,18,1,18
26,494,1,1,11
26,494,1,2,2
26,495,1,1,4
26,496,1,1,4
26,497,1,1,4
26,498,1,1,2
26,499,1,1,2
26,499,1,2,7
26,500,1,1,2
26,500,1,2,7
26,501,1,1,3
26,502,1,1,3
26,503,1,1,3
26,504,1,1,1
26,505,1,1,1
26,506,1,1,1
26,507,1,1,1
26,508,1,1,1
26,509,1,1,16
26,510,1,1,16
26,511,1,1,4
26,512,1,1,4
26,513,1,1,2
26,514,1,1,2
26,515,1,1,3
26,516,1,1,3
26,517,1,1,11
26,518,1,1,11
26,519,1,1,1
26,519,1,2,10
26,520,1,1,1
26,520,1,2,10
26,521,1,1,1
26,521,1,2,10
26,522,1,1,5
26,523,1,1,5
26,524,1,1,13
26,525,1,1,13
26,526,1,1,13
26,527,1,1,11
26,527,1,2,10
26,528,1,1,11
26,528,1,2,10
26,529,1,1,9
26,530,1,1,9
26,530,1,2,17
26,531,1,1,1
26,531,2,1,1
26,531,2,2,18
26,532,1,1,7
26,533,1,1,7
26,534,1,1,7
26,535,1,1,3
26,536,1,1,3
26,536,1,2,9
26,537,1,1,3
26,537,1,2,9
26,538,1,1,7
26,539,1,1,7
26,540,1,1,12
26,540,1,2,4
26,541,1,1,12
26,541,1,2,4
26,542,1,1,12
26,542,1,2,4
26,543,1,1,12
26,543,1,2,8
26,544,1,1,12
26,544,1,2,8
26,545,1,1,12
26,545,1,2,8
26,546,1,1,4
26,546,1,2,18
26,547,1,1,4
26,547,1,2,18
26,548,1,1,4
26,549,1,1,4
26,550,1,1,3
26,550,2,1,3
26,551,1,1,9
26,551,1,2,16
26,552,1,1,9
26,552,1,2,16
26,553,1,1,9
26,553,1,2,16
26,554,1,1,2
26,555,1,1,2
26,555,2,1,2
26,555,2,2,11
26,556,1,1,4
26,557,1,1,12
26,557,1,2,13
26,558,1,1,12
26,558,1,2,13
26,559,1,1,16
26,559,1,2,7
26,560,1,1,16
26,560,1,2,7
26,561,1,1,11
26,561,1,2,10
26,562,1,1,14
26,563,1,1,14
26,564,1,1,3
26,564,1,2,13
26,565,1,1,3
26,565,1,2,13
26,566,1,1,13
26,566,1,2,10
26,567,1,1,13
26,567,1,2,10
26,568,1,1,8
26,569,1,1,8
26,570,1,1,16
26,571,1,1,16
26,572,1,1,1
26,573,1,1,1
26,574,1,1,11
26,575,1,1,11
26,576,1,1,11
26,577,1,1,11
26,578,1,1,11
26,579,1,1,11
26,580,1,1,3
26,580,1,2,10
26,581,1,1,3
26,581,1,2,10
26,582,1,1,6
26,583,1,1,6
26,584,1,1,6
26,585,1,1,1
26,585,1,2,4
26,585,2,1,1
26,585,2,2,4
26,585,3,1,1
26,585,3,2,4
26,585,4,1,1
26,585,4,2,4
26,586,1,1,1
26,586,1,2,4
26,586,2,1,1
26,586,2,2,4
26,586,3,1,1
26,586,3,2,4
26,586,4,1,1
26,586,4,2,4
26,587,1,1,5
26,587,1,2,10
26,588,1,1,12
26,589,1,1,12
26,589,1,2,17
26,590,1,1,4
26,590,1,2,8
26,591,1,1,4
26,591,1,2,8
26,592,1,1,3
26,592,1,2,14
26,593,1,1,3
26,593,1,2,14
26,594,1,1,3
26,595,1,1,12
26,595,1,2,5
26,596,1,1,12
26,596,1,2,5
26,597,1,1,4
26,597,1,2,17
26,598,1,1,4
26,598,1,2,17
26,599,1,1,17
26,600,1,1,17
26,601,1,1,17
26,602,1,1,5
26,603,1,1,5
26,604,1,1,5
26,605,1,1,11
26,606,1,1,11
26,607,1,1,14
26,607,1,2,2
26,608,1,1,14
26,608,1,2,2
26,609,1,1,14
26,609,1,2,2
26,610,1,1,15
26,611,1,1,15
26,612,1,1,15
26,613,1,1,6
26,614,1,1,6
26,615,1,1,6
26,616,1,1,12
26,617,1,1,12
26,618,1,1,9
26,618,1,2,5
26,619,1,1,7
26,620,1,1,7
26,621,1,1,15
26,622,1,1,9
26,622,1,2,14
26,623,1,1,9
26,623,1,2,14
26,624,1,1,16
26,624,1,2,17
26,625,1,1,16
26,625,1,2,17
26,626,1,1,1
26,627,1,1,1
26,627,1,2,10
26,628,1,1,1
26,628,1,2,10
26,629,1,1,16
26,629,1,2,10
26,630,1,1,16
26,630,1,2,10
26,631,1,1,2
26,632,1,1,12
26,632,1,2,17
26,633,1,1,16
26,633,1,2,15
26,634,1,1,16
26,634,1,2,15
26,635,1,1,16
26,635,1,2,15
26,636,1,1,12
26,636,1,2,2
26,637,1,1,12
26,637,1,2,2
26,638,1,1,17
26,638,1,2,7
26,639,1,1,13
26,639,1,2,7
26,640,1,1,4
26,640,1,2,7
26,641,1,1,10
26,641,2,1,10
26,642,1,1,5
26,642,1,2,10
26,642,2,1,5
26,642,2,2,10
26,643,1,1,15
26,643,1,2,2
26,644,1,1,15
26,644,1,2,5
26,645,1,1,9
26,645,1,2,10
26,645,2,1,9
26,645,2,2,10
26,646,1,1,15
26,646,1,2,6
26,646,2,1,15
26,646,2,2,6
26,646,3,1,15
26,646,3,2,6
26,647,1,1,3
26,647,1,2,7
26,647,2,1,3
26,647,2,2,7
26,648,1,1,1
26,648,1,2,11
26,648,2,1,1
26,648,2,2,7
26,649,1,1,12
26,649,1,2,17
26,649,2,1,12
26,649,2,2,17
26,649,3,1,12
26,649,3,2,17
26,649,4,1,12
26,649,4,2,17
26,649,5,1,12
26,649,5,2,17
26,650,1,1,4
26,651,1,1,4
26,652,1,1,4
26,652,1,2,7
26,653,1,1,2
26,654,1,1,2
26,655,1,1,2
26,655,1,2,11
26,656,1,1,3
26,657,1,1,3
26,658,1,1,3
26,658,1,2,16
26,658,2,1,3
26,658,2,2,16
26,659,1,1,1
26,660,1,1,1
26,660,1,2,9
26,661,1,1,1
26,661,1,2,10
26,662,1,1,2
26,662,1,2,10
26,663,1,1,2
26,663,1,2,10
26,664,1,1,12
26,665,1,1,12
26,666,1,1,12
26,666,1,2,10
26,666,2,1,12
26,666,2,2,10
26,666,3,1,12
26,666,3,2,10
26,666,4,1,12
26,666,4,2,10
26,666,5,1,12
26,666,5,2,10
26,666,6,1,12
26,666,6,2,10
26,666,7,1,12
26,666,7,2,10
26,666,8,1,12
26,666,8,2,10
26,666,9,1,12
26,666,9,2,10
26,666,10,1,12
26,666,10,2,10
26,666,11,1,12
26,666,11,2,10
26,666,12,1,12
26,666,12,2,10
26,666,13,1,12
26,666,13,2,10
26,666,14,1,12
26,666,14,2,10
26,666,15,1,12
26,666,15,2,10
26,666,16,1,12
26,666,16,2,10
26,666,17,1,12
26,666,17,2,10
26,666,18,1,12
26,666,18,2,10
26,666,19,1,12
26,666,19,2,10
26,666,20,1,12
26,666,20,2,10
26,667,1,1,2
26,667,1,2,1
26,668,1,1,2
26,668,1,2,1
26,669,1,1,18
26,669,2,1,18
26,669,3,1,18
26,669,4,1,18
26,669,5,1,18
26,670,1,1,18
26,670,2,1,18
26,670,3,1,18
26,670,4,1,18
26,670,5,1,18
26,670,6,1,18
26,671,1,1,18
26,671,2,1,18
26,671,3,1,18
26,671,4,1,18
26,671,5,1,18
26,672,1,1,4
26,673,1,1,4
26,674,1,1,7
26,675,1,1,7
26,675,1,2,16
26,676,1,1,1
26,676,2,1,1
26,676,3,1,1
26,676,4,1,1
26,676,5,1,1
26,676,6,1,1
26,676,7,1,1
26,676,8,1,1
26,676,9,1,1
26,676,10,1,1
26,677,1,1,11
26,678,1,1,11
26,678,2,1,11
26,679,1,1,17
26,679,1,2,14
26,680,1,1,17
26,680,1,2,14
26,681,1,1,17
26,681,1,2,14
26,681,2,1,17
26,681,2,2,14
26,682,1,1,18
26,683,1,1,18
26,684,1,1,18
26,685,1,1,18
26,686,1,1,16
26,686,1,2,11
26,687,1,1,16
26,687,1,2,11
26,688,1,1,13
26,688,1,2,3
26,689,1,1,13
26,689,1,2,3
26,690,1,1,8
26,690,1,2,3
26,691,1,1,8
26,691,1,2,15
26,692,1,1,3
26,693,1,1,3
26,694,1,1,5
26,694,1,2,1
26,695,1,1,5
26,695,1,2,1
26,696,1,1,13
26,696,1,2,15
26,697,1,1,13
26,697,1,2,15
26,698,1,1,13
26,698,1,2,6
26,699,1,1,13
26,699,1,2,6
26,700,1,1,18
26,701,1,1,7
26,701,1,2,10
26,702,1,1,5
26,702,1,2,18
26,703,1,1,13
26,703,1,2,18
26,704,1,1,15
26,705,1,1,15
26,706,1,1,15
26,707,1,1,17
26,707,1,2,18
26,708,1,1,14
26,708,1,2,4
26,709,1,1,14
26,709,1,2,4
26,710,1,1,14
26,710,1,2,4
26,710,2,1,14
26,710,2,2,4
26,710,3,1,14
26,710,3,2,4
26,710,4,1,14
26,710,4,2,4
26,711,1,1,14
26,711,1,2,4
26,711,2,1,14
26,711,2,2,4
26,711,3,1,14
26,711,3,2,4
26,711,4,1,14
26,711,4,2,4
26,712,1,1,6
26,713,1,1,6
26,714,1,1,10
26,714,1,2,15
26,715,1,1,10
26,715,1,2,15
26,716,1,1,18
26,716,2,1,18
26,717,1,1,16
26,717,1,2,10
26,718,1,1,15
26,718,1,2,9
26,718,2,1,15
26,718,2,2,9
26,718,3,1,15
26,718,3,2,9
26,719,1,1,13
26,719,1,2,18
26,719,2,1,13
26,719,2,2,18
26,720,1,1,11
26,720,1,2,14
26,720,2,1,11
26,720,2,2,16
26,721,1,1,2
26,721,1,2,3
26,722,1,1,4
26,722,1,2,10
26,723,1,1,4
26,723,1,2,10
26,724,1,1,4
26,724,1,2,14
26,725,1,1,2
26,726,1,1,2
26,727,1,1,2
26,727,1,2,16
26,728,1,1,3
26,729,1,1,3
26,730,1,1,3
26,730,1,2,18
26,731,1,1,1
26,731,1,2,10
26,732,1,1,1
26,732,1,2,10
26,733,1,1,1
26,733,1,2,10
26,734,1,1,1
26,735,1,1,1
26,736,1,1,12
26,737,1,1,12
26,737,1,2,5
26,738,1,1,12
26,738,1,2,5
26,739,1,1,7
26,740,1,1,7
26,740,1,2,6
26,741,1,1,2
26,741,1,2,10
26,741,2,1,5
26,741,2,2,10
26,741,3,1,11
26,741,3,2,10
26,741,4,1,14
26,741,4,2,10
26,742,1,1,12
26,742,1,2,18
26,743,1,1,12
26,743,1,2,18
26,744,1,1,13
26,745,1,1,13
26,745,2,1,13
26,746,1,1,3
26,746,2,1,3
26,747,1,1,8
26,747,1,2,3
26,748,1,1,8
26,748,1,2,3
26,749,1,1,9
26,750,1,1,9
26,751,1,1,3
26,751,1,2,12
26,752,1,1,3
26,752,1,2,12
26,753,1,1,4
26,754,1,1,4
26,755,1,1,4
26,755,1,2,18
26,756,1,1,4
26,756,1,2,18
26,757,1,1,8
26,757,1,2,2
26,758,1,1,8
26,758,1,2,2
26,759,1,1,1
26,759,1,2,7
26,760,1,1,1
26,760,1,2,7
26,761,1,1,4
26,762,1,1,4
26,763,1,1,4
26,764,1,1,18
26,765,1,1,1
26,765,1,2,11
26,766,1,1,7
26,767,1,1,12
26,767,1,2,3
26,768,1,1,12
26,768,1,2,3
26,769,1,1,14
26,769,1,2,9
26,770,1,1,14
26,770,1,2,9
26,771,1,1,3
26,772,1,1,1
26,773,1,1,1
26,773,2,1,2
26,773,3,1,3
26,773,4,1,4
26,773,5,1,5
26,773,6,1,6
26,773,7,1,7
26,773,8,1,8
26,773,9,1,9
26,773,10,1,10
26,773,11,1,11
26,773,12,1,12
26,773,13,1,13
26,773,14,1,14
26,773,15,1,15
26,773,16,1,16
26,773,17,1,17
26,773,18,1,18
26,774,1,1,13
26,774,1,2,10
26,774,2,1,13
26,774,2,2,10
26,774,3,1,13
26,774,3,2,10
26,774,4,1,13
26,774,4,2,10
26,774,5,1,13
26,774,5,2,10
26,774,6,1,13
26,774,6,2,10
26,774,7,1,13
26,774,7,2,10
26,774,8,1,13
26,774,8,2,10
26,775,1,1,1
26,776,1,1,2
26,776,1,2,15
26,777,1,1,5
26,777,1,2,17
26,778,1,1,14
26,778,1,2,18
26,778,2,1,14
26,778,2,2,18
26,779,1,1,3
26,779,1,2,11
26,780,1,1,1
26,780,1,2,15
26,781,1,1,14
26,781,1,2,4
26,782,1,1,15
26,783,1,1,15
26,783,1,2,7
26,784,1,1,15
26,784,1,2,7
26,785,1,1,5
26,785,1,2,18
26,786,1,1,11
26,786,1,2,18
26,787,1,1,4
26,787,1,2,18
26,788,1,1,3
26,788,1,2,18
26,789,1,1,11
26,790,1,1,11
26,791,1,1,11
26,791,1,2,17
26,792,1,1,11
26,792,1,2,14
26,793,1,1,13
26,793,1,2,8
26,794,1,1,12
26,794,1,2,7
26,795,1,1,12
26,795,1,2,7
26,796,1,1,5
26,797,1,1,17
26,797,1,2,10
26,798,1,1,4
26,798,1,2,17
26,799,1,1,16
26,799,1,2,15
26,800,1,1,11
26,801,1,1,17
26,801,1,2,18
26,801,2,1,17
26,801,2,2,18
26,802,1,1,7
26,802,1,2,14
27,1,1,1,4
27,1,1,2,8
27,2,1,1,4
27,2,1,2,8
27,3,1,1,4
27,3,1,2,8
27,3,2,1,4
27,3,2,2,8
27,4,1,1,2
27,5,1,1,2
27,6,1,1,2
27,6,1,2,10
27,6,2,1,2
27,6,2,2,15
27,6,3,1,2
27,6,3,2,10
27,7,1,1,3
27,8,1,1,3
27,9,1,1,3
27,9,2,1,3
27,10,1,1,12
27,11,1,1,12
27,12,1,1,12
27,12,1,2,10
27,13,1,1,12
27,13,1,2,8
27,14,1,1,12
27,14,1,2,8
27,15,1,1,12
27,15,1,2,8
27,15,2,1,12
27,15,2,2,8
27,16,1,1,1
27,16,1,2,10
27,17,1,1,1
27,17,1,2,10
27,18,1,1,1
27,18,1,2,10
27,18,2,1,1
27,18,2,2,10
27,19,1,1,1
27,19,2,1,16
27,19,2,2,1
27,20,1,1,1
27,20,2,1,16
27,20,2,2,1
27,21,1,1,1
27,21,1,2,10
27,22,1,1,1
27,22,1,2,10
27,23,1,1,8
27,24,1,1,8
27,25,1,1,5
27,25,8,1,5
27,25,9,1,5
27,25,10,1,5
27,25,11,1,5
27,25,12,1,5
27,25,13,1,5
27,25,14,1,5
27,26,1,1,5
27,26,2,1,5
27,26,2,2,11
27,27,1,1,9
27,27,2,1,6
27,27,2,2,17
27,28,1,1,9
27,28,2,1,6
27,28,2,2,17
27,29,1,1,8
27,30,1,1,8
27,31,1,1,8
27,31,1,2,9
27,32,1,1,8
27,33,1,1,8
27,34,1,1,8
27,34,1,2,9
27,35,1,1,18
27,36,1,1,18
27,37,1,1,2
27,37,2,1,6
27,38,1,1,2
27,38,2,1,6
27,38,2,2,18
27,39,1,1,1
27,39,1,2,18
27,40,1,1,1
27,40,1,2,18
27,41,1,1,8
27,41,1,2,10
27,42,1,1,8
27,42,1,2,10
27,43,1,1,4
27,43,1,2,8
27,44,1,1,4
27,44,1,2,8
27,45,1,1,4
27,45,1,2,8
27,46,1,1,12
27,46,1,2,4
27,47,1,1,12
27,47,1,2,4
27,48,1,1,12
27,48,1,2,8
27,49,1,1,12
27,49,1,2,8
27,50,1,1,9
27,50,2,1,9
27,50,2,2,17
27,51,1,1,9
27,51,2,1,9
27,51,2,2,17
27,52,1,1,1
27,52,2,1,16
27,53,1,1,1
27,53,2,1,16
27,54,1,1,3
27,55,1,1,3
27,56,1,1,7
27,57,1,1,7
27,58,1,1,2
27,59,1,1,2
27,60,1,1,3
27,61,1,1,3
27,62,1,1,3
27,62,1,2,7
27,63,1,1,11
27,64,1,1,11
27,65,1,1,11
27,65,2,1,11
27,66,1,1,7
27,67,1,1,7
27,68,1,1,7
27,69,1,1,4
27,69,1,2,8
27,70,1,1,4
27,70,1,2,8
27,71,1,1,4
27,71,1,2,8
27,72,1,1,3
27,72,1,2,8
27,73,1,1,3
27,73,1,2,8
27,74,1,1,13
27,74,1,2,9
27,74,2,1,13
27,74,2,2,5
27,75,1,1,13
27,75,1,2,9
27,75,2,1,13
27,75,2,2,5
27,76,1,1,13
27,76,1,2,9
27,76,2,1,13
27,76,2,2,5
27,77,1,1,2
27,78,1,1,2
27,79,1,1,3
27,79,1,2,11
27,80,1,1,3
27,80,1,2,11
27,80,2,1,3
27,80,2,2,11
27,81,1,1,5
27,81,1,2,17
27,82,1,1,5
27,82,1,2,17
27,83,1,1,1
27,83,1,2,10
27,84,1,1,1
27,84,1,2,10
27,85,1,1,1
27,85,1,2,10
27,86,1,1,3
27,87,1,1,3
27,87,1,2,6
27,88,1,1,8
27,88,2,1,8
27,88,2,2,16
27,89,1,1,8
27,89,2,1,8
27,89,2,2,16
27,90,1,1,3
27,91,1,1,3
27,91,1,2,6
27,92,1,1,14
27,92,1,2,8
27,93,1,1,14
27,93,1,2,8
27,94,1,1,14
27,94,1,2,8
27,94,2,1,14
27,94,2,2,8
27,95,1,1,13
27,95,1,2,9
27,96,1,1,11
27,97,1,1,11
27,98,1,1,3
27,99,1,1,3
27,100,1,1,5
27,101,1,1,5
27,102,1,1,4
27,102,1,2,11
27,103,1,1,4
27,103,1,2,11
27,103,2,1,4
27,103,2,2,15
27,104,1,1,9
27,105,1,1,9
27,105,2,1,2
27,105,2,2,14
27,106,1,1,7
27,107,1,1,7
27,108,1,1,1
27,109,1,1,8
27,110,1,1,8
27,111,1,1,9
27,111,1,2,13
27,112,1,1,9
27,112,1,2,13
27,113,1,1,1
27,114,1,1,4
27,115,1,1,1
27,115,2,1,1
27,116,1,1,3
27,117,1,1,3
27,118,1,1,3
27,119,1,1,3
27,120,1,1,3
27,121,1,1,3
27,121,1,2,11
27,122,1,1,11
27,122,1,2,18
27,123,1,1,12
27,123,1,2,10
27,124,1,1,6
27,124,1,2,11
27,125,1,1,5
27,126,1,1,2
27,127,1,1,12
27,127,2,1,12
27,127,2,2,10
27,128,1,1,1
27,129,1,1,3
27,130,1,1,3
27,130,1,2,10
27,130,2,1,3
27,130,2,2,16
27,131,1,1,3
27,131,1,2,6
27,132,1,1,1
27,133,1,1,1
27,134,1,1,3
27,135,1,1,5
27,136,1,1,2
27,137,1,1,1
27,138,1,1,13
27,138,1,2,3
27,139,1,1,13
27,139,1,2,3
27,140,1,1,13
27,140,1,2,3
27,141,1,1,13
27,141,1,2,3
27,142,1,1,13
27,142,1,2,10
27,142,2,1,13
27,142,2,2,10
27,143,1,1,1
27,144,1,1,6
27,144,1,2,10
27,145,1,1,5
27,145,1,2,10
27,146,1,1,2
27,146,1,2,10
27,147,1,1,15
27,148,1,1,15
27,149,1,1,15
27,149,1,2,10
27,150,1,1,11
27,150,2,1,11
27,150,2,2,7
27,150,3,1,11
27,151,1,1,11
27,152,1,1,4
27,153,1,1,4
27,154,1,1,4
27,155,1,1,2
27,156,1,1,2
27,157,1,1,2
27,158,1,1,3
27,159,1,1,3
27,160,1,1,3
27,161,1,1,1
27,162,1,1,1
27,163,1,1,1
27,163,1,2,10
27,164,1,1,1
27,164,1,2,10
27,165,1,1,12
27,165,1,2,10
27,166,1,1,12
27,166,1,2,10
27,167,1,1,12
27,167,1,2,8
27,168,1,1,12
27,168,1,2,8
27,169,1,1,8
27,169,1,2,10
27,170,1,1,3
27,170,1,2,5
27,171,1,1,3
27,171,1,2,5
27,172,1,1,5
27,173,1,1,18
27,174,1,1,1
27,174,1,2,18
27,175,1,1,18
27,176,1,1,18
27,176,1,2,10
27,177,1,1,11
27,177,1,2,10
27,178,1,1,11
27,178,1,2,10
27,179,1,1,5
27,180,1,1,5
27,181,1,1,5
27,181,2,1,5
27,181,2,2,15
27,182,1,1,4
27,183,1,1,3
27,183,1,2,18
27,184,1,1,3
27,184,1,2,18
27,185,1,1,13
27,186,1,1,3
27,187,1,1,4
27,187,1,2,10
27,188,1,1,4
27,188,1,2,10
27,189,1,1,4
27,189,1,2,10
27,190,1,1,1
27,191,1,1,4
27,192,1,1,4
27,193,1,1,12
27,193,1,2,10
27,194,1,1,3
27,194,1,2,9
27,195,1,1,3
27,195,1,2,9
27,196,1,1,11
27,197,1,1,16
27,198,1,1,16
27,198,1,2,10
27,199,1,1,3
27,199,1,2,11
27,200,1,1,14
27,201,1,1,11
27,201,2,1,11
27,201,3,1,11
27,201,4,1,11
27,201,5,1,11
27,201,6,1,11
27,201,7,1,11
27,201,8,1,11
27,201,9,1,11
27,201,10,1,11
27,201,11,1,11
27,201,12,1,11
27,201,13,1,11
27,201,14,1,11
27,201,15,1,11
27,201,16,1,11
27,201,17,1,11
27,201,18,1,11
27,201,19,1,11
27,201,20,1,11
27,201,21,1,11
27,201,22,1,11
27,201,23,1,11
27,201,24,1,11
27,201,25,1,11
27,201,26,1,11
27,201,27,1,11
27,201,28,1,11
27,202,1,1,11
27,203,1,1,1
27,203,1,2,11
27,204,1,1,12
27,205,1,1,12
27,205,1,2,17
27,206,1,1,1
27,207,1,1,9
27,207,1,2,10
27,208,1,1,17
27,208,1,2,9
27,208,2,1,17
27,208,2,2,9
27,209,1,1,18
27,210,1,1,18
27,211,1,1,3
27,211,1,2,8
27,212,1,1,12
27,212,1,2,17
27,212,2,1,12
27,212,2,2,17
27,213,1,1,12
27,213,1,2,13
27,214,1,1,12
27,214,1,2,7
27,214,2,1,12
27,214,2,2,7
27,215,1,1,16
27,215,1,2,6
27,216,1,1,1
27,217,1,1,1
27,218,1,1,2
27,219,1,1,2
27,219,1,2,13
27,220,1,1,6
27,220,1,2,9
27,221,1,1,6
27,221,1,2,9
27,222,1,1,3
27,222,1,2,13
27,223,1,1,3
27,224,1,1,3
27,225,1,1,6
27,225,1,2,10
27,226,1,1,3
27,226,1,2,10
27,227,1,1,17
27,227,1,2,10
27,228,1,1,16
27,228,1,2,2
27,229,1,1,16
27,229,1,2,2
27,229,2,1,16
27,229,2,2,2
27,230,1,1,3
27,230,1,2,15
27,231,1,1,9
27,232,1,1,9
27,233,1,1,1
27,234,1,1,1
27,235,1,1,1
27,236,1,1,7
27,237,1,1,7
27,238,1,1,6
27,238,1,2,11
27,239,1,1,5
27,240,1,1,2
27,241,1,1,1
27,242,1,1,1
27,243,1,1,5
27,244,1,1,2
27,245,1,1,3
27,246,1,1,13
27,246,1,2,9
27,247,1,1,13
27,247,1,2,9
27,248,1,1,13
27,248,1,2,16
27,248,2,1,13
27,248,2,2,16
27,249,1,1,11
27,249,1,2,10
27,250,1,1,2
27,250,1,2,10
27,251,1,1,11
27,251,1,2,4
27,252,1,1,4
27,253,1,1,4
27,254,1,1,4
27,254,2,1,4
27,254,2,2,15
27,255,1,1,2
27,256,1,1,2
27,256,1,2,7
27,257,1,1,2
27,257,1,2,7
27,257,2,1,2
27,257,2,2,7
27,258,1,1,3
27,259,1,1,3
27,259,1,2,9
27,260,1,1,3
27,260,1,2,9
27,260,2,1,3
27,260,2,2,9
27,261,1,1,16
27,262,1,1,16
27,263,1,1,1
27,264,1,1,1
27,265,1,1,12
27,266,1,1,12
27,267,1,1,12
27,267,1,2,10
27,268,1,1,12
27,269,1,1,12
27,269,1,2,8
27,270,1,1,3
27,270,1,2,4
27,271,1,1,3
27,271,1,2,4
27,272,1,1,3
27,272,1,2,4
27,273,1,1,4
27,274,1,1,4
27,274,1,2,16
27,275,1,1,4
27,275,1,2,16
27,276,1,1,1
27,276,1,2,10
27,277,1,1,1
27,277,1,2,10
27,278,1,1,3
27,278,1,2,10
27,279,1,1,3
27,279,1,2,10
27,280,1,1,11
27,280,1,2,18
27,281,1,1,11
27,281,1,2,18
27,282,1,1,11
27,282,1,2,18
27,282,2,1,11
27,282,2,2,18
27,283,1,1,12
27,283,1,2,3
27,284,1,1,12
27,284,1,2,10
27,285,1,1,4
27,286,1,1,4
27,286,1,2,7
27,287,1,1,1
27,288,1,1,1
27,289,1,1,1
27,290,1,1,12
27,290,1,2,9
27,291,1,1,12
27,291,1,2,10
27,292,1,1,12
27,292,1,2,14
27,293,1,1,1
27,294,1,1,1
27,295,1,1,1
27,296,1,1,7
27,297,1,1,7
27,298,1,1,1
27,298,1,2,18
27,299,1,1,13
27,300,1,1,1
27,301,1,1,1
27,302,1,1,16
27,302,1,2,14
27,302,2,1,16
27,302,2,2,14
27,303,1,1,17
27,303,1,2,18
27,303,2,1,17
27,303,2,2,18
27,304,1,1,17
27,304,1,2,13
27,305,1,1,17
27,305,1,2,13
27,306,1,1,17
27,306,1,2,13
27,306,2,1,17
27,307,1,1,7
27,307,1,2,11
27,308,1,1,7
27,308,1,2,11
27,308,2,1,7
27,308,2,2,11
27,309,1,1,5
27,310,1,1,5
27,310,2,1,5
27,311,1,1,5
27,312,1,1,5
27,313,1,1,12
27,314,1,1,12
27,315,1,1,4
27,315,1,2,8
27,316,1,1,8
27,317,1,1,8
27,318,1,1,3
27,318,1,2,16
27,319,1,1,3
27,319,1,2,16
27,319,2,1,3
27,319,2,2,16
27,320,1,1,3
27,321,1,1,3
27,322,1,1,2
27,322,1,2,9
27,323,1,1,2
27,323,1,2,9
27,323,2,1,2
27,323,2,2,9
27,324,1,1,2
27,325,1,1,11
27,326,1,1,11
27,327,1,1,1
27,328,1,1,9
27,329,1,1,9
27,329,1,2,15
27,330,1,1,9
27,330,1,2,15
27,331,1,1,4
27,332,1,1,4
27,332,1,2,16
27,333,1,1,1
27,333,1,2,10
27,334,1,1,15
27,334,1,2,10
27,334,2,1,15
27,334,2,2,18
27,335,1,1,1
27,336,1,1,8
27,337,1,1,13
27,337,1,2,11
27,338,1,1,13
27,338,1,2,11
27,339,1,1,3
27,339,1,2,9
27,340,1,1,3
27,340,1,2,9
27,341,1,1,3
27,342,1,1,3
27,342,1,2,16
27,343,1,1,9
27,343,1,2,11
27,344,1,1,9
27,344,1,2,11
27,345,1,1,13
27,345,1,2,4
27,346,1,1,13
27,346,1,2,4
27,347,1,1,13
27,347,1,2,12
27,348,1,1,13
27,348,1,2,12
27,349,1,1,3
27,350,1,1,3
27,351,1,1,1
27,351,2,1,2
27,351,3,1,3
27,351,4,1,6
27,352,1,1,1
27,353,1,1,14
27,354,1,1,14
27,354,2,1,14
27,355,1,1,14
27,356,1,1,14
27,357,1,1,4
27,357,1,2,10
27,358,1,1,11
27,359,1,1,16
27,359,2,1,16
27,360,1,1,11
27,361,1,1,6
27,362,1,1,6
27,362,2,1,6
27,363,1,1,6
27,363,1,2,3
27,364,1,1,6
27,364,1,2,3
27,365,1,1,6
27,365,1,2,3
27,366,1,1,3
27,367,1,1,3
27,368,1,1,3
27,369,1,1,3
27,369,1,2,13
27,370,1,1,3
27,371,1,1,15
27,372,1,1,15
27,373,1,1,15
27,373,1,2,10
27,373,2,1,15
27,373,2,2,10
27,374,1,1,17
27,374,1,2,11
27,375,1,1,17
27,375,1,2,11
27,376,1,1,17
27,376,1,2,11
27,376,2,1,17
27,376,2,2,11
27,377,1,1,13
27,378,1,1,6
27,379,1,1,17
27,380,1,1,15
27,380,1,2,11
27,380,2,1,15
27,380,2,2,11
27,381,1,1,15
27,381,1,2,11
27,381,2,1,15
27,381,2,2,11
27,382,1,1,3
27,382,2,1,3
27,383,1,1,9
27,383,2,1,9
27,383,2,2,2
27,384,1,1,15
27,384,1,2,10
27,384,2,1,15
27,384,2,2,10
27,385,1,1,17
27,385,1,2,11
27,386,1,1,11
27,386,2,1,11
27,386,3,1,11
27,386,4,1,11
27,387,1,1,4
27,388,1,1,4
27,389,1,1,4
27,389,1,2,9
27,390,1,1,2
27,391,1,1,2
27,391,1,2,7
27,392,1,1,2
27,392,1,2,7
27,393,1,1,3
27,394,1,1,3
27,395,1,1,3
27,395,1,2,17
27,396,1,1,1
27,396,1,2,10
27,397,1,1,1
27,397,1,2,10
27,398,1,1,1
27,398,1,2,10
27,399,1,1,1
27,400,1,1,1
27,400,1,2,3
27,401,1,1,12
27,402,1,1,12
27,403,1,1,5
27,404,1,1,5
27,405,1,1,5
27,406,1,1,4
27,406,1,2,8
27,407,1,1,4
27,407,1,2,8
27,408,1,1,13
27,409,1,1,13
27,410,1,1,13
27,410,1,2,17
27,411,1,1,13
27,411,1,2,17
27,412,1,1,12
27,412,2,1,12
27,412,3,1,12
27,413,1,1,12
27,413,1,2,4
27,413,2,1,12
27,413,2,2,9
27,413,3,1,12
27,413,3,2,17
27,414,1,1,12
27,414,1,2,10
27,415,1,1,12
27,415,1,2,10
27,416,1,1,12
27,416,1,2,10
27,417,1,1,5
27,418,1,1,3
27,419,1,1,3
27,420,1,1,4
27,421,1,1,4
27,421,2,1,4
27,422,1,1,3
27,422,2,1,3
27,423,1,1,3
27,423,1,2,9
27,423,2,1,3
27,423,2,2,9
27,424,1,1,1
27,425,1,1,14
27,425,1,2,10
27,426,1,1,14
27,426,1,2,10
27,427,1,1,1
27,428,1,1,1
27,428,2,1,1
27,428,2,2,7
27,429,1,1,14
27,430,1,1,16
27,430,1,2,10
27,431,1,1,1
27,432,1,1,1
27,433,1,1,11
27,434,1,1,8
27,434,1,2,16
27,435,1,1,8
27,435,1,2,16
27,436,1,1,17
27,436,1,2,11
27,437,1,1,17
27,437,1,2,11
27,438,1,1,13
27,439,1,1,11
27,439,1,2,18
27,440,1,1,1
27,441,1,1,1
27,441,1,2,10
27,442,1,1,14
27,442,1,2,16
27,443,1,1,15
27,443,1,2,9
27,444,1,1,15
27,444,1,2,9
27,445,1,1,15
27,445,1,2,9
27,445,2,1,15
27,445,2,2,9
27,446,1,1,1
27,447,1,1,7
27,448,1,1,7
27,448,1,2,17
27,448,2,1,7
27,448,2,2,17
27,449,1,1,9
27,450,1,1,9
27,451,1,1,8
27,451,1,2,12
27,452,1,1,8
27,452,1,2,16
27,453,1,1,8
27,453,1,2,7
27,454,1,1,8
27,454,1,2,7
27,455,1,1,4
27,456,1,1,3
27,457,1,1,3
27,458,1,1,3
27,458,1,2,10
27,459,1,1,4
27,459,1,2,6
27,460,1,1,4
27,460,1,2,6
27,460,2,1,4
27,460,2,2,6
27,461,1,1,16
27,461,1,2,6
27,462,1,1,5
27,462,1,2,17
27,463,1,1,1
27,464,1,1,9
27,464,1,2,13
27,465,1,1,4
27,466,1,1,5
27,467,1,1,2
27,468,1,1,18
27,468,1,2,10
27,469,1,1,12
27,469,1,2,10
27,470,1,1,4
27,471,1,1,6
27,472,1,1,9
27,472,1,2,10
27,473,1,1,6
27,473,1,2,9
27,474,1,1,1
27,475,1,1,11
27,475,1,2,7
27,475,2,1,11
27,475,2,2,7
27,476,1,1,13
27,476,1,2,17
27,477,1,1,14
27,478,1,1,6
27,478,1,2,14
27,479,1,1,5
27,479,1,2,14
27,479,2,1,5
27,479,2,2,2
27,479,3,1,5
27,479,3,2,3
27,479,4,1,5
27,479,4,2,6
27,479,5,1,5
27,479,5,2,10
27,479,6,1,5
27,479,6,2,4
27,480,1,1,11
27,481,1,1,11
27,482,1,1,11
27,483,1,1,17
27,483,1,2,15
27,484,1,1,3
27,484,1,2,15
27,485,1,1,2
27,485,1,2,17
27,486,1,1,1
27,487,1,1,14
27,487,1,2,15
27,487,2,1,14
27,487,2,2,15
27,488,1,1,11
27,489,1,1,3
27,490,1,1,3
27,491,1,1,16
27,492,1,1,4
27,492,2,1,4
27,492,2,2,10
27,493,1,1,1
27,493,2,1,2
27,493,3,1,3
27,493,4,1,4
27,493,5,1,5
27,493,6,1,6
27,493,7,1,7
27,493,8,1,8
27,493,9,1,9
27,493,10,1,10
27,493,11,1,11
27,493,12,1,12
27,493,13,1,13
27,493,14,1,14
27,493,15,1,15
27,493,16,1,16
27,493,17,1,17
27,493,18,1,18
27,494,1,1,11
27,494,1,2,2
27,495,1,1,4
27,496,1,1,4
27,497,1,1,4
27,498,1,1,2
27,499,1,1,2
27,499,1,2,7
27,500,1,1,2
27,500,1,2,7
27,501,1,1,3
27,502,1,1,3
27,503,1,1,3
27,504,1,1,1
27,505,1,1,1
27,506,1,1,1
27,507,1,1,1
27,508,1,1,1
27,509,1,1,16
27,510,1,1,16
27,511,1,1,4
27,512,1,1,4
27,513,1,1,2
27,514,1,1,2
27,515,1,1,3
27,516,1,1,3
27,517,1,1,11
27,518,1,1,11
27,519,1,1,1
27,519,1,2,10
27,520,1,1,1
27,520,1,2,10
27,521,1,1,1
27,521,1,2,10
27,522,1,1,5
27,523,1,1,5
27,524,1,1,13
27,525,1,1,13
27,526,1,1,13
27,527,1,1,11
27,527,1,2,10
27,528,1,1,11
27,528,1,2,10
27,529,1,1,9
27,530,1,1,9
27,530,1,2,17
27,531,1,1,1
27,531,2,1,1
27,531,2,2,18
27,532,1,1,7
27,533,1,1,7
27,534,1,1,7
27,535,1,1,3
27,536,1,1,3
27,536,1,2,9
27,537,1,1,3
27,537,1,2,9
27,538,1,1,7
27,539,1,1,7
27,540,1,1,12
27,540,1,2,4
27,541,1,1,12
27,541,1,2,4
27,542,1,1,12
27,542,1,2,4
27,543,1,1,12
27,543,1,2,8
27,544,1,1,12
27,544,1,2,8
27,545,1,1,12
27,545,1,2,8
27,546,1,1,4
27,546,1,2,18
27,547,1,1,4
27,547,1,2,18
27,548,1,1,4
27,549,1,1,4
27,550,1,1,3
27,550,2,1,3
27,551,1,1,9
27,551,1,2,16
27,552,1,1,9
27,552,1,2,16
27,553,1,1,9
27,553,1,2,16
27,554,1,1,2
27,555,1,1,2
27,555,2,1,2
27,555,2,2,11
27,556,1,1,4
27,557,1,1,12
27,557,1,2,13
27,558,1,1,12
27,558,1,2,13
27,559,1,1,16
27,559,1,2,7
27,560,1,1,16
27,560,1,2,7
27,561,1,1,11
27,561,1,2,10
27,562,1,1,14
27,563,1,1,14
27,564,1,1,3
27,564,1,2,13
27,565,1,1,3
27,565,1,2,13
27,566,1,1,13
27,566,1,2,10
27,567,1,1,13
27,567,1,2,10
27,568,1,1,8
27,569,1,1,8
27,570,1,1,16
27,571,1,1,16
27,572,1,1,1
27,573,1,1,1
27,574,1,1,11
27,575,1,1,11
27,576,1,1,11
27,577,1,1,11
27,578,1,1,11
27,579,1,1,11
27,580,1,1,3
27,580,1,2,10
27,581,1,1,3
27,581,1,2,10
27,582,1,1,6
27,583,1,1,6
27,584,1,1,6
27,585,1,1,1
27,585,1,2,4
27,585,2,1,1
27,585,2,2,4
27,585,3,1,1
27,585,3,2,4
27,585,4,1,1
27,585,4,2,4
27,586,1,1,1
27,586,1,2,4
27,586,2,1,1
27,586,2,2,4
27,586,3,1,1
27,586,3,2,4
27,586,4,1,1
27,586,4,2,4
27,587,1,1,5
27,587,1,2,10
27,588,1,1,12
27,589,1,1,12
27,589,1,2,17
27,590,1,1,4
27,590,1,2,8
27,591,1,1,4
27,591,1,2,8
27,592,1,1,3
27,592,1,2,14
27,593,1,1,3
27,593,1,2,14
27,594,1,1,3
27,595,1,1,12
27,595,1,2,5
27,596,1,1,12
27,596,1,2,5
27,597,1,1,4
27,597,1,2,17
27,598,1,1,4
27,598,1,2,17
27,599,1,1,17
27,600,1,1,17
27,601,1,1,17
27,602,1,1,5
27,603,1,1,5
27,604,1,1,5
27,605,1,1,11
27,606,1,1,11
27,607,1,1,14
27,607,1,2,2
27,608,1,1,14
27,608,1,2,2
27,609,1,1,14
27,609,1,2,2
27,610,1,1,15
27,611,1,1,15
27,612,1,1,15
27,613,1,1,6
27,614,1,1,6
27,615,1,1,6
27,616,1,1,12
27,617,1,1,12
27,618,1,1,9
27,618,1,2,5
27,619,1,1,7
27,620,1,1,7
27,621,1,1,15
27,622,1,1,9
27,622,1,2,14
27,623,1,1,9
27,623,1,2,14
27,624,1,1,16
27,624,1,2,17
27,625,1,1,16
27,625,1,2,17
27,626,1,1,1
27,627,1,1,1
27,627,1,2,10
27,628,1,1,1
27,628,1,2,10
27,629,1,1,16
27,629,1,2,10
27,630,1,1,16
27,630,1,2,10
27,631,1,1,2
27,632,1,1,12
27,632,1,2,17
27,633,1,1,16
27,633,1,2,15
27,634,1,1,16
27,634,1,2,15
27,635,1,1,16
27,635,1,2,15
27,636,1,1,12
27,636,1,2,2
27,637,1,1,12
27,637,1,2,2
27,638,1,1,17
27,638,1,2,7
27,639,1,1,13
27,639,1,2,7
27,640,1,1,4
27,640,1,2,7
27,641,1,1,10
27,641,2,1,10
27,642,1,1,5
27,642,1,2,10
27,642,2,1,5
27,642,2,2,10
27,643,1,1,15
27,643,1,2,2
27,644,1,1,15
27,644,1,2,5
27,645,1,1,9
27,645,1,2,10
27,645,2,1,9
27,645,2,2,10
27,646,1,1,15
27,646,1,2,6
27,646,2,1,15
27,646,2,2,6
27,646,3,1,15
27,646,3,2,6
27,647,1,1,3
27,647,1,2,7
27,647,2,1,3
27,647,2,2,7
27,648,1,1,1
27,648,1,2,11
27,648,2,1,1
27,648,2,2,7
27,649,1,1,12
27,649,1,2,17
27,649,2,1,12
27,649,2,2,17
27,649,3,1,12
27,649,3,2,17
27,649,4,1,12
27,649,4,2,17
27,649,5,1,12
27,649,5,2,17
27,650,1,1,4
27,651,1,1,4
27,652,1,1,4
27,652,1,2,7
27,653,1,1,2
27,654,1,1,2
27,655,1,1,2
27,655,1,2,11
27,656,1,1,3
27,657,1,1,3
27,658,1,1,3
27,658,1,2,16
27,658,2,1,3
27,658,2,2,16
27,659,1,1,1
27,660,1,1,1
27,660,1,2,9
27,661,1,1,1
27,661,1,2,10
27,662,1,1,2
27,662,1,2,10
27,663,1,1,2
27,663,1,2,10
27,664,1,1,12
27,665,1,1,12
27,666,1,1,12
27,666,1,2,10
27,666,2,1,12
27,666,2,2,10
27,666,3,1,12
27,666,3,2,10
27,666,4,1,12
27,666,4,2,10
27,666,5,1,12
27,666,5,2,10
27,666,6,1,12
27,666,6,2,10
27,666,7,1,12
27,666,7,2,10
27,666,8,1,12
27,666,8,2,10
27,666,9,1,12
27,666,9,2,10
27,666,10,1,12
27,666,10,2,10
27,666,11,1,12
27,666,11,2,10
27,666,12,1,12
27,666,12,2,10
27,666,13,1,12
27,666,13,2,10
27,666,14,1,12
27,666,14,2,10
27,666,15,1,12
27,666,15,2,10
27,666,16,1,12
27,666,16,2,10
27,666,17,1,12
27,666,17,2,10
27,666,18,1,12
27,666,18,2,10
27,666,19,1,12
27,666,19,2,10
27,666,20,1,12
27,666,20,2,10
27,667,1,1,2
27,667,1,2,1
27,668,1,1,2
27,668,1,2,1
27,669,1,1,18
27,669,2,1,18
27,669,3,1,18
27,669,4,1,18
27,669,5,1,18
27,670,1,1,18
27,670,2,1,18
27,670,3,1,18
27,670,4,1,18
27,670,5,1,18
27,670,6,1,18
27,671,1,1,18
27,671,2,1,18
27,671,3,1,18
27,671,4,1,18
27,671,5,1,18
27,672,1,1,4
27,673,1,1,4
27,674,1,1,7
27,675,1,1,7
27,675,1,2,16
27,676,1,1,1
27,676,2,1,1
27,676,3,1,1
27,676,4,1,1
27,676,5,1,1
27,676,6,1,1
27,676,7,1,1
27,676,8,1,1
27,676,9,1,1
27,676,10,1,1
27,677,1,1,11
27,678,1,1,11
27,678,2,1,11
27,679,1,1,17
27,679,1,2,14
27,680,1,1,17
27,680,1,2,14
27,681,1,1,17
27,681,1,2,14
27,681,2,1,17
27,681,2,2,14
27,682,1,1,18
27,683,1,1,18
27,684,1,1,18
27,685,1,1,18
27,686,1,1,16
27,686,1,2,11
27,687,1,1,16
27,687,1,2,11
27,688,1,1,13
27,688,1,2,3
27,689,1,1,13
27,689,1,2,3
27,690,1,1,8
27,690,1,2,3
27,691,1,1,8
27,691,1,2,15
27,692,1,1,3
27,693,1,1,3
27,694,1,1,5
27,694,1,2,1
27,695,1,1,5
27,695,1,2,1
27,696,1,1,13
27,696,1,2,15
27,697,1,1,13
27,697,1,2,15
27,698,1,1,13
27,698,1,2,6
27,699,1,1,13
27,699,1,2,6
27,700,1,1,18
27,701,1,1,7
27,701,1,2,10
27,702,1,1,5
27,702,1,2,18
27,703,1,1,13
27,703,1,2,18
27,704,1,1,15
27,705,1,1,15
27,706,1,1,15
27,707,1,1,17
27,707,1,2,18
27,708,1,1,14
27,708,1,2,4
27,709,1,1,14
27,709,1,2,4
27,710,1,1,14
27,710,1,2,4
27,710,2,1,14
27,710,2,2,4
27,710,3,1,14
27,710,3,2,4
27,710,4,1,14
27,710,4,2,4
27,711,1,1,14
27,711,1,2,4
27,711,2,1,14
27,711,2,2,4
27,711,3,1,14
27,711,3,2,4
27,711,4,1,14
27,711,4,2,4
27,712,1,1,6
27,713,1,1,6
27,714,1,1,10
27,714,1,2,15
27,715,1,1,10
27,715,1,2,15
27,716,1,1,18
27,716,2,1,18
27,717,1,1,16
27,717,1,2,10
27,718,1,1,15
27,718,1,2,9
27,718,2,1,15
27,718,2,2,9
27,718,3,1,15
27,718,3,2,9
27,719,1,1,13
27,719,1,2,18
27,719,2,1,13
27,719,2,2,18
27,720,1,1,11
27,720,1,2,14
27,720,2,1,11
27,720,2,2,16
27,721,1,1,2
27,721,1,2,3
27,722,1,1,4
27,722,1,2,10
27,723,1,1,4
27,723,1,2,10
27,724,1,1,4
27,724,1,2,14
27,725,1,1,2
27,726,1,1,2
27,727,1,1,2
27,727,1,2,16
27,728,1,1,3
27,729,1,1,3
27,730,1,1,3
27,730,1,2,18
27,731,1,1,1
27,731,1,2,10
27,732,1,1,1
27,732,1,2,10
27,733,1,1,1
27,733,1,2,10
27,734,1,1,1
27,735,1,1,1
27,736,1,1,12
27,737,1,1,12
27,737,1,2,5
27,738,1,1,12
27,738,1,2,5
27,739,1,1,7
27,740,1,1,7
27,740,1,2,6
27,741,1,1,2
27,741,1,2,10
27,741,2,1,5
27,741,2,2,10
27,741,3,1,11
27,741,3,2,10
27,741,4,1,14
27,741,4,2,10
27,742,1,1,12
27,742,1,2,18
27,743,1,1,12
27,743,1,2,18
27,744,1,1,13
27,745,1,1,13
27,745,2,1,13
27,745,3,1,13
27,746,1,1,3
27,746,2,1,3
27,747,1,1,8
27,747,1,2,3
27,748,1,1,8
27,748,1,2,3
27,749,1,1,9
27,750,1,1,9
27,751,1,1,3
27,751,1,2,12
27,752,1,1,3
27,752,1,2,12
27,753,1,1,4
27,754,1,1,4
27,755,1,1,4
27,755,1,2,18
27,756,1,1,4
27,756,1,2,18
27,757,1,1,8
27,757,1,2,2
27,758,1,1,8
27,758,1,2,2
27,759,1,1,1
27,759,1,2,7
27,760,1,1,1
27,760,1,2,7
27,761,1,1,4
27,762,1,1,4
27,763,1,1,4
27,764,1,1,18
27,765,1,1,1
27,765,1,2,11
27,766,1,1,7
27,767,1,1,12
27,767,1,2,3
27,768,1,1,12
27,768,1,2,3
27,769,1,1,14
27,769,1,2,9
27,770,1,1,14
27,770,1,2,9
27,771,1,1,3
27,772,1,1,1
27,773,1,1,1
27,773,2,1,2
27,773,3,1,3
27,773,4,1,4
27,773,5,1,5
27,773,6,1,6
27,773,7,1,7
27,773,8,1,8
27,773,9,1,9
27,773,10,1,10
27,773,11,1,11
27,773,12,1,12
27,773,13,1,13
27,773,14,1,14
27,773,15,1,15
27,773,16,1,16
27,773,17,1,17
27,773,18,1,18
27,774,1,1,13
27,774,1,2,10
27,774,2,1,13
27,774,2,2,10
27,774,3,1,13
27,774,3,2,10
27,774,4,1,13
27,774,4,2,10
27,774,5,1,13
27,774,5,2,10
27,774,6,1,13
27,774,6,2,10
27,774,7,1,13
27,774,7,2,10
27,774,8,1,13
27,774,8,2,10
27,775,1,1,1
27,776,1,1,2
27,776,1,2,15
27,777,1,1,5
27,777,1,2,17
27,778,1,1,14
27,778,1,2,18
27,778,2,1,14
27,778,2,2,18
27,779,1,1,3
27,779,1,2,11
27,780,1,1,1
27,780,1,2,15
27,781,1,1,14
27,781,1,2,4
27,782,1,1,15
27,783,1,1,15
27,783,1,2,7
27,784,1,1,15
27,784,1,2,7
27,785,1,1,5
27,785,1,2,18
27,786,1,1,11
27,786,1,2,18
27,787,1,1,4
27,787,1,2,18
27,788,1,1,3
27,788,1,2,18
27,789,1,1,11
27,790,1,1,11
27,791,1,1,11
27,791,1,2,17
27,792,1,1,11
27,792,1,2,14
27,793,1,1,13
27,793,1,2,8
27,794,1,1,12
27,794,1,2,7
27,795,1,1,12
27,795,1,2,7
27,796,1,1,5
27,797,1,1,17
27,797,1,2,10
27,798,1,1,4
27,798,1,2,17
27,799,1,1,16
27,799,1,2,15
27,800,1,1,11
27,800,2,1,11
27,800,2,2,17
27,800,3,1,11
27,800,3,2,14
27,800,4,1,11
27,800,4,2,15
27,801,1,1,17
27,801,1,2,18
27,801,2,1,17
27,801,2,2,18
27,802,1,1,7
27,802,1,2,14
27,803,1,1,8
27,804,1,1,8
27,804,1,2,15
27,805,1,1,13
27,805,1,2,17
27,806,1,1,2
27,806,1,2,14
27,807,1,1,5
28,1,1,1,4
28,1,1,2,8
28,2,1,1,4
28,2,1,2,8
28,3,1,1,4
28,3,1,2,8
28,3,2,1,4
28,3,2,2,8
28,4,1,1,2
28,5,1,1,2
28,6,1,1,2
28,6,1,2,10
28,6,2,1,2
28,6,2,2,15
28,6,3,1,2
28,6,3,2,10
28,7,1,1,3
28,8,1,1,3
28,9,1,1,3
28,9,2,1,3
28,10,1,1,12
28,11,1,1,12
28,12,1,1,12
28,12,1,2,10
28,13,1,1,12
28,13,1,2,8
28,14,1,1,12
28,14,1,2,8
28,15,1,1,12
28,15,1,2,8
28,15,2,1,12
28,15,2,2,8
28,16,1,1,1
28,16,1,2,10
28,17,1,1,1
28,17,1,2,10
28,18,1,1,1
28,18,1,2,10
28,18,2,1,1
28,18,2,2,10
28,19,1,1,1
28,19,2,1,16
28,19,2,2,1
28,20,1,1,1
28,20,2,1,16
28,20,2,2,1
28,21,1,1,1
28,21,1,2,10
28,22,1,1,1
28,22,1,2,10
28,23,1,1,8
28,24,1,1,8
28,25,1,1,5
28,25,8,1,5
28,25,9,1,5
28,25,10,1,5
28,25,11,1,5
28,25,12,1,5
28,25,13,1,5
28,25,14,1,5
28,26,1,1,5
28,26,2,1,5
28,26,2,2,11
28,27,1,1,9
28,27,2,1,6
28,27,2,2,17
28,28,1,1,9
28,28,2,1,6
28,28,2,2,17
28,29,1,1,8
28,30,1,1,8
28,31,1,1,8
28,31,1,2,9
28,32,1,1,8
28,33,1,1,8
28,34,1,1,8
28,34,1,2,9
28,35,1,1,18
28,36,1,1,18
28,37,1,1,2
28,37,2,1,6
28,38,1,1,2
28,38,2,1,6
28,38,2,2,18
28,39,1,1,1
28,39,1,2,18
28,40,1,1,1
28,40,1,2,18
28,41,1,1,8
28,41,1,2,10
28,42,1,1,8
28,42,1,2,10
28,43,1,1,4
28,43,1,2,8
28,44,1,1,4
28,44,1,2,8
28,45,1,1,4
28,45,1,2,8
28,46,1,1,12
28,46,1,2,4
28,47,1,1,12
28,47,1,2,4
28,48,1,1,12
28,48,1,2,8
28,49,1,1,12
28,49,1,2,8
28,50,1,1,9
28,50,2,1,9
28,50,2,2,17
28,51,1,1,9
28,51,2,1,9
28,51,2,2,17
28,52,1,1,1
28,52,2,1,16
28,53,1,1,1
28,53,2,1,16
28,54,1,1,3
28,55,1,1,3
28,56,1,1,7
28,57,1,1,7
28,58,1,1,2
28,59,1,1,2
28,60,1,1,3
28,61,1,1,3
28,62,1,1,3
28,62,1,2,7
28,63,1,1,11
28,64,1,1,11
28,65,1,1,11
28,65,2,1,11
28,66,1,1,7
28,67,1,1,7
28,68,1,1,7
28,69,1,1,4
28,69,1,2,8
28,70,1,1,4
28,70,1,2,8
28,71,1,1,4
28,71,1,2,8
28,72,1,1,3
28,72,1,2,8
28,73,1,1,3
28,73,1,2,8
28,74,1,1,13
28,74,1,2,9
28,74,2,1,13
28,74,2,2,5
28,75,1,1,13
28,75,1,2,9
28,75,2,1,13
28,75,2,2,5
28,76,1,1,13
28,76,1,2,9
28,76,2,1,13
28,76,2,2,5
28,77,1,1,2
28,78,1,1,2
28,79,1,1,3
28,79,1,2,11
28,80,1,1,3
28,80,1,2,11
28,80,2,1,3
28,80,2,2,11
28,81,1,1,5
28,81,1,2,17
28,82,1,1,5
28,82,1,2,17
28,83,1,1,1
28,83,1,2,10
28,84,1,1,1
28,84,1,2,10
28,85,1,1,1
28,85,1,2,10
28,86,1,1,3
28,87,1,1,3
28,87,1,2,6
28,88,1,1,8
28,88,2,1,8
28,88,2,2,16
28,89,1,1,8
28,89,2,1,8
28,89,2,2,16
28,90,1,1,3
28,91,1,1,3
28,91,1,2,6
28,92,1,1,14
28,92,1,2,8
28,93,1,1,14
28,93,1,2,8
28,94,1,1,14
28,94,1,2,8
28,94,2,1,14
28,94,2,2,8
28,95,1,1,13
28,95,1,2,9
28,96,1,1,11
28,97,1,1,11
28,98,1,1,3
28,99,1,1,3
28,100,1,1,5
28,101,1,1,5
28,102,1,1,4
28,102,1,2,11
28,103,1,1,4
28,103,1,2,11
28,103,2,1,4
28,103,2,2,15
28,104,1,1,9
28,105,1,1,9
28,105,2,1,2
28,105,2,2,14
28,106,1,1,7
28,107,1,1,7
28,108,1,1,1
28,109,1,1,8
28,110,1,1,8
28,111,1,1,9
28,111,1,2,13
28,112,1,1,9
28,112,1,2,13
28,113,1,1,1
28,114,1,1,4
28,115,1,1,1
28,115,2,1,1
28,116,1,1,3
28,117,1,1,3
28,118,1,1,3
28,119,1,1,3
28,120,1,1,3
28,121,1,1,3
28,121,1,2,11
28,122,1,1,11
28,122,1,2,18
28,123,1,1,12
28,123,1,2,10
28,124,1,1,6
28,124,1,2,11
28,125,1,1,5
28,126,1,1,2
28,127,1,1,12
28,127,2,1,12
28,127,2,2,10
28,128,1,1,1
28,129,1,1,3
28,130,1,1,3
28,130,1,2,10
28,130,2,1,3
28,130,2,2,16
28,131,1,1,3
28,131,1,2,6
28,132,1,1,1
28,133,1,1,1
28,134,1,1,3
28,135,1,1,5
28,136,1,1,2
28,137,1,1,1
28,138,1,1,13
28,138,1,2,3
28,139,1,1,13
28,139,1,2,3
28,140,1,1,13
28,140,1,2,3
28,141,1,1,13
28,141,1,2,3
28,142,1,1,13
28,142,1,2,10
28,142,2,1,13
28,142,2,2,10
28,143,1,1,1
28,144,1,1,6
28,144,1,2,10
28,145,1,1,5
28,145,1,2,10
28,146,1,1,2
28,146,1,2,10
28,147,1,1,15
28,148,1,1,15
28,149,1,1,15
28,149,1,2,10
28,150,1,1,11
28,150,2,1,11
28,150,2,2,7
28,150,3,1,11
28,151,1,1,11
28,152,1,1,4
28,153,1,1,4
28,154,1,1,4
28,155,1,1,2
28,156,1,1,2
28,157,1,1,2
28,158,1,1,3
28,159,1,1,3
28,160,1,1,3
28,161,1,1,1
28,162,1,1,1
28,163,1,1,1
28,163,1,2,10
28,164,1,1,1
28,164,1,2,10
28,165,1,1,12
28,165,1,2,10
28,166,1,1,12
28,166,1,2,10
28,167,1,1,12
28,167,1,2,8
28,168,1,1,12
28,168,1,2,8
28,169,1,1,8
28,169,1,2,10
28,170,1,1,3
28,170,1,2,5
28,171,1,1,3
28,171,1,2,5
28,172,1,1,5
28,173,1,1,18
28,174,1,1,1
28,174,1,2,18
28,175,1,1,18
28,176,1,1,18
28,176,1,2,10
28,177,1,1,11
28,177,1,2,10
28,178,1,1,11
28,178,1,2,10
28,179,1,1,5
28,180,1,1,5
28,181,1,1,5
28,181,2,1,5
28,181,2,2,15
28,182,1,1,4
28,183,1,1,3
28,183,1,2,18
28,184,1,1,3
28,184,1,2,18
28,185,1,1,13
28,186,1,1,3
28,187,1,1,4
28,187,1,2,10
28,188,1,1,4
28,188,1,2,10
28,189,1,1,4
28,189,1,2,10
28,190,1,1,1
28,191,1,1,4
28,192,1,1,4
28,193,1,1,12
28,193,1,2,10
28,194,1,1,3
28,194,1,2,9
28,195,1,1,3
28,195,1,2,9
28,196,1,1,11
28,197,1,1,16
28,198,1,1,16
28,198,1,2,10
28,199,1,1,3
28,199,1,2,11
28,200,1,1,14
28,201,1,1,11
28,201,2,1,11
28,201,3,1,11
28,201,4,1,11
28,201,5,1,11
28,201,6,1,11
28,201,7,1,11
28,201,8,1,11
28,201,9,1,11
28,201,10,1,11
28,201,11,1,11
28,201,12,1,11
28,201,13,1,11
28,201,14,1,11
28,201,15,1,11
28,201,16,1,11
28,201,17,1,11
28,201,18,1,11
28,201,19,1,11
28,201,20,1,11
28,201,21,1,11
28,201,22,1,11
28,201,23,1,11
28,201,24,1,11
28,201,25,1,11
28,201,26,1,11
28,201,27,1,11
28,201,28,1,11
28,202,1,1,11
28,203,1,1,1
28,203,1,2,11
28,204,1,1,12
28,205,1,1,12
28,205,1,2,17
28,206,1,1,1
28,207,1,1,9
28,207,1,2,10
28,208,1,1,17
28,208,1,2,9
28,208,2,1,17
28,208,2,2,9
28,209,1,1,18
28,210,1,1,18
28,211,1,1,3
28,211,1,2,8
28,212,1,1,12
28,212,1,2,17
28,212,2,1,12
28,212,2,2,17
28,213,1,1,12
28,213,1,2,13
28,214,1,1,12
28,214,1,2,7
28,214,2,1,12
28,214,2,2,7
28,215,1,1,16
28,215,1,2,6
28,216,1,1,1
28,217,1,1,1
28,218,1,1,2
28,219,1,1,2
28,219,1,2,13
28,220,1,1,6
28,220,1,2,9
28,221,1,1,6
28,221,1,2,9
28,222,1,1,3
28,222,1,2,13
28,223,1,1,3
28,224,1,1,3
28,225,1,1,6
28,225,1,2,10
28,226,1,1,3
28,226,1,2,10
28,227,1,1,17
28,227,1,2,10
28,228,1,1,16
28,228,1,2,2
28,229,1,1,16
28,229,1,2,2
28,229,2,1,16
28,229,2,2,2
28,230,1,1,3
28,230,1,2,15
28,231,1,1,9
28,232,1,1,9
28,233,1,1,1
28,234,1,1,1
28,235,1,1,1
28,236,1,1,7
28,237,1,1,7
28,238,1,1,6
28,238,1,2,11
28,239,1,1,5
28,240,1,1,2
28,241,1,1,1
28,242,1,1,1
28,243,1,1,5
28,244,1,1,2
28,245,1,1,3
28,246,1,1,13
28,246,1,2,9
28,247,1,1,13
28,247,1,2,9
28,248,1,1,13
28,248,1,2,16
28,248,2,1,13
28,248,2,2,16
28,249,1,1,11
28,249,1,2,10
28,250,1,1,2
28,250,1,2,10
28,251,1,1,11
28,251,1,2,4
28,252,1,1,4
28,253,1,1,4
28,254,1,1,4
28,254,2,1,4
28,254,2,2,15
28,255,1,1,2
28,256,1,1,2
28,256,1,2,7
28,257,1,1,2
28,257,1,2,7
28,257,2,1,2
28,257,2,2,7
28,258,1,1,3
28,259,1,1,3
28,259,1,2,9
28,260,1,1,3
28,260,1,2,9
28,260,2,1,3
28,260,2,2,9
28,261,1,1,16
28,262,1,1,16
28,263,1,1,1
28,264,1,1,1
28,265,1,1,12
28,266,1,1,12
28,267,1,1,12
28,267,1,2,10
28,268,1,1,12
28,269,1,1,12
28,269,1,2,8
28,270,1,1,3
28,270,1,2,4
28,271,1,1,3
28,271,1,2,4
28,272,1,1,3
28,272,1,2,4
28,273,1,1,4
28,274,1,1,4
28,274,1,2,16
28,275,1,1,4
28,275,1,2,16
28,276,1,1,1
28,276,1,2,10
28,277,1,1,1
28,277,1,2,10
28,278,1,1,3
28,278,1,2,10
28,279,1,1,3
28,279,1,2,10
28,280,1,1,11
28,280,1,2,18
28,281,1,1,11
28,281,1,2,18
28,282,1,1,11
28,282,1,2,18
28,282,2,1,11
28,282,2,2,18
28,283,1,1,12
28,283,1,2,3
28,284,1,1,12
28,284,1,2,10
28,285,1,1,4
28,286,1,1,4
28,286,1,2,7
28,287,1,1,1
28,288,1,1,1
28,289,1,1,1
28,290,1,1,12
28,290,1,2,9
28,291,1,1,12
28,291,1,2,10
28,292,1,1,12
28,292,1,2,14
28,293,1,1,1
28,294,1,1,1
28,295,1,1,1
28,296,1,1,7
28,297,1,1,7
28,298,1,1,1
28,298,1,2,18
28,299,1,1,13
28,300,1,1,1
28,301,1,1,1
28,302,1,1,16
28,302,1,2,14
28,302,2,1,16
28,302,2,2,14
28,303,1,1,17
28,303,1,2,18
28,303,2,1,17
28,303,2,2,18
28,304,1,1,17
28,304,1,2,13
28,305,1,1,17
28,305,1,2,13
28,306,1,1,17
28,306,1,2,13
28,306,2,1,17
28,307,1,1,7
28,307,1,2,11
28,308,1,1,7
28,308,1,2,11
28,308,2,1,7
28,308,2,2,11
28,309,1,1,5
28,310,1,1,5
28,310,2,1,5
28,311,1,1,5
28,312,1,1,5
28,313,1,1,12
28,314,1,1,12
28,315,1,1,4
28,315,1,2,8
28,316,1,1,8
28,317,1,1,8
28,318,1,1,3
28,318,1,2,16
28,319,1,1,3
28,319,1,2,16
28,319,2,1,3
28,319,2,2,16
28,320,1,1,3
28,321,1,1,3
28,322,1,1,2
28,322,1,2,9
28,323,1,1,2
28,323,1,2,9
28,323,2,1,2
28,323,2,2,9
28,324,1,1,2
28,325,1,1,11
28,326,1,1,11
28,327,1,1,1
28,328,1,1,9
28,329,1,1,9
28,329,1,2,15
28,330,1,1,9
28,330,1,2,15
28,331,1,1,4
28,332,1,1,4
28,332,1,2,16
28,333,1,1,1
28,333,1,2,10
28,334,1,1,15
28,334,1,2,10
28,334,2,1,15
28,334,2,2,18
28,335,1,1,1
28,336,1,1,8
28,337,1,1,13
28,337,1,2,11
28,338,1,1,13
28,338,1,2,11
28,339,1,1,3
28,339,1,2,9
28,340,1,1,3
28,340,1,2,9
28,341,1,1,3
28,342,1,1,3
28,342,1,2,16
28,343,1,1,9
28,343,1,2,11
28,344,1,1,9
28,344,1,2,11
28,345,1,1,13
28,345,1,2,4
28,346,1,1,13
28,346,1,2,4
28,347,1,1,13
28,347,1,2,12
28,348,1,1,13
28,348,1,2,12
28,349,1,1,3
28,350,1,1,3
28,351,1,1,1
28,351,2,1,2
28,351,3,1,3
28,351,4,1,6
28,352,1,1,1
28,353,1,1,14
28,354,1,1,14
28,354,2,1,14
28,355,1,1,14
28,356,1,1,14
28,357,1,1,4
28,357,1,2,10
28,358,1,1,11
28,359,1,1,16
28,359,2,1,16
28,360,1,1,11
28,361,1,1,6
28,362,1,1,6
28,362,2,1,6
28,363,1,1,6
28,363,1,2,3
28,364,1,1,6
28,364,1,2,3
28,365,1,1,6
28,365,1,2,3
28,366,1,1,3
28,367,1,1,3
28,368,1,1,3
28,369,1,1,3
28,369,1,2,13
28,370,1,1,3
28,371,1,1,15
28,372,1,1,15
28,373,1,1,15
28,373,1,2,10
28,373,2,1,15
28,373,2,2,10
28,374,1,1,17
28,374,1,2,11
28,375,1,1,17
28,375,1,2,11
28,376,1,1,17
28,376,1,2,11
28,376,2,1,17
28,376,2,2,11
28,377,1,1,13
28,378,1,1,6
28,379,1,1,17
28,380,1,1,15
28,380,1,2,11
28,380,2,1,15
28,380,2,2,11
28,381,1,1,15
28,381,1,2,11
28,381,2,1,15
28,381,2,2,11
28,382,1,1,3
28,382,2,1,3
28,383,1,1,9
28,383,2,1,9
28,383,2,2,2
28,384,1,1,15
28,384,1,2,10
28,384,2,1,15
28,384,2,2,10
28,385,1,1,17
28,385,1,2,11
28,386,1,1,11
28,386,2,1,11
28,386,3,1,11
28,386,4,1,11
28,387,1,1,4
28,388,1,1,4
28,389,1,1,4
28,389,1,2,9
28,390,1,1,2
28,391,1,1,2
28,391,1,2,7
28,392,1,1,2
28,392,1,2,7
28,393,1,1,3
28,394,1,1,3
28,395,1,1,3
28,395,1,2,17
28,396,1,1,1
28,396,1,2,10
28,397,1,1,1
28,397,1,2,10
28,398,1,1,1
28,398,1,2,10
28,399,1,1,1
28,400,1,1,1
28,400,1,2,3
28,401,1,1,12
28,402,1,1,12
28,403,1,1,5
28,404,1,1,5
28,405,1,1,5
28,406,1,1,4
28,406,1,2,8
28,407,1,1,4
28,407,1,2,8
28,408,1,1,13
28,409,1,1,13
28,410,1,1,13
28,410,1,2,17
28,411,1,1,13
28,411,1,2,17
28,412,1,1,12
28,412,2,1,12
28,412,3,1,12
28,413,1,1,12
28,413,1,2,4
28,413,2,1,12
28,413,2,2,9
28,413,3,1,12
28,413,3,2,17
28,414,1,1,12
28,414,1,2,10
28,415,1,1,12
28,415,1,2,10
28,416,1,1,12
28,416,1,2,10
28,417,1,1,5
28,418,1,1,3
28,419,1,1,3
28,420,1,1,4
28,421,1,1,4
28,421,2,1,4
28,422,1,1,3
28,422,2,1,3
28,423,1,1,3
28,423,1,2,9
28,423,2,1,3
28,423,2,2,9
28,424,1,1,1
28,425,1,1,14
28,425,1,2,10
28,426,1,1,14
28,426,1,2,10
28,427,1,1,1
28,428,1,1,1
28,428,2,1,1
28,428,2,2,7
28,429,1,1,14
28,430,1,1,16
28,430,1,2,10
28,431,1,1,1
28,432,1,1,1
28,433,1,1,11
28,434,1,1,8
28,434,1,2,16
28,435,1,1,8
28,435,1,2,16
28,436,1,1,17
28,436,1,2,11
28,437,1,1,17
28,437,1,2,11
28,438,1,1,13
28,439,1,1,11
28,439,1,2,18
28,440,1,1,1
28,441,1,1,1
28,441,1,2,10
28,442,1,1,14
28,442,1,2,16
28,443,1,1,15
28,443,1,2,9
28,444,1,1,15
28,444,1,2,9
28,445,1,1,15
28,445,1,2,9
28,445,2,1,15
28,445,2,2,9
28,446,1,1,1
28,447,1,1,7
28,448,1,1,7
28,448,1,2,17
28,448,2,1,7
28,448,2,2,17
28,449,1,1,9
28,450,1,1,9
28,451,1,1,8
28,451,1,2,12
28,452,1,1,8
28,452,1,2,16
28,453,1,1,8
28,453,1,2,7
28,454,1,1,8
28,454,1,2,7
28,455,1,1,4
28,456,1,1,3
28,457,1,1,3
28,458,1,1,3
28,458,1,2,10
28,459,1,1,4
28,459,1,2,6
28,460,1,1,4
28,460,1,2,6
28,460,2,1,4
28,460,2,2,6
28,461,1,1,16
28,461,1,2,6
28,462,1,1,5
28,462,1,2,17
28,463,1,1,1
28,464,1,1,9
28,464,1,2,13
28,465,1,1,4
28,466,1,1,5
28,467,1,1,2
28,468,1,1,18
28,468,1,2,10
28,469,1,1,12
28,469,1,2,10
28,470,1,1,4
28,471,1,1,6
28,472,1,1,9
28,472,1,2,10
28,473,1,1,6
28,473,1,2,9
28,474,1,1,1
28,475,1,1,11
28,475,1,2,7
28,475,2,1,11
28,475,2,2,7
28,476,1,1,13
28,476,1,2,17
28,477,1,1,14
28,478,1,1,6
28,478,1,2,14
28,479,1,1,5
28,479,1,2,14
28,479,2,1,5
28,479,2,2,2
28,479,3,1,5
28,479,3,2,3
28,479,4,1,5
28,479,4,2,6
28,479,5,1,5
28,479,5,2,10
28,479,6,1,5
28,479,6,2,4
28,480,1,1,11
28,481,1,1,11
28,482,1,1,11
28,483,1,1,17
28,483,1,2,15
28,484,1,1,3
28,484,1,2,15
28,485,1,1,2
28,485,1,2,17
28,486,1,1,1
28,487,1,1,14
28,487,1,2,15
28,487,2,1,14
28,487,2,2,15
28,488,1,1,11
28,489,1,1,3
28,490,1,1,3
28,491,1,1,16
28,492,1,1,4
28,492,2,1,4
28,492,2,2,10
28,493,1,1,1
28,493,2,1,2
28,493,3,1,3
28,493,4,1,4
28,493,5,1,5
28,493,6,1,6
28,493,7,1,7
28,493,8,1,8
28,493,9,1,9
28,493,10,1,10
28,493,11,1,11
28,493,12,1,12
28,493,13,1,13
28,493,14,1,14
28,493,15,1,15
28,493,16,1,16
28,493,17,1,17
28,493,18,1,18
28,494,1,1,11
28,494,1,2,2
28,495,1,1,4
28,496,1,1,4
28,497,1,1,4
28,498,1,1,2
28,499,1,1,2
28,499,1,2,7
28,500,1,1,2
28,500,1,2,7
28,501,1,1,3
28,502,1,1,3
28,503,1,1,3
28,504,1,1,1
28,505,1,1,1
28,506,1,1,1
28,507,1,1,1
28,508,1,1,1
28,509,1,1,16
28,510,1,1,16
28,511,1,1,4
28,512,1,1,4
28,513,1,1,2
28,514,1,1,2
28,515,1,1,3
28,516,1,1,3
28,517,1,1,11
28,518,1,1,11
28,519,1,1,1
28,519,1,2,10
28,520,1,1,1
28,520,1,2,10
28,521,1,1,1
28,521,1,2,10
28,522,1,1,5
28,523,1,1,5
28,524,1,1,13
28,525,1,1,13
28,526,1,1,13
28,527,1,1,11
28,527,1,2,10
28,528,1,1,11
28,528,1,2,10
28,529,1,1,9
28,530,1,1,9
28,530,1,2,17
28,531,1,1,1
28,531,2,1,1
28,531,2,2,18
28,532,1,1,7
28,533,1,1,7
28,534,1,1,7
28,535,1,1,3
28,536,1,1,3
28,536,1,2,9
28,537,1,1,3
28,537,1,2,9
28,538,1,1,7
28,539,1,1,7
28,540,1,1,12
28,540,1,2,4
28,541,1,1,12
28,541,1,2,4
28,542,1,1,12
28,542,1,2,4
28,543,1,1,12
28,543,1,2,8
28,544,1,1,12
28,544,1,2,8
28,545,1,1,12
28,545,1,2,8
28,546,1,1,4
28,546,1,2,18
28,547,1,1,4
28,547,1,2,18
28,548,1,1,4
28,549,1,1,4
28,550,1,1,3
28,550,2,1,3
28,551,1,1,9
28,551,1,2,16
28,552,1,1,9
28,552,1,2,16
28,553,1,1,9
28,553,1,2,16
28,554,1,1,2
28,555,1,1,2
28,555,2,1,2
28,555,2,2,11
28,556,1,1,4
28,557,1,1,12
28,557,1,2,13
28,558,1,1,12
28,558,1,2,13
28,559,1,1,16
28,559,1,2,7
28,560,1,1,16
28,560,1,2,7
28,561,1,1,11
28,561,1,2,10
28,562,1,1,14
28,563,1,1,14
28,564,1,1,3
28,564,1,2,13
28,565,1,1,3
28,565,1,2,13
28,566,1,1,13
28,566,1,2,10
28,567,1,1,13
28,567,1,2,10
28,568,1,1,8
28,569,1,1,8
28,570,1,1,16
28,571,1,1,16
28,572,1,1,1
28,573,1,1,1
28,574,1,1,11
28,575,1,1,11
28,576,1,1,11
28,577,1,1,11
28,578,1,1,11
28,579,1,1,11
28,580,1,1,3
28,580,1,2,10
28,581,1,1,3
28,581,1,2,10
28,582,1,1,6
28,583,1,1,6
28,584,1,1,6
28,585,1,1,1
28,585,1,2,4
28,585,2,1,1
28,585,2,2,4
28,585,3,1,1
28,585,3,2,4
28,585,4,1,1
28,585,4,2,4
28,586,1,1,1
28,586,1,2,4
28,586,2,1,1
28,586,2,2,4
28,586,3,1,1
28,586,3,2,4
28,586,4,1,1
28,586,4,2,4
28,587,1,1,5
28,587,1,2,10
28,588,1,1,12
28,589,1,1,12
28,589,1,2,17
28,590,1,1,4
28,590,1,2,8
28,591,1,1,4
28,591,1,2,8
28,592,1,1,3
28,592,1,2,14
28,593,1,1,3
28,593,1,2,14
28,594,1,1,3
28,595,1,1,12
28,595,1,2,5
28,596,1,1,12
28,596,1,2,5
28,597,1,1,4
28,597,1,2,17
28,598,1,1,4
28,598,1,2,17
28,599,1,1,17
28,600,1,1,17
28,601,1,1,17
28,602,1,1,5
28,603,1,1,5
28,604,1,1,5
28,605,1,1,11
28,606,1,1,11
28,607,1,1,14
28,607,1,2,2
28,608,1,1,14
28,608,1,2,2
28,609,1,1,14
28,609,1,2,2
28,610,1,1,15
28,611,1,1,15
28,612,1,1,15
28,613,1,1,6
28,614,1,1,6
28,615,1,1,6
28,616,1,1,12
28,617,1,1,12
28,618,1,1,9
28,618,1,2,5
28,619,1,1,7
28,620,1,1,7
28,621,1,1,15
28,622,1,1,9
28,622,1,2,14
28,623,1,1,9
28,623,1,2,14
28,624,1,1,16
28,624,1,2,17
28,625,1,1,16
28,625,1,2,17
28,626,1,1,1
28,627,1,1,1
28,627,1,2,10
28,628,1,1,1
28,628,1,2,10
28,629,1,1,16
28,629,1,2,10
28,630,1,1,16
28,630,1,2,10
28,631,1,1,2
28,632,1,1,12
28,632,1,2,17
28,633,1,1,16
28,633,1,2,15
28,634,1,1,16
28,634,1,2,15
28,635,1,1,16
28,635,1,2,15
28,636,1,1,12
28,636,1,2,2
28,637,1,1,12
28,637,1,2,2
28,638,1,1,17
28,638,1,2,7
28,639,1,1,13
28,639,1,2,7
28,640,1,1,4
28,640,1,2,7
28,641,1,1,10
28,641,2,1,10
28,642,1,1,5
28,642,1,2,10
28,642,2,1,5
28,642,2,2,10
28,643,1,1,15
28,643,1,2,2
28,644,1,1,15
28,644,1,2,5
28,645,1,1,9
28,645,1,2,10
28,645,2,1,9
28,645,2,2,10
28,646,1,1,15
28,646,1,2,6
28,646,2,1,15
28,646,2,2,6
28,646,3,1,15
28,646,3,2,6
28,647,1,1,3
28,647,1,2,7
28,647,2,1,3
28,647,2,2,7
28,648,1,1,1
28,648,1,2,11
28,648,2,1,1
28,648,2,2,7
28,649,1,1,12
28,649,1,2,17
28,649,2,1,12
28,649,2,2,17
28,649,3,1,12
28,649,3,2,17
28,649,4,1,12
28,649,4,2,17
28,649,5,1,12
28,649,5,2,17
28,650,1,1,4
28,651,1,1,4
28,652,1,1,4
28,652,1,2,7
28,653,1,1,2
28,654,1,1,2
28,655,1,1,2
28,655,1,2,11
28,656,1,1,3
28,657,1,1,3
28,658,1,1,3
28,658,1,2,16
28,658,2,1,3
28,658,2,2,16
28,659,1,1,1
28,660,1,1,1
28,660,1,2,9
28,661,1,1,1
28,661,1,2,10
28,662,1,1,2
28,662,1,2,10
28,663,1,1,2
28,663,1,2,10
28,664,1,1,12
28,665,1,1,12
28,666,1,1,12
28,666,1,2,10
28,666,2,1,12
28,666,2,2,10
28,666,3,1,12
28,666,3,2,10
28,666,4,1,12
28,666,4,2,10
28,666,5,1,12
28,666,5,2,10
28,666,6,1,12
28,666,6,2,10
28,666,7,1,12
28,666,7,2,10
28,666,8,1,12
28,666,8,2,10
28,666,9,1,12
28,666,9,2,10
28,666,10,1,12
28,666,10,2,10
28,666,11,1,12
28,666,11,2,10
28,666,12,1,12
28,666,12,2,10
28,666,13,1,12
28,666,13,2,10
28,666,14,1,12
28,666,14,2,10
28,666,15,1,12
28,666,15,2,10
28,666,16,1,12
28,666,16,2,10
28,666,17,1,12
28,666,17,2,10
28,666,18,1,12
28,666,18,2,10
28,666,19,1,12
28,666,19,2,10
28,666,20,1,12
28,666,20,2,10
28,667,1,1,2
28,667,1,2,1
28,668,1,1,2
28,668,1,2,1
28,669,1,1,18
28,669,2,1,18
28,669,3,1,18
28,669,4,1,18
28,669,5,1,18
28,670,1,1,18
28,670,2,1,18
28,670,3,1,18
28,670,4,1,18
28,670,5,1,18
28,670,6,1,18
28,671,1,1,18
28,671,2,1,18
28,671,3,1,18
28,671,4,1,18
28,671,5,1,18
28,672,1,1,4
28,673,1,1,4
28,674,1,1,7
28,675,1,1,7
28,675,1,2,16
28,676,1,1,1
28,676,2,1,1
28,676,3,1,1
28,676,4,1,1
28,676,5,1,1
28,676,6,1,1
28,676,7,1,1
28,676,8,1,1
28,676,9,1,1
28,676,10,1,1
28,677,1,1,11
28,678,1,1,11
28,678,2,1,11
28,679,1,1,17
28,679,1,2,14
28,680,1,1,17
28,680,1,2,14
28,681,1,1,17
28,681,1,2,14
28,681,2,1,17
28,681,2,2,14
28,682,1,1,18
28,683,1,1,18
28,684,1,1,18
28,685,1,1,18
28,686,1,1,16
28,686,1,2,11
28,687,1,1,16
28,687,1,2,11
28,688,1,1,13
28,688,1,2,3
28,689,1,1,13
28,689,1,2,3
28,690,1,1,8
28,690,1,2,3
28,691,1,1,8
28,691,1,2,15
28,692,1,1,3
28,693,1,1,3
28,694,1,1,5
28,694,1,2,1
28,695,1,1,5
28,695,1,2,1
28,696,1,1,13
28,696,1,2,15
28,697,1,1,13
28,697,1,2,15
28,698,1,1,13
28,698,1,2,6
28,699,1,1,13
28,699,1,2,6
28,700,1,1,18
28,701,1,1,7
28,701,1,2,10
28,702,1,1,5
28,702,1,2,18
28,703,1,1,13
28,703,1,2,18
28,704,1,1,15
28,705,1,1,15
28,706,1,1,15
28,707,1,1,17
28,707,1,2,18
28,708,1,1,14
28,708,1,2,4
28,709,1,1,14
28,709,1,2,4
28,710,1,1,14
28,710,1,2,4
28,710,2,1,14
28,710,2,2,4
28,710,3,1,14
28,710,3,2,4
28,710,4,1,14
28,710,4,2,4
28,711,1,1,14
28,711,1,2,4
28,711,2,1,14
28,711,2,2,4
28,711,3,1,14
28,711,3,2,4
28,711,4,1,14
28,711,4,2,4
28,712,1,1,6
28,713,1,1,6
28,714,1,1,10
28,714,1,2,15
28,715,1,1,10
28,715,1,2,15
28,716,1,1,18
28,716,2,1,18
28,717,1,1,16
28,717,1,2,10
28,718,1,1,15
28,718,1,2,9
28,718,2,1,15
28,718,2,2,9
28,718,3,1,15
28,718,3,2,9
28,719,1,1,13
28,719,1,2,18
28,719,2,1,13
28,719,2,2,18
28,720,1,1,11
28,720,1,2,14
28,720,2,1,11
28,720,2,2,16
28,721,1,1,2
28,721,1,2,3
28,722,1,1,4
28,722,1,2,10
28,723,1,1,4
28,723,1,2,10
28,724,1,1,4
28,724,1,2,14
28,725,1,1,2
28,726,1,1,2
28,727,1,1,2
28,727,1,2,16
28,728,1,1,3
28,729,1,1,3
28,730,1,1,3
28,730,1,2,18
28,731,1,1,1
28,731,1,2,10
28,732,1,1,1
28,732,1,2,10
28,733,1,1,1
28,733,1,2,10
28,734,1,1,1
28,735,1,1,1
28,736,1,1,12
28,737,1,1,12
28,737,1,2,5
28,738,1,1,12
28,738,1,2,5
28,739,1,1,7
28,740,1,1,7
28,740,1,2,6
28,741,1,1,2
28,741,1,2,10
28,741,2,1,5
28,741,2,2,10
28,741,3,1,11
28,741,3,2,10
28,741,4,1,14
28,741,4,2,10
28,742,1,1,12
28,742,1,2,18
28,743,1,1,12
28,743,1,2,18
28,744,1,1,13
28,745,1,1,13
28,745,2,1,13
28,745,3,1,13
28,746,1,1,3
28,746,2,1,3
28,747,1,1,8
28,747,1,2,3
28,748,1,1,8
28,748,1,2,3
28,749,1,1,9
28,750,1,1,9
28,751,1,1,3
28,751,1,2,12
28,752,1,1,3
28,752,1,2,12
28,753,1,1,4
28,754,1,1,4
28,755,1,1,4
28,755,1,2,18
28,756,1,1,4
28,756,1,2,18
28,757,1,1,8
28,757,1,2,2
28,758,1,1,8
28,758,1,2,2
28,759,1,1,1
28,759,1,2,7
28,760,1,1,1
28,760,1,2,7
28,761,1,1,4
28,762,1,1,4
28,763,1,1,4
28,764,1,1,18
28,765,1,1,1
28,765,1,2,11
28,766,1,1,7
28,767,1,1,12
28,767,1,2,3
28,768,1,1,12
28,768,1,2,3
28,769,1,1,14
28,769,1,2,9
28,770,1,1,14
28,770,1,2,9
28,771,1,1,3
28,772,1,1,1
28,773,1,1,1
28,773,2,1,2
28,773,3,1,3
28,773,4,1,4
28,773,5,1,5
28,773,6,1,6
28,773,7,1,7
28,773,8,1,8
28,773,9,1,9
28,773,10,1,10
28,773,11,1,11
28,773,12,1,12
28,773,13,1,13
28,773,14,1,14
28,773,15,1,15
28,773,16,1,16
28,773,17,1,17
28,773,18,1,18
28,774,1,1,13
28,774,1,2,10
28,774,2,1,13
28,774,2,2,10
28,774,3,1,13
28,774,3,2,10
28,774,4,1,13
28,774,4,2,10
28,774,5,1,13
28,774,5,2,10
28,774,6,1,13
28,774,6,2,10
28,774,7,1,13
28,774,7,2,10
28,774,8,1,13
28,774,8,2,10
28,775,1,1,1
28,776,1,1,2
28,776,1,2,15
28,777,1,1,5
28,777,1,2,17
28,778,1,1,14
28,778,1,2,18
28,778,2,1,14
28,778,2,2,18
28,779,1,1,3
28,779,1,2,11
28,780,1,1,1
28,780,1,2,15
28,781,1,1,14
28,781,1,2,4
28,782,1,1,15
28,783,1,1,15
28,783,1,2,7
28,784,1,1,15
28,784,1,2,7
28,785,1,1,5
28,785,1,2,18
28,786,1,1,11
28,786,1,2,18
28,787,1,1,4
28,787,1,2,18
28,788,1,1,3
28,788,1,2,18
28,789,1,1,11
28,790,1,1,11
28,791,1,1,11
28,791,1,2,17
28,792,1,1,11
28,792,1,2,14
28,793,1,1,13
28,793,1,2,8
28,794,1,1,12
28,794,1,2,7
28,795,1,1,12
28,795,1,2,7
28,796,1,1,5
28,797,1,1,17
28,797,1,2,10
28,798,1,1,4
28,798,1,2,17
28,799,1,1,16
28,799,1,2,15
28,800,1,1,11
28,800,2,1,11
28,800,2,2,17
28,800,3,1,11
28,800,3,2,14
28,800,4,1,11
28,800,4,2,15
28,801,1,1,17
28,801,1,2,18
28,801,2,1,17
28,801,2,2,18
28,802,1,1,7
28,802,1,2,14
28,803,1,1,8
28,804,1,1,8
28,804,1,2,15
28,805,1,1,13
28,805,1,2,17
28,806,1,1,2
28,806,1,2,14
28,807,1,1,5
29,1,1,1,4
29,1,1,2,8
29,2,1,1,4
29,2,1,2,8
29,3,1,1,4
29,3,1,2,8
29,3,2,1,4
29,3,2,2,8
29,4,1,1,2
29,5,1,1,2
29,6,1,1,2
29,6,1,2,10
29,6,2,1,2
29,6,2,2,15
29,6,3,1,2
29,6,3,2,10
29,7,1,1,3
29,8,1,1,3
29,9,1,1,3
29,9,2,1,3
29,10,1,1,12
29,11,1,1,12
29,12,1,1,12
29,12,1,2,10
29,13,1,1,12
29,13,1,2,8
29,14,1,1,12
29,14,1,2,8
29,15,1,1,12
29,15,1,2,8
29,15,2,1,12
29,15,2,2,8
29,16,1,1,1
29,16,1,2,10
29,17,1,1,1
29,17,1,2,10
29,18,1,1,1
29,18,1,2,10
29,18,2,1,1
29,18,2,2,10
29,19,1,1,1
29,19,2,1,16
29,19,2,2,1
29,20,1,1,1
29,20,2,1,16
29,20,2,2,1
29,21,1,1,1
29,21,1,2,10
29,22,1,1,1
29,22,1,2,10
29,23,1,1,8
29,24,1,1,8
29,25,1,1,5
29,25,15,1,5
29,26,1,1,5
29,26,2,1,5
29,26,2,2,11
29,27,1,1,9
29,27,2,1,6
29,27,2,2,17
29,28,1,1,9
29,28,2,1,6
29,28,2,2,17
29,29,1,1,8
29,30,1,1,8
29,31,1,1,8
29,31,1,2,9
29,32,1,1,8
29,33,1,1,8
29,34,1,1,8
29,34,1,2,9
29,35,1,1,18
29,36,1,1,18
29,37,1,1,2
29,37,2,1,6
29,38,1,1,2
29,38,2,1,6
29,38,2,2,18
29,39,1,1,1
29,39,1,2,18
29,40,1,1,1
29,40,1,2,18
29,41,1,1,8
29,41,1,2,10
29,42,1,1,8
29,42,1,2,10
29,43,1,1,4
29,43,1,2,8
29,44,1,1,4
29,44,1,2,8
29,45,1,1,4
29,45,1,2,8
29,46,1,1,12
29,46,1,2,4
29,47,1,1,12
29,47,1,2,4
29,48,1,1,12
29,48,1,2,8
29,49,1,1,12
29,49,1,2,8
29,50,1,1,9
29,50,2,1,9
29,50,2,2,17
29,51,1,1,9
29,51,2,1,9
29,51,2,2,17
29,52,1,1,1
29,52,2,1,16
29,53,1,1,1
29,53,2,1,16
29,54,1,1,3
29,55,1,1,3
29,56,1,1,7
29,57,1,1,7
29,58,1,1,2
29,59,1,1,2
29,60,1,1,3
29,61,1,1,3
29,62,1,1,3
29,62,1,2,7
29,63,1,1,11
29,64,1,1,11
29,65,1,1,11
29,65,2,1,11
29,66,1,1,7
29,67,1,1,7
29,68,1,1,7
29,69,1,1,4
29,69,1,2,8
29,70,1,1,4
29,70,1,2,8
29,71,1,1,4
29,71,1,2,8
29,72,1,1,3
29,72,1,2,8
29,73,1,1,3
29,73,1,2,8
29,74,1,1,13
29,74,1,2,9
29,74,2,1,13
29,74,2,2,5
29,75,1,1,13
29,75,1,2,9
29,75,2,1,13
29,75,2,2,5
29,76,1,1,13
29,76,1,2,9
29,76,2,1,13
29,76,2,2,5
29,77,1,1,2
29,78,1,1,2
29,79,1,1,3
29,79,1,2,11
29,80,1,1,3
29,80,1,2,11
29,80,2,1,3
29,80,2,2,11
29,81,1,1,5
29,81,1,2,17
29,82,1,1,5
29,82,1,2,17
29,83,1,1,1
29,83,1,2,10
29,84,1,1,1
29,84,1,2,10
29,85,1,1,1
29,85,1,2,10
29,86,1,1,3
29,87,1,1,3
29,87,1,2,6
29,88,1,1,8
29,88,2,1,8
29,88,2,2,16
29,89,1,1,8
29,89,2,1,8
29,89,2,2,16
29,90,1,1,3
29,91,1,1,3
29,91,1,2,6
29,92,1,1,14
29,92,1,2,8
29,93,1,1,14
29,93,1,2,8
29,94,1,1,14
29,94,1,2,8
29,94,2,1,14
29,94,2,2,8
29,95,1,1,13
29,95,1,2,9
29,96,1,1,11
29,97,1,1,11
29,98,1,1,3
29,99,1,1,3
29,100,1,1,5
29,101,1,1,5
29,102,1,1,4
29,102,1,2,11
29,103,1,1,4
29,103,1,2,11
29,103,2,1,4
29,103,2,2,15
29,104,1,1,9
29,105,1,1,9
29,105,2,1,2
29,105,2,2,14
29,106,1,1,7
29,107,1,1,7
29,108,1,1,1
29,109,1,1,8
29,110,1,1,8
29,111,1,1,9
29,111,1,2,13
29,112,1,1,9
29,112,1,2,13
29,113,1,1,1
29,114,1,1,4
29,115,1,1,1
29,115,2,1,1
29,116,1,1,3
29,117,1,1,3
29,118,1,1,3
29,119,1,1,3
29,120,1,1,3
29,121,1,1,3
29,121,1,2,11
29,122,1,1,11
29,122,1,2,18
29,123,1,1,12
29,123,1,2,10
29,124,1,1,6
29,124,1,2,11
29,125,1,1,5
29,126,1,1,2
29,127,1,1,12
29,127,2,1,12
29,127,2,2,10
29,128,1,1,1
29,129,1,1,3
29,130,1,1,3
29,130,1,2,10
29,130,2,1,3
29,130,2,2,16
29,131,1,1,3
29,131,1,2,6
29,132,1,1,1
29,133,1,1,1
29,133,2,1,1
29,134,1,1,3
29,135,1,1,5
29,136,1,1,2
29,137,1,1,1
29,138,1,1,13
29,138,1,2,3
29,139,1,1,13
29,139,1,2,3
29,140,1,1,13
29,140,1,2,3
29,141,1,1,13
29,141,1,2,3
29,142,1,1,13
29,142,1,2,10
29,142,2,1,13
29,142,2,2,10
29,143,1,1,1
29,144,1,1,6
29,144,1,2,10
29,145,1,1,5
29,145,1,2,10
29,146,1,1,2
29,146,1,2,10
29,147,1,1,15
29,148,1,1,15
29,149,1,1,15
29,149,1,2,10
29,150,1,1,11
29,150,2,1,11
29,150,2,2,7
29,150,3,1,11
29,151,1,1,11
29,808,1,1,17
29,809,1,1,17
30,1,1,1,4
30,1,1,2,8
30,2,1,1,4
30,2,1,2,8
30,3,1,1,4
30,3,1,2,8
30,3,2,1,4
30,3,2,2,8
30,4,1,1,2
30,5,1,1,2
30,6,1,1,2
30,6,1,2,10
30,6,2,1,2
30,6,2,2,15
30,6,3,1,2
30,6,3,2,10
30,7,1,1,3
30,8,1,1,3
30,9,1,1,3
30,9,2,1,3
30,10,1,1,12
30,11,1,1,12
30,12,1,1,12
30,12,1,2,10
30,13,1,1,12
30,13,1,2,8
30,14,1,1,12
30,14,1,2,8
30,15,1,1,12
30,15,1,2,8
30,15,2,1,12
30,15,2,2,8
30,16,1,1,1
30,16,1,2,10
30,17,1,1,1
30,17,1,2,10
30,18,1,1,1
30,18,1,2,10
30,18,2,1,1
30,18,2,2,10
30,19,1,1,1
30,19,2,1,16
30,19,2,2,1
30,20,1,1,1
30,20,2,1,16
30,20,2,2,1
30,21,1,1,1
30,21,1,2,10
30,22,1,1,1
30,22,1,2,10
30,23,1,1,8
30,24,1,1,8
30,25,1,1,5
30,25,15,1,5
30,26,1,1,5
30,26,2,1,5
30,26,2,2,11
30,27,1,1,9
30,27,2,1,6
30,27,2,2,17
30,28,1,1,9
30,28,2,1,6
30,28,2,2,17
30,29,1,1,8
30,30,1,1,8
30,31,1,1,8
30,31,1,2,9
30,32,1,1,8
30,33,1,1,8
30,34,1,1,8
30,34,1,2,9
30,35,1,1,18
30,36,1,1,18
30,37,1,1,2
30,37,2,1,6
30,38,1,1,2
30,38,2,1,6
30,38,2,2,18
30,39,1,1,1
30,39,1,2,18
30,40,1,1,1
30,40,1,2,18
30,41,1,1,8
30,41,1,2,10
30,42,1,1,8
30,42,1,2,10
30,43,1,1,4
30,43,1,2,8
30,44,1,1,4
30,44,1,2,8
30,45,1,1,4
30,45,1,2,8
30,46,1,1,12
30,46,1,2,4
30,47,1,1,12
30,47,1,2,4
30,48,1,1,12
30,48,1,2,8
30,49,1,1,12
30,49,1,2,8
30,50,1,1,9
30,50,2,1,9
30,50,2,2,17
30,51,1,1,9
30,51,2,1,9
30,51,2,2,17
30,52,1,1,1
30,52,2,1,16
30,53,1,1,1
30,53,2,1,16
30,54,1,1,3
30,55,1,1,3
30,56,1,1,7
30,57,1,1,7
30,58,1,1,2
30,59,1,1,2
30,60,1,1,3
30,61,1,1,3
30,62,1,1,3
30,62,1,2,7
30,63,1,1,11
30,64,1,1,11
30,65,1,1,11
30,65,2,1,11
30,66,1,1,7
30,67,1,1,7
30,68,1,1,7
30,69,1,1,4
30,69,1,2,8
30,70,1,1,4
30,70,1,2,8
30,71,1,1,4
30,71,1,2,8
30,72,1,1,3
30,72,1,2,8
30,73,1,1,3
30,73,1,2,8
30,74,1,1,13
30,74,1,2,9
30,74,2,1,13
30,74,2,2,5
30,75,1,1,13
30,75,1,2,9
30,75,2,1,13
30,75,2,2,5
30,76,1,1,13
30,76,1,2,9
30,76,2,1,13
30,76,2,2,5
30,77,1,1,2
30,78,1,1,2
30,79,1,1,3
30,79,1,2,11
30,80,1,1,3
30,80,1,2,11
30,80,2,1,3
30,80,2,2,11
30,81,1,1,5
30,81,1,2,17
30,82,1,1,5
30,82,1,2,17
30,83,1,1,1
30,83,1,2,10
30,84,1,1,1
30,84,1,2,10
30,85,1,1,1
30,85,1,2,10
30,86,1,1,3
30,87,1,1,3
30,87,1,2,6
30,88,1,1,8
30,88,2,1,8
30,88,2,2,16
30,89,1,1,8
30,89,2,1,8
30,89,2,2,16
30,90,1,1,3
30,91,1,1,3
30,91,1,2,6
30,92,1,1,14
30,92,1,2,8
30,93,1,1,14
30,93,1,2,8
30,94,1,1,14
30,94,1,2,8
30,94,2,1,14
30,94,2,2,8
30,95,1,1,13
30,95,1,2,9
30,96,1,1,11
30,97,1,1,11
30,98,1,1,3
30,99,1,1,3
30,100,1,1,5
30,101,1,1,5
30,102,1,1,4
30,102,1,2,11
30,103,1,1,4
30,103,1,2,11
30,103,2,1,4
30,103,2,2,15
30,104,1,1,9
30,105,1,1,9
30,105,2,1,2
30,105,2,2,14
30,106,1,1,7
30,107,1,1,7
30,108,1,1,1
30,109,1,1,8
30,110,1,1,8
30,111,1,1,9
30,111,1,2,13
30,112,1,1,9
30,112,1,2,13
30,113,1,1,1
30,114,1,1,4
30,115,1,1,1
30,115,2,1,1
30,116,1,1,3
30,117,1,1,3
30,118,1,1,3
30,119,1,1,3
30,120,1,1,3
30,121,1,1,3
30,121,1,2,11
30,122,1,1,11
30,122,1,2,18
30,123,1,1,12
30,123,1,2,10
30,124,1,1,6
30,124,1,2,11
30,125,1,1,5
30,126,1,1,2
30,127,1,1,12
30,127,2,1,12
30,127,2,2,10
30,128,1,1,1
30,129,1,1,3
30,130,1,1,3
30,130,1,2,10
30,130,2,1,3
30,130,2,2,16
30,131,1,1,3
30,131,1,2,6
30,132,1,1,1
30,133,1,1,1
30,133,2,1,1
30,134,1,1,3
30,135,1,1,5
30,136,1,1,2
30,137,1,1,1
30,138,1,1,13
30,138,1,2,3
30,139,1,1,13
30,139,1,2,3
30,140,1,1,13
30,140,1,2,3
30,141,1,1,13
30,141,1,2,3
30,142,1,1,13
30,142,1,2,10
30,142,2,1,13
30,142,2,2,10
30,143,1,1,1
30,144,1,1,6
30,144,1,2,10
30,145,1,1,5
30,145,1,2,10
30,146,1,1,2
30,146,1,2,10
30,147,1,1,15
30,148,1,1,15
30,149,1,1,15
30,149,1,2,10
30,150,1,1,11
30,150,2,1,11
30,150,2,2,7
30,150,3,1,11
30,151,1,1,11
30,808,1,1,17
30,809,1,1,17
31,1,1,0,4
31,1,1,1,8
31,2,1,0,4
31,2,1,1,8
31,3,1,0,4
31,3,1,1,8
31,3,3,0,4
31,3,3,1,8
31,4,1,0,2
31,5,1,0,2
31,6,1,0,2
31,6,1,1,10
31,6,4,0,2
31,6,4,1,10
31,7,1,0,3
31,8,1,0,3
31,9,1,0,3
31,9,3,0,3
31,10,1,0,12
31,11,1,0,12
31,12,1,0,12
31,12,1,1,10
31,12,2,0,12
31,12,2,1,10
31,25,1,0,5
31,25,8,0,5
31,25,9,0,5
31,25,10,0,5
31,25,11,0,5
31,25,12,0,5
31,25,13,0,5
31,25,14,0,5
31,25,16,0,5
31,25,17,0,5
31,26,1,0,5
31,26,2,0,5
31,26,2,1,11
31,27,1,0,9
31,27,2,0,6
31,27,2,1,17
31,28,1,0,9
31,28,2,0,6
31,28,2,1,17
31,29,1,0,8
31,30,1,0,8
31,31,1,0,8
31,31,1,1,9
31,32,1,0,8
31,33,1,0,8
31,34,1,0,8
31,34,1,1,9
31,35,1,0,18
31,36,1,0,18
31,37,1,0,2
31,37,2,0,6
31,38,1,0,2
31,38,2,0,6
31,38,2,1,18
31,39,1,0,1
31,39,1,1,18
31,40,1,0,1
31,40,1,1,18
31,41,1,0,8
31,41,1,1,10
31,42,1,0,8
31,42,1,1,10
31,43,1,0,4
31,43,1,1,8
31,44,1,0,4
31,44,1,1,8
31,45,1,0,4
31,45,1,1,8
31,50,1,0,9
31,50,2,0,9
31,50,2,1,17
31,51,1,0,9
31,51,2,0,9
31,51,2,1,17
31,52,1,0,1
31,52,2,0,16
31,52,3,0,17
31,52,4,0,1
31,53,1,0,1
31,53,2,0,16
31,54,1,0,3
31,55,1,0,3
31,58,1,0,2
31,59,1,0,2
31,60,1,0,3
31,61,1,0,3
31,62,1,0,3
31,62,1,1,7
31,63,1,0,11
31,64,1,0,11
31,65,1,0,11
31,66,1,0,7
31,67,1,0,7
31,68,1,0,7
31,68,2,0,7
31,72,1,0,3
31,72,1,1,8
31,73,1,0,3
31,73,1,1,8
31,77,1,0,2
31,77,2,0,11
31,78,1,0,2
31,78,2,0,11
31,78,2,1,18
31,79,1,0,3
31,79,1,1,11
31,79,2,0,11
31,80,1,0,3
31,80,1,1,11
31,80,3,0,8
31,80,3,1,11
31,81,1,0,5
31,81,1,1,17
31,82,1,0,5
31,82,1,1,17
31,83,1,0,1
31,83,1,1,10
31,83,2,0,7
31,90,1,0,3
31,91,1,0,3
31,91,1,1,6
31,92,1,0,14
31,92,1,1,8
31,93,1,0,14
31,93,1,1,8
31,94,1,0,14
31,94,1,1,8
31,94,3,0,14
31,94,3,1,8
31,95,1,0,13
31,95,1,1,9
31,98,1,0,3
31,99,1,0,3
31,99,2,0,3
31,102,1,0,4
31,102,1,1,11
31,103,1,0,4
31,103,1,1,11
31,103,2,0,4
31,103,2,1,15
31,104,1,0,9
31,105,1,0,9
31,105,2,0,2
31,105,2,1,14
31,106,1,0,7
31,107,1,0,7
31,108,1,0,1
31,109,1,0,8
31,110,1,0,8
31,110,2,0,8
31,110,2,1,18
31,111,1,0,9
31,111,1,1,13
31,112,1,0,9
31,112,1,1,13
31,113,1,0,1
31,114,1,0,4
31,115,1,0,1
31,116,1,0,3
31,117,1,0,3
31,118,1,0,3
31,119,1,0,3
31,120,1,0,3
31,121,1,0,3
31,121,1,1,11
31,122,1,0,11
31,122,1,1,18
31,122,2,0,6
31,122,2,1,11
31,123,1,0,12
31,123,1,1,10
31,124,1,0,6
31,124,1,1,11
31,125,1,0,5
31,126,1,0,2
31,127,1,0,12
31,128,1,0,1
31,129,1,0,3
31,130,1,0,3
31,130,1,1,10
31,131,1,0,3
31,131,1,1,6
31,131,2,0,3
31,131,2,1,6
31,132,1,0,1
31,133,1,0,1
31,133,3,0,1
31,134,1,0,3
31,135,1,0,5
31,136,1,0,2
31,137,1,0,1
31,138,1,0,13
31,138,1,1,3
31,139,1,0,13
31,139,1,1,3
31,140,1,0,13
31,140,1,1,3
31,141,1,0,13
31,141,1,1,3
31,142,1,0,13
31,142,1,1,10
31,143,1,0,1
31,143,2,0,1
31,144,1,0,6
31,144,1,1,10
31,144,2,0,11
31,144,2,1,10
31,145,1,0,5
31,145,1,1,10
31,145,2,0,7
31,145,2,1,10
31,146,1,0,2
31,146,1,1,10
31,146,2,0,16
31,146,2,1,10
31,147,1,0,15
31,148,1,0,15
31,149,1,0,15
31,149,1,1,10
31,150,1,0,11
31,151,1,0,11
31,163,1,0,1
31,163,1,1,10
31,164,1,0,1
31,164,1,1,10
31,169,1,0,8
31,169,1,1,10
31,170,1,0,3
31,170,1,1,5
31,171,1,0,3
31,171,1,1,5
31,172,1,0,5
31,173,1,0,18
31,174,1,0,1
31,174,1,1,18
31,175,1,0,18
31,176,1,0,18
31,176,1,1,10
31,177,1,0,11
31,177,1,1,10
31,178,1,0,11
31,178,1,1,10
31,182,1,0,4
31,183,1,0,3
31,183,1,1,18
31,184,1,0,3
31,184,1,1,18
31,185,1,0,13
31,186,1,0,3
31,194,1,0,3
31,194,1,1,9
31,195,1,0,3
31,195,1,1,9
31,196,1,0,11
31,197,1,0,16
31,199,1,0,3
31,199,1,1,11
31,199,2,0,8
31,199,2,1,11
31,202,1,0,11
31,206,1,0,1
31,208,1,0,17
31,208,1,1,9
31,211,1,0,3
31,211,1,1,8
31,212,1,0,12
31,212,1,1,17
31,213,1,0,12
31,213,1,1,13
31,214,1,0,12
31,214,1,1,7
31,215,1,0,16
31,215,1,1,6
31,220,1,0,6
31,220,1,1,9
31,221,1,0,6
31,221,1,1,9
31,222,1,0,3
31,222,1,1,13
31,222,2,0,14
31,223,1,0,3
31,224,1,0,3
31,225,1,0,6
31,225,1,1,10
31,226,1,0,3
31,226,1,1,10
31,227,1,0,17
31,227,1,1,10
31,230,1,0,3
31,230,1,1,15
31,233,1,0,1
31,236,1,0,7
31,237,1,0,7
31,238,1,0,6
31,238,1,1,11
31,239,1,0,5
31,240,1,0,2
31,241,1,0,1
31,242,1,0,1
31,243,1,0,5
31,244,1,0,2
31,245,1,0,3
31,246,1,0,13
31,246,1,1,9
31,247,1,0,13
31,247,1,1,9
31,248,1,0,13
31,248,1,1,16
31,249,1,0,11
31,249,1,1,10
31,250,1,0,2
31,250,1,1,10
31,251,1,0,11
31,251,1,1,4
31,252,1,0,4
31,253,1,0,4
31,254,1,0,4
31,255,1,0,2
31,256,1,0,2
31,256,1,1,7
31,257,1,0,2
31,257,1,1,7
31,258,1,0,3
31,259,1,0,3
31,259,1,1,9
31,260,1,0,3
31,260,1,1,9
31,263,1,0,1
31,263,2,0,16
31,263,2,1,1
31,264,1,0,1
31,264,2,0,16
31,264,2,1,1
31,270,1,0,3
31,270,1,1,4
31,271,1,0,3
31,271,1,1,4
31,272,1,0,3
31,272,1,1,4
31,273,1,0,4
31,274,1,0,4
31,274,1,1,16
31,275,1,0,4
31,275,1,1,16
31,278,1,0,3
31,278,1,1,10
31,279,1,0,3
31,279,1,1,10
31,280,1,0,11
31,280,1,1,18
31,281,1,0,11
31,281,1,1,18
31,282,1,0,11
31,282,1,1,18
31,290,1,0,12
31,290,1,1,9
31,291,1,0,12
31,291,1,1,10
31,292,1,0,12
31,292,1,1,14
31,293,1,0,1
31,294,1,0,1
31,295,1,0,1
31,298,1,0,1
31,298,1,1,18
31,302,1,0,16
31,302,1,1,14
31,303,1,0,17
31,303,1,1,18
31,304,1,0,17
31,304,1,1,13
31,305,1,0,17
31,305,1,1,13
31,306,1,0,17
31,306,1,1,13
31,309,1,0,5
31,310,1,0,5
31,315,1,0,4
31,315,1,1,8
31,318,1,0,3
31,318,1,1,16
31,319,1,0,3
31,319,1,1,16
31,320,1,0,3
31,321,1,0,3
31,324,1,0,2
31,328,1,0,9
31,329,1,0,9
31,329,1,1,15
31,330,1,0,9
31,330,1,1,15
31,333,1,0,1
31,333,1,1,10
31,334,1,0,15
31,334,1,1,10
31,337,1,0,13
31,337,1,1,11
31,338,1,0,13
31,338,1,1,11
31,339,1,0,3
31,339,1,1,9
31,340,1,0,3
31,340,1,1,9
31,341,1,0,3
31,342,1,0,3
31,342,1,1,16
31,343,1,0,9
31,343,1,1,11
31,344,1,0,9
31,344,1,1,11
31,345,1,0,13
31,345,1,1,4
31,346,1,0,13
31,346,1,1,4
31,347,1,0,13
31,347,1,1,12
31,348,1,0,13
31,348,1,1,12
31,349,1,0,3
31,350,1,0,3
31,355,1,0,14
31,356,1,0,14
31,359,1,0,16
31,360,1,0,11
31,361,1,0,6
31,362,1,0,6
31,363,1,0,6
31,363,1,1,3
31,364,1,0,6
31,364,1,1,3
31,365,1,0,6
31,365,1,1,3
31,369,1,0,3
31,369,1,1,13
31,371,1,0,15
31,372,1,0,15
31,373,1,0,15
31,373,1,1,10
31,374,1,0,17
31,374,1,1,11
31,375,1,0,17
31,375,1,1,11
31,376,1,0,17
31,376,1,1,11
31,377,1,0,13
31,378,1,0,6
31,379,1,0,17
31,380,1,0,15
31,380,1,1,11
31,381,1,0,15
31,381,1,1,11
31,382,1,0,3
31,383,1,0,9
31,384,1,0,15
31,384,1,1,10
31,385,1,0,17
31,385,1,1,11
31,403,1,0,5
31,404,1,0,5
31,405,1,0,5
31,406,1,0,4
31,406,1,1,8
31,407,1,0,4
31,407,1,1,8
31,415,1,0,12
31,415,1,1,10
31,416,1,0,12
31,416,1,1,10
31,420,1,0,4
31,421,1,0,4
31,421,2,0,4
31,422,1,0,3
31,422,2,0,3
31,423,1,0,3
31,423,1,1,9
31,423,2,0,3
31,423,2,1,9
31,425,1,0,14
31,425,1,1,10
31,426,1,0,14
31,426,1,1,10
31,427,1,0,1
31,428,1,0,1
31,434,1,0,8
31,434,1,1,16
31,435,1,0,8
31,435,1,1,16
31,436,1,0,17
31,436,1,1,11
31,437,1,0,17
31,437,1,1,11
31,438,1,0,13
31,439,1,0,11
31,439,1,1,18
31,440,1,0,1
31,442,1,0,14
31,442,1,1,16
31,443,1,0,15
31,443,1,1,9
31,444,1,0,15
31,444,1,1,9
31,445,1,0,15
31,445,1,1,9
31,446,1,0,1
31,447,1,0,7
31,448,1,0,7
31,448,1,1,17
31,449,1,0,9
31,450,1,0,9
31,451,1,0,8
31,451,1,1,12
31,452,1,0,8
31,452,1,1,16
31,453,1,0,8
31,453,1,1,7
31,454,1,0,8
31,454,1,1,7
31,458,1,0,3
31,458,1,1,10
31,459,1,0,4
31,459,1,1,6
31,460,1,0,4
31,460,1,1,6
31,461,1,0,16
31,461,1,1,6
31,462,1,0,5
31,462,1,1,17
31,463,1,0,1
31,464,1,0,9
31,464,1,1,13
31,465,1,0,4
31,466,1,0,5
31,467,1,0,2
31,468,1,0,18
31,468,1,1,10
31,470,1,0,4
31,471,1,0,6
31,473,1,0,6
31,473,1,1,9
31,474,1,0,1
31,475,1,0,11
31,475,1,1,7
31,477,1,0,14
31,478,1,0,6
31,478,1,1,14
31,479,1,0,5
31,479,1,1,14
31,479,2,0,5
31,479,2,1,2
31,479,3,0,5
31,479,3,1,3
31,479,4,0,5
31,479,4,1,6
31,479,5,0,5
31,479,5,1,10
31,479,6,0,5
31,479,6,1,4
31,480,1,0,11
31,481,1,0,11
31,482,1,0,11
31,483,1,0,17
31,483,1,1,15
31,484,1,0,3
31,484,1,1,15
31,485,1,0,2
31,485,1,1,17
31,486,1,0,1
31,487,1,0,14
31,487,1,1,15
31,487,2,0,14
31,487,2,1,15
31,488,1,0,11
31,494,1,0,11
31,494,1,1,2
31,506,1,0,1
31,507,1,0,1
31,508,1,0,1
31,509,1,0,16
31,510,1,0,16
31,517,1,0,11
31,518,1,0,11
31,519,1,0,1
31,519,1,1,10
31,520,1,0,1
31,520,1,1,10
31,521,1,0,1
31,521,1,1,10
31,524,1,0,13
31,525,1,0,13
31,526,1,0,13
31,527,1,0,11
31,527,1,1,10
31,528,1,0,11
31,528,1,1,10
31,529,1,0,9
31,530,1,0,9
31,530,1,1,17
31,531,1,0,1
31,532,1,0,7
31,533,1,0,7
31,534,1,0,7
31,535,1,0,3
31,536,1,0,3
31,536,1,1,9
31,537,1,0,3
31,537,1,1,9
31,538,1,0,7
31,539,1,0,7
31,543,1,0,12
31,543,1,1,8
31,544,1,0,12
31,544,1,1,8
31,545,1,0,12
31,545,1,1,8
31,546,1,0,4
31,546,1,1,18
31,547,1,0,4
31,547,1,1,18
31,548,1,0,4
31,549,1,0,4
31,550,1,0,3
31,550,2,0,3
31,551,1,0,9
31,551,1,1,16
31,552,1,0,9
31,552,1,1,16
31,553,1,0,9
31,553,1,1,16
31,554,1,0,2
31,554,2,0,6
31,555,1,0,2
31,555,2,0,2
31,555,2,1,11
31,555,3,0,6
31,555,4,0,6
31,555,4,1,2
31,556,1,0,4
31,557,1,0,12
31,557,1,1,13
31,558,1,0,12
31,558,1,1,13
31,559,1,0,16
31,559,1,1,7
31,560,1,0,16
31,560,1,1,7
31,561,1,0,11
31,561,1,1,10
31,562,1,0,14
31,562,2,0,9
31,562,2,1,14
31,563,1,0,14
31,564,1,0,3
31,564,1,1,13
31,565,1,0,3
31,565,1,1,13
31,566,1,0,13
31,566,1,1,10
31,567,1,0,13
31,567,1,1,10
31,568,1,0,8
31,569,1,0,8
31,569,2,0,8
31,570,1,0,16
31,571,1,0,16
31,572,1,0,1
31,573,1,0,1
31,574,1,0,11
31,575,1,0,11
31,576,1,0,11
31,577,1,0,11
31,578,1,0,11
31,579,1,0,11
31,582,1,0,6
31,583,1,0,6
31,584,1,0,6
31,587,1,0,5
31,587,1,1,10
31,588,1,0,12
31,589,1,0,12
31,589,1,1,17
31,590,1,0,4
31,590,1,1,8
31,591,1,0,4
31,591,1,1,8
31,592,1,0,3
31,592,1,1,14
31,593,1,0,3
31,593,1,1,14
31,595,1,0,12
31,595,1,1,5
31,596,1,0,12
31,596,1,1,5
31,597,1,0,4
31,597,1,1,17
31,598,1,0,4
31,598,1,1,17
31,599,1,0,17
31,600,1,0,17
31,601,1,0,17
31,605,1,0,11
31,606,1,0,11
31,607,1,0,14
31,607,1,1,2
31,608,1,0,14
31,608,1,1,2
31,609,1,0,14
31,609,1,1,2
31,610,1,0,15
31,611,1,0,15
31,612,1,0,15
31,613,1,0,6
31,614,1,0,6
31,615,1,0,6
31,616,1,0,12
31,617,1,0,12
31,618,1,0,9
31,618,1,1,5
31,618,2,0,9
31,618,2,1,17
31,619,1,0,7
31,620,1,0,7
31,621,1,0,15
31,622,1,0,9
31,622,1,1,14
31,623,1,0,9
31,623,1,1,14
31,624,1,0,16
31,624,1,1,17
31,625,1,0,16
31,625,1,1,17
31,626,1,0,1
31,627,1,0,1
31,627,1,1,10
31,628,1,0,1
31,628,1,1,10
31,629,1,0,16
31,629,1,1,10
31,630,1,0,16
31,630,1,1,10
31,631,1,0,2
31,632,1,0,12
31,632,1,1,17
31,633,1,0,16
31,633,1,1,15
31,634,1,0,16
31,634,1,1,15
31,635,1,0,16
31,635,1,1,15
31,636,1,0,12
31,636,1,1,2
31,637,1,0,12
31,637,1,1,2
31,638,1,0,17
31,638,1,1,7
31,639,1,0,13
31,639,1,1,7
31,640,1,0,4
31,640,1,1,7
31,641,1,0,10
31,641,2,0,10
31,642,1,0,5
31,642,1,1,10
31,642,2,0,5
31,642,2,1,10
31,643,1,0,15
31,643,1,1,2
31,644,1,0,15
31,644,1,1,5
31,645,1,0,9
31,645,1,1,10
31,645,2,0,9
31,645,2,1,10
31,646,1,0,15
31,646,1,1,6
31,646,2,0,15
31,646,2,1,6
31,646,3,0,15
31,646,3,1,6
31,647,1,0,3
31,647,1,1,7
31,647,2,0,3
31,647,2,1,7
31,649,1,0,12
31,649,1,1,17
31,649,2,0,12
31,649,2,1,17
31,649,3,0,12
31,649,3,1,17
31,649,4,0,12
31,649,4,1,17
31,649,5,0,12
31,649,5,1,17
31,659,1,0,1
31,660,1,0,1
31,660,1,1,9
31,661,1,0,1
31,661,1,1,10
31,662,1,0,2
31,662,1,1,10
31,663,1,0,2
31,663,1,1,10
31,674,1,0,7
31,675,1,0,7
31,675,1,1,16
31,677,1,0,11
31,678,1,0,11
31,678,2,0,11
31,679,1,0,17
31,679,1,1,14
31,680,1,0,17
31,680,1,1,14
31,681,1,0,17
31,681,1,1,14
31,681,2,0,17
31,681,2,1,14
31,682,1,0,18
31,683,1,0,18
31,684,1,0,18
31,685,1,0,18
31,686,1,0,16
31,686,1,1,11
31,687,1,0,16
31,687,1,1,11
31,688,1,0,13
31,688,1,1,3
31,689,1,0,13
31,689,1,1,3
31,690,1,0,8
31,690,1,1,3
31,691,1,0,8
31,691,1,1,15
31,692,1,0,3
31,693,1,0,3
31,694,1,0,5
31,694,1,1,1
31,695,1,0,5
31,695,1,1,1
31,696,1,0,13
31,696,1,1,15
31,697,1,0,13
31,697,1,1,15
31,698,1,0,13
31,698,1,1,6
31,699,1,0,13
31,699,1,1,6
31,700,1,0,18
31,701,1,0,7
31,701,1,1,10
31,702,1,0,5
31,702,1,1,18
31,703,1,0,13
31,703,1,1,18
31,704,1,0,15
31,705,1,0,15
31,706,1,0,15
31,707,1,0,17
31,707,1,1,18
31,708,1,0,14
31,708,1,1,4
31,709,1,0,14
31,709,1,1,4
31,710,1,0,14
31,710,1,1,4
31,710,2,0,14
31,710,2,1,4
31,710,3,0,14
31,710,3,1,4
31,710,4,0,14
31,710,4,1,4
31,711,1,0,14
31,711,1,1,4
31,711,2,0,14
31,711,2,1,4
31,711,3,0,14
31,711,3,1,4
31,711,4,0,14
31,711,4,1,4
31,712,1,0,6
31,713,1,0,6
31,714,1,0,10
31,714,1,1,15
31,715,1,0,10
31,715,1,1,15
31,716,1,0,18
31,716,2,0,18
31,717,1,0,16
31,717,1,1,10
31,718,1,0,15
31,718,1,1,9
31,718,2,0,15
31,718,2,1,9
31,718,3,0,15
31,718,3,1,9
31,719,1,0,13
31,719,1,1,18
31,721,1,0,2
31,721,1,1,3
31,722,1,0,4
31,722,1,1,10
31,723,1,0,4
31,723,1,1,10
31,724,1,0,4
31,724,1,1,14
31,725,1,0,2
31,726,1,0,2
31,727,1,0,2
31,727,1,1,16
31,728,1,0,3
31,729,1,0,3
31,730,1,0,3
31,730,1,1,18
31,736,1,0,12
31,737,1,0,12
31,737,1,1,5
31,738,1,0,12
31,738,1,1,5
31,742,1,0,12
31,742,1,1,18
31,743,1,0,12
31,743,1,1,18
31,744,1,0,13
31,745,1,0,13
31,745,2,0,13
31,745,3,0,13
31,746,1,0,3
31,746,2,0,3
31,747,1,0,8
31,747,1,1,3
31,748,1,0,8
31,748,1,1,3
31,749,1,0,9
31,750,1,0,9
31,751,1,0,3
31,751,1,1,12
31,752,1,0,3
31,752,1,1,12
31,753,1,0,4
31,754,1,0,4
31,755,1,0,4
31,755,1,1,18
31,756,1,0,4
31,756,1,1,18
31,757,1,0,8
31,757,1,1,2
31,758,1,0,8
31,758,1,1,2
31,759,1,0,1
31,759,1,1,7
31,760,1,0,1
31,760,1,1,7
31,761,1,0,4
31,762,1,0,4
31,763,1,0,4
31,764,1,0,18
31,765,1,0,1
31,765,1,1,11
31,766,1,0,7
31,767,1,0,12
31,767,1,1,3
31,768,1,0,12
31,768,1,1,3
31,769,1,0,14
31,769,1,1,9
31,770,1,0,14
31,770,1,1,9
31,771,1,0,3
31,772,1,0,1
31,773,1,0,1
31,773,2,0,2
31,773,3,0,3
31,773,4,0,4
31,773,5,0,5
31,773,6,0,6
31,773,7,0,7
31,773,8,0,8
31,773,9,0,9
31,773,10,0,10
31,773,11,0,11
31,773,12,0,12
31,773,13,0,13
31,773,14,0,14
31,773,15,0,15
31,773,16,0,16
31,773,17,0,17
31,773,18,0,18
31,776,1,0,2
31,776,1,1,15
31,777,1,0,5
31,777,1,1,17
31,778,1,0,14
31,778,1,1,18
31,778,2,0,14
31,778,2,1,18
31,780,1,0,1
31,780,1,1,15
31,781,1,0,14
31,781,1,1,4
31,782,1,0,15
31,783,1,0,15
31,783,1,1,7
31,784,1,0,15
31,784,1,1,7
31,785,1,0,5
31,785,1,1,18
31,786,1,0,11
31,786,1,1,18
31,787,1,0,4
31,787,1,1,18
31,788,1,0,3
31,788,1,1,18
31,789,1,0,11
31,790,1,0,11
31,791,1,0,11
31,791,1,1,17
31,792,1,0,11
31,792,1,1,14
31,793,1,0,13
31,793,1,1,8
31,794,1,0,12
31,794,1,1,7
31,795,1,0,12
31,795,1,1,7
31,796,1,0,5
31,797,1,0,17
31,797,1,1,10
31,798,1,0,4
31,798,1,1,17
31,799,1,0,16
31,799,1,1,15
31,800,1,0,11
31,800,2,0,11
31,800,2,1,17
31,800,3,0,11
31,800,3,1,14
31,801,1,0,17
31,801,1,1,18
31,801,2,0,17
31,801,2,1,18
31,802,1,0,7
31,802,1,1,14
31,803,1,0,8
31,804,1,0,8
31,804,1,1,15
31,805,1,0,13
31,805,1,1,17
31,806,1,0,2
31,806,1,1,14
31,807,1,0,5
31,808,1,0,17
31,809,1,0,17
31,809,2,0,17
31,810,1,0,4
31,811,1,0,4
31,812,1,0,4
31,812,2,0,4
31,813,1,0,2
31,814,1,0,2
31,815,1,0,2
31,815,2,0,2
31,816,1,0,3
31,817,1,0,3
31,818,1,0,3
31,818,2,0,3
31,819,1,0,1
31,820,1,0,1
31,821,1,0,10
31,822,1,0,10
31,823,1,0,10
31,823,1,1,17
31,823,2,0,10
31,823,2,1,17
31,824,1,0,12
31,825,1,0,12
31,825,1,1,11
31,826,1,0,12
31,826,1,1,11
31,826,2,0,12
31,826,2,1,11
31,827,1,0,16
31,828,1,0,16
31,829,1,0,4
31,830,1,0,4
31,831,1,0,1
31,832,1,0,1
31,833,1,0,3
31,834,1,0,3
31,834,1,1,13
31,834,2,0,3
31,834,2,1,13
31,835,1,0,5
31,836,1,0,5
31,837,1,0,13
31,838,1,0,13
31,838,1,1,2
31,839,1,0,13
31,839,1,1,2
31,839,2,0,13
31,839,2,1,2
31,840,1,0,4
31,840,1,1,15
31,841,1,0,4
31,841,1,1,15
31,841,2,0,4
31,841,2,1,15
31,842,1,0,4
31,842,1,1,15
31,842,2,0,4
31,842,2,1,15
31,843,1,0,9
31,844,1,0,9
31,844,2,0,9
31,845,1,0,10
31,845,1,1,3
31,845,2,0,10
31,845,2,1,3
31,845,3,0,10
31,845,3,1,3
31,846,1,0,3
31,847,1,0,3
31,848,1,0,5
31,848,1,1,8
31,849,1,0,5
31,849,1,1,8
31,849,2,0,5
31,849,2,1,8
31,849,3,0,5
31,849,3,1,8
31,850,1,0,2
31,850,1,1,12
31,851,1,0,2
31,851,1,1,12
31,851,2,0,2
31,851,2,1,12
31,852,1,0,7
31,853,1,0,7
31,854,1,0,14
31,854,2,0,14
31,855,1,0,14
31,855,2,0,14
31,856,1,0,11
31,857,1,0,11
31,858,1,0,11
31,858,1,1,18
31,858,2,0,11
31,858,2,1,18
31,859,1,0,16
31,859,1,1,18
31,860,1,0,16
31,860,1,1,18
31,861,1,0,16
31,861,1,1,18
31,861,2,0,16
31,861,2,1,18
31,862,1,0,16
31,862,1,1,1
31,863,1,0,17
31,864,1,0,14
31,865,1,0,7
31,866,1,0,6
31,866,1,1,11
31,867,1,0,9
31,867,1,1,14
31,868,1,0,18
31,869,1,0,18
31,869,2,0,18
31,869,3,0,18
31,869,4,0,18
31,869,5,0,18
31,869,6,0,18
31,869,7,0,18
31,869,8,0,18
31,869,9,0,18
31,869,10,0,18
31,870,1,0,7
31,871,1,0,5
31,872,1,0,6
31,872,1,1,12
31,873,1,0,6
31,873,1,1,12
31,874,1,0,13
31,875,1,0,6
31,875,2,0,6
31,876,1,0,11
31,876,1,1,1
31,876,2,0,11
31,876,2,1,1
31,877,1,0,5
31,877,1,1,16
31,877,2,0,5
31,877,2,1,16
31,878,1,0,17
31,879,1,0,17
31,879,2,0,17
31,880,1,0,5
31,880,1,1,15
31,881,1,0,5
31,881,1,1,6
31,882,1,0,3
31,882,1,1,15
31,883,1,0,3
31,883,1,1,6
31,884,1,0,17
31,884,1,1,15
31,884,2,0,17
31,884,2,1,15
31,885,1,0,15
31,885,1,1,14
31,886,1,0,15
31,886,1,1,14
31,887,1,0,15
31,887,1,1,14
31,888,1,0,18
31,888,2,0,18
31,888,2,1,17
31,889,1,0,7
31,889,2,0,7
31,889,2,1,17
31,890,1,0,8
31,890,1,1,15
31,890,2,0,8
31,890,2,1,15
31,891,1,0,7
31,892,1,0,7
31,892,1,1,16
31,892,2,0,7
31,892,2,1,3
31,892,3,0,7
31,892,3,1,16
31,892,4,0,7
31,892,4,1,3
31,893,1,0,16
31,893,1,1,4
31,893,2,0,16
31,893,2,1,4
31,894,1,0,5
31,895,1,0,15
31,896,1,0,6
31,897,1,0,14
31,898,1,0,11
31,898,1,1,4
31,898,2,0,11
31,898,2,1,6
31,898,3,0,11
31,898,3,1,14
32,1,1,0,4
32,1,1,1,8
32,2,1,0,4
32,2,1,1,8
32,3,1,0,4
32,3,1,1,8
32,3,3,0,4
32,3,3,1,8
32,4,1,0,2
32,5,1,0,2
32,6,1,0,2
32,6,1,1,10
32,6,4,0,2
32,6,4,1,10
32,7,1,0,3
32,8,1,0,3
32,9,1,0,3
32,9,3,0,3
32,10,1,0,12
32,11,1,0,12
32,12,1,0,12
32,12,1,1,10
32,12,2,0,12
32,12,2,1,10
32,25,1,0,5
32,25,8,0,5
32,25,9,0,5
32,25,10,0,5
32,25,11,0,5
32,25,12,0,5
32,25,13,0,5
32,25,14,0,5
32,25,16,0,5
32,25,17,0,5
32,26,1,0,5
32,26,2,0,5
32,26,2,1,11
32,27,1,0,9
32,27,2,0,6
32,27,2,1,17
32,28,1,0,9
32,28,2,0,6
32,28,2,1,17
32,29,1,0,8
32,30,1,0,8
32,31,1,0,8
32,31,1,1,9
32,32,1,0,8
32,33,1,0,8
32,34,1,0,8
32,34,1,1,9
32,35,1,0,18
32,36,1,0,18
32,37,1,0,2
32,37,2,0,6
32,38,1,0,2
32,38,2,0,6
32,38,2,1,18
32,39,1,0,1
32,39,1,1,18
32,40,1,0,1
32,40,1,1,18
32,41,1,0,8
32,41,1,1,10
32,42,1,0,8
32,42,1,1,10
32,43,1,0,4
32,43,1,1,8
32,44,1,0,4
32,44,1,1,8
32,45,1,0,4
32,45,1,1,8
32,50,1,0,9
32,50,2,0,9
32,50,2,1,17
32,51,1,0,9
32,51,2,0,9
32,51,2,1,17
32,52,1,0,1
32,52,2,0,16
32,52,3,0,17
32,52,4,0,1
32,53,1,0,1
32,53,2,0,16
32,54,1,0,3
32,55,1,0,3
32,58,1,0,2
32,59,1,0,2
32,60,1,0,3
32,61,1,0,3
32,62,1,0,3
32,62,1,1,7
32,63,1,0,11
32,64,1,0,11
32,65,1,0,11
32,66,1,0,7
32,67,1,0,7
32,68,1,0,7
32,68,2,0,7
32,72,1,0,3
32,72,1,1,8
32,73,1,0,3
32,73,1,1,8
32,77,1,0,2
32,77,2,0,11
32,78,1,0,2
32,78,2,0,11
32,78,2,1,18
32,79,1,0,3
32,79,1,1,11
32,79,2,0,11
32,80,1,0,3
32,80,1,1,11
32,80,3,0,8
32,80,3,1,11
32,81,1,0,5
32,81,1,1,17
32,82,1,0,5
32,82,1,1,17
32,83,1,0,1
32,83,1,1,10
32,83,2,0,7
32,90,1,0,3
32,91,1,0,3
32,91,1,1,6
32,92,1,0,14
32,92,1,1,8
32,93,1,0,14
32,93,1,1,8
32,94,1,0,14
32,94,1,1,8
32,94,3,0,14
32,94,3,1,8
32,95,1,0,13
32,95,1,1,9
32,98,1,0,3
32,99,1,0,3
32,99,2,0,3
32,102,1,0,4
32,102,1,1,11
32,103,1,0,4
32,103,1,1,11
32,103,2,0,4
32,103,2,1,15
32,104,1,0,9
32,105,1,0,9
32,105,2,0,2
32,105,2,1,14
32,106,1,0,7
32,107,1,0,7
32,108,1,0,1
32,109,1,0,8
32,110,1,0,8
32,110,2,0,8
32,110,2,1,18
32,111,1,0,9
32,111,1,1,13
32,112,1,0,9
32,112,1,1,13
32,113,1,0,1
32,114,1,0,4
32,115,1,0,1
32,116,1,0,3
32,117,1,0,3
32,118,1,0,3
32,119,1,0,3
32,120,1,0,3
32,121,1,0,3
32,121,1,1,11
32,122,1,0,11
32,122,1,1,18
32,122,2,0,6
32,122,2,1,11
32,123,1,0,12
32,123,1,1,10
32,124,1,0,6
32,124,1,1,11
32,125,1,0,5
32,126,1,0,2
32,127,1,0,12
32,128,1,0,1
32,129,1,0,3
32,130,1,0,3
32,130,1,1,10
32,131,1,0,3
32,131,1,1,6
32,131,2,0,3
32,131,2,1,6
32,132,1,0,1
32,133,1,0,1
32,133,3,0,1
32,134,1,0,3
32,135,1,0,5
32,136,1,0,2
32,137,1,0,1
32,138,1,0,13
32,138,1,1,3
32,139,1,0,13
32,139,1,1,3
32,140,1,0,13
32,140,1,1,3
32,141,1,0,13
32,141,1,1,3
32,142,1,0,13
32,142,1,1,10
32,143,1,0,1
32,143,2,0,1
32,144,1,0,6
32,144,1,1,10
32,144,2,0,11
32,144,2,1,10
32,145,1,0,5
32,145,1,1,10
32,145,2,0,7
32,145,2,1,10
32,146,1,0,2
32,146,1,1,10
32,146,2,0,16
32,146,2,1,10
32,147,1,0,15
32,148,1,0,15
32,149,1,0,15
32,149,1,1,10
32,150,1,0,11
32,151,1,0,11
32,163,1,0,1
32,163,1,1,10
32,164,1,0,1
32,164,1,1,10
32,169,1,0,8
32,169,1,1,10
32,170,1,0,3
32,170,1,1,5
32,171,1,0,3
32,171,1,1,5
32,172,1,0,5
32,173,1,0,18
32,174,1,0,1
32,174,1,1,18
32,175,1,0,18
32,176,1,0,18
32,176,1,1,10
32,177,1,0,11
32,177,1,1,10
32,178,1,0,11
32,178,1,1,10
32,182,1,0,4
32,183,1,0,3
32,183,1,1,18
32,184,1,0,3
32,184,1,1,18
32,185,1,0,13
32,186,1,0,3
32,194,1,0,3
32,194,1,1,9
32,195,1,0,3
32,195,1,1,9
32,196,1,0,11
32,197,1,0,16
32,199,1,0,3
32,199,1,1,11
32,199,2,0,8
32,199,2,1,11
32,202,1,0,11
32,206,1,0,1
32,208,1,0,17
32,208,1,1,9
32,211,1,0,3
32,211,1,1,8
32,212,1,0,12
32,212,1,1,17
32,213,1,0,12
32,213,1,1,13
32,214,1,0,12
32,214,1,1,7
32,215,1,0,16
32,215,1,1,6
32,220,1,0,6
32,220,1,1,9
32,221,1,0,6
32,221,1,1,9
32,222,1,0,3
32,222,1,1,13
32,222,2,0,14
32,223,1,0,3
32,224,1,0,3
32,225,1,0,6
32,225,1,1,10
32,226,1,0,3
32,226,1,1,10
32,227,1,0,17
32,227,1,1,10
32,230,1,0,3
32,230,1,1,15
32,233,1,0,1
32,236,1,0,7
32,237,1,0,7
32,238,1,0,6
32,238,1,1,11
32,239,1,0,5
32,240,1,0,2
32,241,1,0,1
32,242,1,0,1
32,243,1,0,5
32,244,1,0,2
32,245,1,0,3
32,246,1,0,13
32,246,1,1,9
32,247,1,0,13
32,247,1,1,9
32,248,1,0,13
32,248,1,1,16
32,249,1,0,11
32,249,1,1,10
32,250,1,0,2
32,250,1,1,10
32,251,1,0,11
32,251,1,1,4
32,252,1,0,4
32,253,1,0,4
32,254,1,0,4
32,255,1,0,2
32,256,1,0,2
32,256,1,1,7
32,257,1,0,2
32,257,1,1,7
32,258,1,0,3
32,259,1,0,3
32,259,1,1,9
32,260,1,0,3
32,260,1,1,9
32,263,1,0,1
32,263,2,0,16
32,263,2,1,1
32,264,1,0,1
32,264,2,0,16
32,264,2,1,1
32,270,1,0,3
32,270,1,1,4
32,271,1,0,3
32,271,1,1,4
32,272,1,0,3
32,272,1,1,4
32,273,1,0,4
32,274,1,0,4
32,274,1,1,16
32,275,1,0,4
32,275,1,1,16
32,278,1,0,3
32,278,1,1,10
32,279,1,0,3
32,279,1,1,10
32,280,1,0,11
32,280,1,1,18
32,281,1,0,11
32,281,1,1,18
32,282,1,0,11
32,282,1,1,18
32,290,1,0,12
32,290,1,1,9
32,291,1,0,12
32,291,1,1,10
32,292,1,0,12
32,292,1,1,14
32,293,1,0,1
32,294,1,0,1
32,295,1,0,1
32,298,1,0,1
32,298,1,1,18
32,302,1,0,16
32,302,1,1,14
32,303,1,0,17
32,303,1,1,18
32,304,1,0,17
32,304,1,1,13
32,305,1,0,17
32,305,1,1,13
32,306,1,0,17
32,306,1,1,13
32,309,1,0,5
32,310,1,0,5
32,315,1,0,4
32,315,1,1,8
32,318,1,0,3
32,318,1,1,16
32,319,1,0,3
32,319,1,1,16
32,320,1,0,3
32,321,1,0,3
32,324,1,0,2
32,328,1,0,9
32,329,1,0,9
32,329,1,1,15
32,330,1,0,9
32,330,1,1,15
32,333,1,0,1
32,333,1,1,10
32,334,1,0,15
32,334,1,1,10
32,337,1,0,13
32,337,1,1,11
32,338,1,0,13
32,338,1,1,11
32,339,1,0,3
32,339,1,1,9
32,340,1,0,3
32,340,1,1,9
32,341,1,0,3
32,342,1,0,3
32,342,1,1,16
32,343,1,0,9
32,343,1,1,11
32,344,1,0,9
32,344,1,1,11
32,345,1,0,13
32,345,1,1,4
32,346,1,0,13
32,346,1,1,4
32,347,1,0,13
32,347,1,1,12
32,348,1,0,13
32,348,1,1,12
32,349,1,0,3
32,350,1,0,3
32,355,1,0,14
32,356,1,0,14
32,359,1,0,16
32,360,1,0,11
32,361,1,0,6
32,362,1,0,6
32,363,1,0,6
32,363,1,1,3
32,364,1,0,6
32,364,1,1,3
32,365,1,0,6
32,365,1,1,3
32,369,1,0,3
32,369,1,1,13
32,371,1,0,15
32,372,1,0,15
32,373,1,0,15
32,373,1,1,10
32,374,1,0,17
32,374,1,1,11
32,375,1,0,17
32,375,1,1,11
32,376,1,0,17
32,376,1,1,11
32,377,1,0,13
32,378,1,0,6
32,379,1,0,17
32,380,1,0,15
32,380,1,1,11
32,381,1,0,15
32,381,1,1,11
32,382,1,0,3
32,383,1,0,9
32,384,1,0,15
32,384,1,1,10
32,385,1,0,17
32,385,1,1,11
32,403,1,0,5
32,404,1,0,5
32,405,1,0,5
32,406,1,0,4
32,406,1,1,8
32,407,1,0,4
32,407,1,1,8
32,415,1,0,12
32,415,1,1,10
32,416,1,0,12
32,416,1,1,10
32,420,1,0,4
32,421,1,0,4
32,421,2,0,4
32,422,1,0,3
32,422,2,0,3
32,423,1,0,3
32,423,1,1,9
32,423,2,0,3
32,423,2,1,9
32,425,1,0,14
32,425,1,1,10
32,426,1,0,14
32,426,1,1,10
32,427,1,0,1
32,428,1,0,1
32,434,1,0,8
32,434,1,1,16
32,435,1,0,8
32,435,1,1,16
32,436,1,0,17
32,436,1,1,11
32,437,1,0,17
32,437,1,1,11
32,438,1,0,13
32,439,1,0,11
32,439,1,1,18
32,440,1,0,1
32,442,1,0,14
32,442,1,1,16
32,443,1,0,15
32,443,1,1,9
32,444,1,0,15
32,444,1,1,9
32,445,1,0,15
32,445,1,1,9
32,446,1,0,1
32,447,1,0,7
32,448,1,0,7
32,448,1,1,17
32,449,1,0,9
32,450,1,0,9
32,451,1,0,8
32,451,1,1,12
32,452,1,0,8
32,452,1,1,16
32,453,1,0,8
32,453,1,1,7
32,454,1,0,8
32,454,1,1,7
32,458,1,0,3
32,458,1,1,10
32,459,1,0,4
32,459,1,1,6
32,460,1,0,4
32,460,1,1,6
32,461,1,0,16
32,461,1,1,6
32,462,1,0,5
32,462,1,1,17
32,463,1,0,1
32,464,1,0,9
32,464,1,1,13
32,465,1,0,4
32,466,1,0,5
32,467,1,0,2
32,468,1,0,18
32,468,1,1,10
32,470,1,0,4
32,471,1,0,6
32,473,1,0,6
32,473,1,1,9
32,474,1,0,1
32,475,1,0,11
32,475,1,1,7
32,477,1,0,14
32,478,1,0,6
32,478,1,1,14
32,479,1,0,5
32,479,1,1,14
32,479,2,0,5
32,479,2,1,2
32,479,3,0,5
32,479,3,1,3
32,479,4,0,5
32,479,4,1,6
32,479,5,0,5
32,479,5,1,10
32,479,6,0,5
32,479,6,1,4
32,480,1,0,11
32,481,1,0,11
32,482,1,0,11
32,483,1,0,17
32,483,1,1,15
32,484,1,0,3
32,484,1,1,15
32,485,1,0,2
32,485,1,1,17
32,486,1,0,1
32,487,1,0,14
32,487,1,1,15
32,487,2,0,14
32,487,2,1,15
32,488,1,0,11
32,494,1,0,11
32,494,1,1,2
32,506,1,0,1
32,507,1,0,1
32,508,1,0,1
32,509,1,0,16
32,510,1,0,16
32,517,1,0,11
32,518,1,0,11
32,519,1,0,1
32,519,1,1,10
32,520,1,0,1
32,520,1,1,10
32,521,1,0,1
32,521,1,1,10
32,524,1,0,13
32,525,1,0,13
32,526,1,0,13
32,527,1,0,11
32,527,1,1,10
32,528,1,0,11
32,528,1,1,10
32,529,1,0,9
32,530,1,0,9
32,530,1,1,17
32,531,1,0,1
32,532,1,0,7
32,533,1,0,7
32,534,1,0,7
32,535,1,0,3
32,536,1,0,3
32,536,1,1,9
32,537,1,0,3
32,537,1,1,9
32,538,1,0,7
32,539,1,0,7
32,543,1,0,12
32,543,1,1,8
32,544,1,0,12
32,544,1,1,8
32,545,1,0,12
32,545,1,1,8
32,546,1,0,4
32,546,1,1,18
32,547,1,0,4
32,547,1,1,18
32,548,1,0,4
32,549,1,0,4
32,550,1,0,3
32,550,2,0,3
32,551,1,0,9
32,551,1,1,16
32,552,1,0,9
32,552,1,1,16
32,553,1,0,9
32,553,1,1,16
32,554,1,0,2
32,554,2,0,6
32,555,1,0,2
32,555,2,0,2
32,555,2,1,11
32,555,3,0,6
32,555,4,0,6
32,555,4,1,2
32,556,1,0,4
32,557,1,0,12
32,557,1,1,13
32,558,1,0,12
32,558,1,1,13
32,559,1,0,16
32,559,1,1,7
32,560,1,0,16
32,560,1,1,7
32,561,1,0,11
32,561,1,1,10
32,562,1,0,14
32,562,2,0,9
32,562,2,1,14
32,563,1,0,14
32,564,1,0,3
32,564,1,1,13
32,565,1,0,3
32,565,1,1,13
32,566,1,0,13
32,566,1,1,10
32,567,1,0,13
32,567,1,1,10
32,568,1,0,8
32,569,1,0,8
32,569,2,0,8
32,570,1,0,16
32,571,1,0,16
32,572,1,0,1
32,573,1,0,1
32,574,1,0,11
32,575,1,0,11
32,576,1,0,11
32,577,1,0,11
32,578,1,0,11
32,579,1,0,11
32,582,1,0,6
32,583,1,0,6
32,584,1,0,6
32,587,1,0,5
32,587,1,1,10
32,588,1,0,12
32,589,1,0,12
32,589,1,1,17
32,590,1,0,4
32,590,1,1,8
32,591,1,0,4
32,591,1,1,8
32,592,1,0,3
32,592,1,1,14
32,593,1,0,3
32,593,1,1,14
32,595,1,0,12
32,595,1,1,5
32,596,1,0,12
32,596,1,1,5
32,597,1,0,4
32,597,1,1,17
32,598,1,0,4
32,598,1,1,17
32,599,1,0,17
32,600,1,0,17
32,601,1,0,17
32,605,1,0,11
32,606,1,0,11
32,607,1,0,14
32,607,1,1,2
32,608,1,0,14
32,608,1,1,2
32,609,1,0,14
32,609,1,1,2
32,610,1,0,15
32,611,1,0,15
32,612,1,0,15
32,613,1,0,6
32,614,1,0,6
32,615,1,0,6
32,616,1,0,12
32,617,1,0,12
32,618,1,0,9
32,618,1,1,5
32,618,2,0,9
32,618,2,1,17
32,619,1,0,7
32,620,1,0,7
32,621,1,0,15
32,622,1,0,9
32,622,1,1,14
32,623,1,0,9
32,623,1,1,14
32,624,1,0,16
32,624,1,1,17
32,625,1,0,16
32,625,1,1,17
32,626,1,0,1
32,627,1,0,1
32,627,1,1,10
32,628,1,0,1
32,628,1,1,10
32,629,1,0,16
32,629,1,1,10
32,630,1,0,16
32,630,1,1,10
32,631,1,0,2
32,632,1,0,12
32,632,1,1,17
32,633,1,0,16
32,633,1,1,15
32,634,1,0,16
32,634,1,1,15
32,635,1,0,16
32,635,1,1,15
32,636,1,0,12
32,636,1,1,2
32,637,1,0,12
32,637,1,1,2
32,638,1,0,17
32,638,1,1,7
32,639,1,0,13
32,639,1,1,7
32,640,1,0,4
32,640,1,1,7
32,641,1,0,10
32,641,2,0,10
32,642,1,0,5
32,642,1,1,10
32,642,2,0,5
32,642,2,1,10
32,643,1,0,15
32,643,1,1,2
32,644,1,0,15
32,644,1,1,5
32,645,1,0,9
32,645,1,1,10
32,645,2,0,9
32,645,2,1,10
32,646,1,0,15
32,646,1,1,6
32,646,2,0,15
32,646,2,1,6
32,646,3,0,15
32,646,3,1,6
32,647,1,0,3
32,647,1,1,7
32,647,2,0,3
32,647,2,1,7
32,649,1,0,12
32,649,1,1,17
32,649,2,0,12
32,649,2,1,17
32,649,3,0,12
32,649,3,1,17
32,649,4,0,12
32,649,4,1,17
32,649,5,0,12
32,649,5,1,17
32,659,1,0,1
32,660,1,0,1
32,660,1,1,9
32,661,1,0,1
32,661,1,1,10
32,662,1,0,2
32,662,1,1,10
32,663,1,0,2
32,663,1,1,10
32,674,1,0,7
32,675,1,0,7
32,675,1,1,16
32,677,1,0,11
32,678,1,0,11
32,678,2,0,11
32,679,1,0,17
32,679,1,1,14
32,680,1,0,17
32,680,1,1,14
32,681,1,0,17
32,681,1,1,14
32,681,2,0,17
32,681,2,1,14
32,682,1,0,18
32,683,1,0,18
32,684,1,0,18
32,685,1,0,18
32,686,1,0,16
32,686,1,1,11
32,687,1,0,16
32,687,1,1,11
32,688,1,0,13
32,688,1,1,3
32,689,1,0,13
32,689,1,1,3
32,690,1,0,8
32,690,1,1,3
32,691,1,0,8
32,691,1,1,15
32,692,1,0,3
32,693,1,0,3
32,694,1,0,5
32,694,1,1,1
32,695,1,0,5
32,695,1,1,1
32,696,1,0,13
32,696,1,1,15
32,697,1,0,13
32,697,1,1,15
32,698,1,0,13
32,698,1,1,6
32,699,1,0,13
32,699,1,1,6
32,700,1,0,18
32,701,1,0,7
32,701,1,1,10
32,702,1,0,5
32,702,1,1,18
32,703,1,0,13
32,703,1,1,18
32,704,1,0,15
32,705,1,0,15
32,706,1,0,15
32,707,1,0,17
32,707,1,1,18
32,708,1,0,14
32,708,1,1,4
32,709,1,0,14
32,709,1,1,4
32,710,1,0,14
32,710,1,1,4
32,710,2,0,14
32,710,2,1,4
32,710,3,0,14
32,710,3,1,4
32,710,4,0,14
32,710,4,1,4
32,711,1,0,14
32,711,1,1,4
32,711,2,0,14
32,711,2,1,4
32,711,3,0,14
32,711,3,1,4
32,711,4,0,14
32,711,4,1,4
32,712,1,0,6
32,713,1,0,6
32,714,1,0,10
32,714,1,1,15
32,715,1,0,10
32,715,1,1,15
32,716,1,0,18
32,716,2,0,18
32,717,1,0,16
32,717,1,1,10
32,718,1,0,15
32,718,1,1,9
32,718,2,0,15
32,718,2,1,9
32,718,3,0,15
32,718,3,1,9
32,719,1,0,13
32,719,1,1,18
32,721,1,0,2
32,721,1,1,3
32,722,1,0,4
32,722,1,1,10
32,723,1,0,4
32,723,1,1,10
32,724,1,0,4
32,724,1,1,14
32,725,1,0,2
32,726,1,0,2
32,727,1,0,2
32,727,1,1,16
32,728,1,0,3
32,729,1,0,3
32,730,1,0,3
32,730,1,1,18
32,736,1,0,12
32,737,1,0,12
32,737,1,1,5
32,738,1,0,12
32,738,1,1,5
32,742,1,0,12
32,742,1,1,18
32,743,1,0,12
32,743,1,1,18
32,744,1,0,13
32,745,1,0,13
32,745,2,0,13
32,745,3,0,13
32,746,1,0,3
32,746,2,0,3
32,747,1,0,8
32,747,1,1,3
32,748,1,0,8
32,748,1,1,3
32,749,1,0,9
32,750,1,0,9
32,751,1,0,3
32,751,1,1,12
32,752,1,0,3
32,752,1,1,12
32,753,1,0,4
32,754,1,0,4
32,755,1,0,4
32,755,1,1,18
32,756,1,0,4
32,756,1,1,18
32,757,1,0,8
32,757,1,1,2
32,758,1,0,8
32,758,1,1,2
32,759,1,0,1
32,759,1,1,7
32,760,1,0,1
32,760,1,1,7
32,761,1,0,4
32,762,1,0,4
32,763,1,0,4
32,764,1,0,18
32,765,1,0,1
32,765,1,1,11
32,766,1,0,7
32,767,1,0,12
32,767,1,1,3
32,768,1,0,12
32,768,1,1,3
32,769,1,0,14
32,769,1,1,9
32,770,1,0,14
32,770,1,1,9
32,771,1,0,3
32,772,1,0,1
32,773,1,0,1
32,773,2,0,2
32,773,3,0,3
32,773,4,0,4
32,773,5,0,5
32,773,6,0,6
32,773,7,0,7
32,773,8,0,8
32,773,9,0,9
32,773,10,0,10
32,773,11,0,11
32,773,12,0,12
32,773,13,0,13
32,773,14,0,14
32,773,15,0,15
32,773,16,0,16
32,773,17,0,17
32,773,18,0,18
32,776,1,0,2
32,776,1,1,15
32,777,1,0,5
32,777,1,1,17
32,778,1,0,14
32,778,1,1,18
32,778,2,0,14
32,778,2,1,18
32,780,1,0,1
32,780,1,1,15
32,781,1,0,14
32,781,1,1,4
32,782,1,0,15
32,783,1,0,15
32,783,1,1,7
32,784,1,0,15
32,784,1,1,7
32,785,1,0,5
32,785,1,1,18
32,786,1,0,11
32,786,1,1,18
32,787,1,0,4
32,787,1,1,18
32,788,1,0,3
32,788,1,1,18
32,789,1,0,11
32,790,1,0,11
32,791,1,0,11
32,791,1,1,17
32,792,1,0,11
32,792,1,1,14
32,793,1,0,13
32,793,1,1,8
32,794,1,0,12
32,794,1,1,7
32,795,1,0,12
32,795,1,1,7
32,796,1,0,5
32,797,1,0,17
32,797,1,1,10
32,798,1,0,4
32,798,1,1,17
32,799,1,0,16
32,799,1,1,15
32,800,1,0,11
32,800,2,0,11
32,800,2,1,17
32,800,3,0,11
32,800,3,1,14
32,801,1,0,17
32,801,1,1,18
32,801,2,0,17
32,801,2,1,18
32,802,1,0,7
32,802,1,1,14
32,803,1,0,8
32,804,1,0,8
32,804,1,1,15
32,805,1,0,13
32,805,1,1,17
32,806,1,0,2
32,806,1,1,14
32,807,1,0,5
32,808,1,0,17
32,809,1,0,17
32,809,2,0,17
32,810,1,0,4
32,811,1,0,4
32,812,1,0,4
32,812,2,0,4
32,813,1,0,2
32,814,1,0,2
32,815,1,0,2
32,815,2,0,2
32,816,1,0,3
32,817,1,0,3
32,818,1,0,3
32,818,2,0,3
32,819,1,0,1
32,820,1,0,1
32,821,1,0,10
32,822,1,0,10
32,823,1,0,10
32,823,1,1,17
32,823,2,0,10
32,823,2,1,17
32,824,1,0,12
32,825,1,0,12
32,825,1,1,11
32,826,1,0,12
32,826,1,1,11
32,826,2,0,12
32,826,2,1,11
32,827,1,0,16
32,828,1,0,16
32,829,1,0,4
32,830,1,0,4
32,831,1,0,1
32,832,1,0,1
32,833,1,0,3
32,834,1,0,3
32,834,1,1,13
32,834,2,0,3
32,834,2,1,13
32,835,1,0,5
32,836,1,0,5
32,837,1,0,13
32,838,1,0,13
32,838,1,1,2
32,839,1,0,13
32,839,1,1,2
32,839,2,0,13
32,839,2,1,2
32,840,1,0,4
32,840,1,1,15
32,841,1,0,4
32,841,1,1,15
32,841,2,0,4
32,841,2,1,15
32,842,1,0,4
32,842,1,1,15
32,842,2,0,4
32,842,2,1,15
32,843,1,0,9
32,844,1,0,9
32,844,2,0,9
32,845,1,0,10
32,845,1,1,3
32,845,2,0,10
32,845,2,1,3
32,845,3,0,10
32,845,3,1,3
32,846,1,0,3
32,847,1,0,3
32,848,1,0,5
32,848,1,1,8
32,849,1,0,5
32,849,1,1,8
32,849,2,0,5
32,849,2,1,8
32,849,3,0,5
32,849,3,1,8
32,850,1,0,2
32,850,1,1,12
32,851,1,0,2
32,851,1,1,12
32,851,2,0,2
32,851,2,1,12
32,852,1,0,7
32,853,1,0,7
32,854,1,0,14
32,854,2,0,14
32,855,1,0,14
32,855,2,0,14
32,856,1,0,11
32,857,1,0,11
32,858,1,0,11
32,858,1,1,18
32,858,2,0,11
32,858,2,1,18
32,859,1,0,16
32,859,1,1,18
32,860,1,0,16
32,860,1,1,18
32,861,1,0,16
32,861,1,1,18
32,861,2,0,16
32,861,2,1,18
32,862,1,0,16
32,862,1,1,1
32,863,1,0,17
32,864,1,0,14
32,865,1,0,7
32,866,1,0,6
32,866,1,1,11
32,867,1,0,9
32,867,1,1,14
32,868,1,0,18
32,869,1,0,18
32,869,2,0,18
32,869,3,0,18
32,869,4,0,18
32,869,5,0,18
32,869,6,0,18
32,869,7,0,18
32,869,8,0,18
32,869,9,0,18
32,869,10,0,18
32,870,1,0,7
32,871,1,0,5
32,872,1,0,6
32,872,1,1,12
32,873,1,0,6
32,873,1,1,12
32,874,1,0,13
32,875,1,0,6
32,875,2,0,6
32,876,1,0,11
32,876,1,1,1
32,876,2,0,11
32,876,2,1,1
32,877,1,0,5
32,877,1,1,16
32,877,2,0,5
32,877,2,1,16
32,878,1,0,17
32,879,1,0,17
32,879,2,0,17
32,880,1,0,5
32,880,1,1,15
32,881,1,0,5
32,881,1,1,6
32,882,1,0,3
32,882,1,1,15
32,883,1,0,3
32,883,1,1,6
32,884,1,0,17
32,884,1,1,15
32,884,2,0,17
32,884,2,1,15
32,885,1,0,15
32,885,1,1,14
32,886,1,0,15
32,886,1,1,14
32,887,1,0,15
32,887,1,1,14
32,888,1,0,18
32,888,2,0,18
32,888,2,1,17
32,889,1,0,7
32,889,2,0,7
32,889,2,1,17
32,890,1,0,8
32,890,1,1,15
32,890,2,0,8
32,890,2,1,15
32,891,1,0,7
32,892,1,0,7
32,892,1,1,16
32,892,2,0,7
32,892,2,1,3
32,892,3,0,7
32,892,3,1,16
32,892,4,0,7
32,892,4,1,3
32,893,1,0,16
32,893,1,1,4
32,893,2,0,16
32,893,2,1,4
32,894,1,0,5
32,895,1,0,15
32,896,1,0,6
32,897,1,0,14
32,898,1,0,11
32,898,1,1,4
32,898,2,0,11
32,898,2,1,6
32,898,3,0,11
32,898,3,1,14
33,1,1,1,4
33,1,1,2,8
33,2,1,1,4
33,2,1,2,8
33,3,1,1,4
33,3,1,2,8
33,4,1,1,2
33,5,1,1,2
33,6,1,1,2
33,6,1,2,10
33,7,1,1,3
33,8,1,1,3
33,9,1,1,3
33,10,1,1,12
33,11,1,1,12
33,12,1,1,12
33,12,1,2,10
33,13,1,1,12
33,13,1,2,8
33,14,1,1,12
33,14,1,2,8
33,15,1,1,12
33,15,1,2,8
33,16,1,1,1
33,16,1,2,10
33,17,1,1,1
33,17,1,2,10
33,18,1,1,1
33,18,1,2,10
33,19,1,1,1
33,20,1,1,1
33,21,1,1,1
33,21,1,2,10
33,22,1,1,1
33,22,1,2,10
33,23,1,1,8
33,24,1,1,8
33,25,1,1,5
33,26,1,1,5
33,27,1,1,9
33,28,1,1,9
33,29,1,1,8
33,30,1,1,8
33,31,1,1,8
33,31,1,2,9
33,32,1,1,8
33,33,1,1,8
33,34,1,1,8
33,34,1,2,9
33,35,1,1,18
33,36,1,1,18
33,37,1,1,2
33,38,1,1,2
33,39,1,1,1
33,39,1,2,18
33,40,1,1,1
33,40,1,2,18
33,41,1,1,8
33,41,1,2,10
33,42,1,1,8
33,42,1,2,10
33,43,1,1,4
33,43,1,2,8
33,44,1,1,4
33,44,1,2,8
33,45,1,1,4
33,45,1,2,8
33,46,1,1,12
33,46,1,2,4
33,47,1,1,12
33,47,1,2,4
33,48,1,1,12
33,48,1,2,8
33,49,1,1,12
33,49,1,2,8
33,50,1,1,9
33,51,1,1,9
33,52,1,1,1
33,53,1,1,1
33,54,1,1,3
33,55,1,1,3
33,56,1,1,7
33,57,1,1,7
33,58,1,1,2
33,59,1,1,2
33,60,1,1,3
33,61,1,1,3
33,62,1,1,3
33,62,1,2,7
33,63,1,1,11
33,64,1,1,11
33,65,1,1,11
33,66,1,1,7
33,67,1,1,7
33,68,1,1,7
33,69,1,1,4
33,69,1,2,8
33,70,1,1,4
33,70,1,2,8
33,71,1,1,4
33,71,1,2,8
33,72,1,1,3
33,72,1,2,8
33,73,1,1,3
33,73,1,2,8
33,74,1,1,13
33,74,1,2,9
33,75,1,1,13
33,75,1,2,9
33,76,1,1,13
33,76,1,2,9
33,77,1,1,2
33,78,1,1,2
33,79,1,1,3
33,79,1,2,11
33,80,1,1,3
33,80,1,2,11
33,81,1,1,5
33,81,1,2,17
33,82,1,1,5
33,82,1,2,17
33,83,1,1,1
33,83,1,2,10
33,84,1,1,1
33,84,1,2,10
33,85,1,1,1
33,85,1,2,10
33,86,1,1,3
33,87,1,1,3
33,87,1,2,6
33,88,1,1,8
33,89,1,1,8
33,90,1,1,3
33,91,1,1,3
33,91,1,2,6
33,92,1,1,14
33,92,1,2,8
33,93,1,1,14
33,93,1,2,8
33,94,1,1,14
33,94,1,2,8
33,95,1,1,13
33,95,1,2,9
33,96,1,1,11
33,97,1,1,11
33,98,1,1,3
33,99,1,1,3
33,100,1,1,5
33,101,1,1,5
33,102,1,1,4
33,102,1,2,11
33,103,1,1,4
33,103,1,2,11
33,104,1,1,9
33,105,1,1,9
33,106,1,1,7
33,107,1,1,7
33,108,1,1,1
33,109,1,1,8
33,110,1,1,8
33,111,1,1,9
33,111,1,2,13
33,112,1,1,9
33,112,1,2,13
33,113,1,1,1
33,114,1,1,4
33,115,1,1,1
33,116,1,1,3
33,117,1,1,3
33,118,1,1,3
33,119,1,1,3
33,120,1,1,3
33,121,1,1,3
33,121,1,2,11
33,122,1,1,11
33,122,1,2,18
33,123,1,1,12
33,123,1,2,10
33,124,1,1,6
33,124,1,2,11
33,125,1,1,5
33,126,1,1,2
33,127,1,1,12
33,128,1,1,1
33,129,1,1,3
33,130,1,1,3
33,130,1,2,10
33,131,1,1,3
33,131,1,2,6
33,132,1,1,1
33,133,1,1,1
33,134,1,1,3
33,135,1,1,5
33,136,1,1,2
33,137,1,1,1
33,138,1,1,13
33,138,1,2,3
33,139,1,1,13
33,139,1,2,3
33,140,1,1,13
33,140,1,2,3
33,141,1,1,13
33,141,1,2,3
33,142,1,1,13
33,142,1,2,10
33,143,1,1,1
33,144,1,1,6
33,144,1,2,10
33,145,1,1,5
33,145,1,2,10
33,146,1,1,2
33,146,1,2,10
33,147,1,1,15
33,148,1,1,15
33,149,1,1,15
33,149,1,2,10
33,150,1,1,11
33,151,1,1,11
33,152,1,1,4
33,153,1,1,4
33,154,1,1,4
33,155,1,1,2
33,156,1,1,2
33,157,1,1,2
33,158,1,1,3
33,159,1,1,3
33,160,1,1,3
33,161,1,1,1
33,162,1,1,1
33,163,1,1,1
33,163,1,2,10
33,164,1,1,1
33,164,1,2,10
33,165,1,1,12
33,165,1,2,10
33,166,1,1,12
33,166,1,2,10
33,167,1,1,12
33,167,1,2,8
33,168,1,1,12
33,168,1,2,8
33,169,1,1,8
33,169,1,2,10
33,170,1,1,3
33,170,1,2,5
33,171,1,1,3
33,171,1,2,5
33,172,1,1,5
33,173,1,1,18
33,174,1,1,1
33,174,1,2,18
33,175,1,1,18
33,176,1,1,18
33,176,1,2,10
33,177,1,1,11
33,177,1,2,10
33,178,1,1,11
33,178,1,2,10
33,179,1,1,5
33,180,1,1,5
33,181,1,1,5
33,182,1,1,4
33,183,1,1,3
33,183,1,2,18
33,184,1,1,3
33,184,1,2,18
33,185,1,1,13
33,186,1,1,3
33,187,1,1,4
33,187,1,2,10
33,188,1,1,4
33,188,1,2,10
33,189,1,1,4
33,189,1,2,10
33,190,1,1,1
33,191,1,1,4
33,192,1,1,4
33,193,1,1,12
33,193,1,2,10
33,194,1,1,3
33,194,1,2,9
33,195,1,1,3
33,195,1,2,9
33,196,1,1,11
33,197,1,1,16
33,198,1,1,16
33,198,1,2,10
33,199,1,1,3
33,199,1,2,11
33,200,1,1,14
33,201,1,1,11
33,201,2,1,11
33,201,3,1,11
33,201,4,1,11
33,201,5,1,11
33,201,6,1,11
33,201,7,1,11
33,201,8,1,11
33,201,9,1,11
33,201,10,1,11
33,201,11,1,11
33,201,12,1,11
33,201,13,1,11
33,201,14,1,11
33,201,15,1,11
33,201,16,1,11
33,201,17,1,11
33,201,18,1,11
33,201,19,1,11
33,201,20,1,11
33,201,21,1,11
33,201,22,1,11
33,201,23,1,11
33,201,24,1,11
33,201,25,1,11
33,201,26,1,11
33,201,27,1,11
33,201,28,1,11
33,202,1,1,11
33,203,1,1,1
33,203,1,2,11
33,204,1,1,12
33,205,1,1,12
33,205,1,2,17
33,206,1,1,1
33,207,1,1,9
33,207,1,2,10
33,208,1,1,17
33,208,1,2,9
33,209,1,1,18
33,210,1,1,18
33,211,1,1,3
33,211,1,2,8
33,212,1,1,12
33,212,1,2,17
33,213,1,1,12
33,213,1,2,13
33,214,1,1,12
33,214,1,2,7
33,215,1,1,16
33,215,1,2,6
33,216,1,1,1
33,217,1,1,1
33,218,1,1,2
33,219,1,1,2
33,219,1,2,13
33,220,1,1,6
33,220,1,2,9
33,221,1,1,6
33,221,1,2,9
33,222,1,1,3
33,222,1,2,13
33,223,1,1,3
33,224,1,1,3
33,225,1,1,6
33,225,1,2,10
33,226,1,1,3
33,226,1,2,10
33,227,1,1,17
33,227,1,2,10
33,228,1,1,16
33,228,1,2,2
33,229,1,1,16
33,229,1,2,2
33,230,1,1,3
33,230,1,2,15
33,231,1,1,9
33,232,1,1,9
33,233,1,1,1
33,234,1,1,1
33,235,1,1,1
33,236,1,1,7
33,237,1,1,7
33,238,1,1,6
33,238,1,2,11
33,239,1,1,5
33,240,1,1,2
33,241,1,1,1
33,242,1,1,1
33,243,1,1,5
33,244,1,1,2
33,245,1,1,3
33,246,1,1,13
33,246,1,2,9
33,247,1,1,13
33,247,1,2,9
33,248,1,1,13
33,248,1,2,16
33,249,1,1,11
33,249,1,2,10
33,250,1,1,2
33,250,1,2,10
33,251,1,1,11
33,251,1,2,4
33,252,1,1,4
33,253,1,1,4
33,254,1,1,4
33,255,1,1,2
33,256,1,1,2
33,256,1,2,7
33,257,1,1,2
33,257,1,2,7
33,258,1,1,3
33,259,1,1,3
33,259,1,2,9
33,260,1,1,3
33,260,1,2,9
33,261,1,1,16
33,262,1,1,16
33,263,1,1,1
33,264,1,1,1
33,265,1,1,12
33,266,1,1,12
33,267,1,1,12
33,267,1,2,10
33,268,1,1,12
33,269,1,1,12
33,269,1,2,8
33,270,1,1,3
33,270,1,2,4
33,271,1,1,3
33,271,1,2,4
33,272,1,1,3
33,272,1,2,4
33,273,1,1,4
33,274,1,1,4
33,274,1,2,16
33,275,1,1,4
33,275,1,2,16
33,276,1,1,1
33,276,1,2,10
33,277,1,1,1
33,277,1,2,10
33,278,1,1,3
33,278,1,2,10
33,279,1,1,3
33,279,1,2,10
33,280,1,1,11
33,280,1,2,18
33,281,1,1,11
33,281,1,2,18
33,282,1,1,11
33,282,1,2,18
33,283,1,1,12
33,283,1,2,3
33,284,1,1,12
33,284,1,2,10
33,285,1,1,4
33,286,1,1,4
33,286,1,2,7
33,287,1,1,1
33,288,1,1,1
33,289,1,1,1
33,290,1,1,12
33,290,1,2,9
33,291,1,1,12
33,291,1,2,10
33,292,1,1,12
33,292,1,2,14
33,293,1,1,1
33,294,1,1,1
33,295,1,1,1
33,296,1,1,7
33,297,1,1,7
33,298,1,1,1
33,298,1,2,18
33,299,1,1,13
33,300,1,1,1
33,301,1,1,1
33,302,1,1,16
33,302,1,2,14
33,303,1,1,17
33,303,1,2,18
33,304,1,1,17
33,304,1,2,13
33,305,1,1,17
33,305,1,2,13
33,306,1,1,17
33,306,1,2,13
33,307,1,1,7
33,307,1,2,11
33,308,1,1,7
33,308,1,2,11
33,309,1,1,5
33,310,1,1,5
33,311,1,1,5
33,312,1,1,5
33,313,1,1,12
33,314,1,1,12
33,315,1,1,4
33,315,1,2,8
33,316,1,1,8
33,317,1,1,8
33,318,1,1,3
33,318,1,2,16
33,319,1,1,3
33,319,1,2,16
33,320,1,1,3
33,321,1,1,3
33,322,1,1,2
33,322,1,2,9
33,323,1,1,2
33,323,1,2,9
33,324,1,1,2
33,325,1,1,11
33,326,1,1,11
33,327,1,1,1
33,328,1,1,9
33,329,1,1,9
33,329,1,2,15
33,330,1,1,9
33,330,1,2,15
33,331,1,1,4
33,332,1,1,4
33,332,1,2,16
33,333,1,1,1
33,333,1,2,10
33,334,1,1,15
33,334,1,2,10
33,335,1,1,1
33,336,1,1,8
33,337,1,1,13
33,337,1,2,11
33,338,1,1,13
33,338,1,2,11
33,339,1,1,3
33,339,1,2,9
33,340,1,1,3
33,340,1,2,9
33,341,1,1,3
33,342,1,1,3
33,342,1,2,16
33,343,1,1,9
33,343,1,2,11
33,344,1,1,9
33,344,1,2,11
33,345,1,1,13
33,345,1,2,4
33,346,1,1,13
33,346,1,2,4
33,347,1,1,13
33,347,1,2,12
33,348,1,1,13
33,348,1,2,12
33,349,1,1,3
33,350,1,1,3
33,351,1,1,1
33,351,2,1,2
33,351,3,1,3
33,351,4,1,6
33,352,1,1,1
33,353,1,1,14
33,354,1,1,14
33,355,1,1,14
33,356,1,1,14
33,357,1,1,4
33,357,1,2,10
33,358,1,1,11
33,359,1,1,16
33,360,1,1,11
33,361,1,1,6
33,362,1,1,6
33,363,1,1,6
33,363,1,2,3
33,364,1,1,6
33,364,1,2,3
33,365,1,1,6
33,365,1,2,3
33,366,1,1,3
33,367,1,1,3
33,368,1,1,3
33,369,1,1,3
33,369,1,2,13
33,370,1,1,3
33,371,1,1,15
33,372,1,1,15
33,373,1,1,15
33,373,1,2,10
33,374,1,1,17
33,374,1,2,11
33,375,1,1,17
33,375,1,2,11
33,376,1,1,17
33,376,1,2,11
33,377,1,1,13
33,378,1,1,6
33,379,1,1,17
33,380,1,1,15
33,380,1,2,11
33,381,1,1,15
33,381,1,2,11
33,382,1,1,3
33,383,1,1,9
33,384,1,1,15
33,384,1,2,10
33,385,1,1,17
33,385,1,2,11
33,386,1,1,11
33,386,2,1,11
33,386,3,1,11
33,386,4,1,11
33,387,1,1,4
33,388,1,1,4
33,389,1,1,4
33,389,1,2,9
33,390,1,1,2
33,391,1,1,2
33,391,1,2,7
33,392,1,1,2
33,392,1,2,7
33,393,1,1,3
33,394,1,1,3
33,395,1,1,3
33,395,1,2,17
33,396,1,1,1
33,396,1,2,10
33,397,1,1,1
33,397,1,2,10
33,398,1,1,1
33,398,1,2,10
33,399,1,1,1
33,400,1,1,1
33,400,1,2,3
33,401,1,1,12
33,402,1,1,12
33,403,1,1,5
33,404,1,1,5
33,405,1,1,5
33,406,1,1,4
33,406,1,2,8
33,407,1,1,4
33,407,1,2,8
33,408,1,1,13
33,409,1,1,13
33,410,1,1,13
33,410,1,2,17
33,411,1,1,13
33,411,1,2,17
33,412,1,1,12
33,412,2,1,12
33,412,3,1,12
33,413,1,1,12
33,413,1,2,4
33,413,2,1,12
33,413,2,2,9
33,413,3,1,12
33,413,3,2,17
33,414,1,1,12
33,414,1,2,10
33,415,1,1,12
33,415,1,2,10
33,416,1,1,12
33,416,1,2,10
33,417,1,1,5
33,418,1,1,3
33,419,1,1,3
33,420,1,1,4
33,421,1,1,4
33,421,2,1,4
33,422,1,1,3
33,422,2,1,3
33,423,1,1,3
33,423,1,2,9
33,423,2,1,3
33,423,2,2,9
33,424,1,1,1
33,425,1,1,14
33,425,1,2,10
33,426,1,1,14
33,426,1,2,10
33,427,1,1,1
33,428,1,1,1
33,429,1,1,14
33,430,1,1,16
33,430,1,2,10
33,431,1,1,1
33,432,1,1,1
33,433,1,1,11
33,434,1,1,8
33,434,1,2,16
33,435,1,1,8
33,435,1,2,16
33,436,1,1,17
33,436,1,2,11
33,437,1,1,17
33,437,1,2,11
33,438,1,1,13
33,439,1,1,11
33,439,1,2,18
33,440,1,1,1
33,441,1,1,1
33,441,1,2,10
33,442,1,1,14
33,442,1,2,16
33,443,1,1,15
33,443,1,2,9
33,444,1,1,15
33,444,1,2,9
33,445,1,1,15
33,445,1,2,9
33,446,1,1,1
33,447,1,1,7
33,448,1,1,7
33,448,1,2,17
33,449,1,1,9
33,450,1,1,9
33,451,1,1,8
33,451,1,2,12
33,452,1,1,8
33,452,1,2,16
33,453,1,1,8
33,453,1,2,7
33,454,1,1,8
33,454,1,2,7
33,455,1,1,4
33,456,1,1,3
33,457,1,1,3
33,458,1,1,3
33,458,1,2,10
33,459,1,1,4
33,459,1,2,6
33,460,1,1,4
33,460,1,2,6
33,461,1,1,16
33,461,1,2,6
33,462,1,1,5
33,462,1,2,17
33,463,1,1,1
33,464,1,1,9
33,464,1,2,13
33,465,1,1,4
33,466,1,1,5
33,467,1,1,2
33,468,1,1,18
33,468,1,2,10
33,469,1,1,12
33,469,1,2,10
33,470,1,1,4
33,471,1,1,6
33,472,1,1,9
33,472,1,2,10
33,473,1,1,6
33,473,1,2,9
33,474,1,1,1
33,475,1,1,11
33,475,1,2,7
33,476,1,1,13
33,476,1,2,17
33,477,1,1,14
33,478,1,1,6
33,478,1,2,14
33,479,1,1,5
33,479,1,2,14
33,479,2,1,5
33,479,2,2,2
33,479,3,1,5
33,479,3,2,3
33,479,4,1,5
33,479,4,2,6
33,479,5,1,5
33,479,5,2,10
33,479,6,1,5
33,479,6,2,4
33,480,1,1,11
33,481,1,1,11
33,482,1,1,11
33,483,1,1,17
33,483,1,2,15
33,484,1,1,3
33,484,1,2,15
33,485,1,1,2
33,485,1,2,17
33,486,1,1,1
33,487,1,1,14
33,487,1,2,15
33,487,2,1,14
33,487,2,2,15
33,488,1,1,11
33,489,1,1,3
33,490,1,1,3
33,491,1,1,16
33,492,1,1,4
33,492,2,1,4
33,492,2,2,10
33,493,1,1,1
33,493,2,1,2
33,493,3,1,3
33,493,4,1,4
33,493,5,1,5
33,493,6,1,6
33,493,7,1,7
33,493,8,1,8
33,493,9,1,9
33,493,10,1,10
33,493,11,1,11
33,493,12,1,12
33,493,13,1,13
33,493,14,1,14
33,493,15,1,15
33,493,16,1,16
33,493,17,1,17
33,493,18,1,18
34,1,1,1,4
34,1,1,2,8
34,2,1,1,4
34,2,1,2,8
34,3,1,1,4
34,3,1,2,8
34,4,1,1,2
34,5,1,1,2
34,6,1,1,2
34,6,1,2,10
34,7,1,1,3
34,8,1,1,3
34,9,1,1,3
34,10,1,1,12
34,11,1,1,12
34,12,1,1,12
34,12,1,2,10
34,13,1,1,12
34,13,1,2,8
34,14,1,1,12
34,14,1,2,8
34,15,1,1,12
34,15,1,2,8
34,16,1,1,1
34,16,1,2,10
34,17,1,1,1
34,17,1,2,10
34,18,1,1,1
34,18,1,2,10
34,19,1,1,1
34,20,1,1,1
34,21,1,1,1
34,21,1,2,10
34,22,1,1,1
34,22,1,2,10
34,23,1,1,8
34,24,1,1,8
34,25,1,1,5
34,26,1,1,5
34,27,1,1,9
34,28,1,1,9
34,29,1,1,8
34,30,1,1,8
34,31,1,1,8
34,31,1,2,9
34,32,1,1,8
34,33,1,1,8
34,34,1,1,8
34,34,1,2,9
34,35,1,1,18
34,36,1,1,18
34,37,1,1,2
34,38,1,1,2
34,39,1,1,1
34,39,1,2,18
34,40,1,1,1
34,40,1,2,18
34,41,1,1,8
34,41,1,2,10
34,42,1,1,8
34,42,1,2,10
34,43,1,1,4
34,43,1,2,8
34,44,1,1,4
34,44,1,2,8
34,45,1,1,4
34,45,1,2,8
34,46,1,1,12
34,46,1,2,4
34,47,1,1,12
34,47,1,2,4
34,48,1,1,12
34,48,1,2,8
34,49,1,1,12
34,49,1,2,8
34,50,1,1,9
34,51,1,1,9
34,52,1,1,1
34,53,1,1,1
34,54,1,1,3
34,55,1,1,3
34,56,1,1,7
34,57,1,1,7
34,58,1,1,2
34,59,1,1,2
34,60,1,1,3
34,61,1,1,3
34,62,1,1,3
34,62,1,2,7
34,63,1,1,11
34,64,1,1,11
34,65,1,1,11
34,66,1,1,7
34,67,1,1,7
34,68,1,1,7
34,69,1,1,4
34,69,1,2,8
34,70,1,1,4
34,70,1,2,8
34,71,1,1,4
34,71,1,2,8
34,72,1,1,3
34,72,1,2,8
34,73,1,1,3
34,73,1,2,8
34,74,1,1,13
34,74,1,2,9
34,75,1,1,13
34,75,1,2,9
34,76,1,1,13
34,76,1,2,9
34,77,1,1,2
34,78,1,1,2
34,79,1,1,3
34,79,1,2,11
34,80,1,1,3
34,80,1,2,11
34,81,1,1,5
34,81,1,2,17
34,82,1,1,5
34,82,1,2,17
34,83,1,1,1
34,83,1,2,10
34,84,1,1,1
34,84,1,2,10
34,85,1,1,1
34,85,1,2,10
34,86,1,1,3
34,87,1,1,3
34,87,1,2,6
34,88,1,1,8
34,89,1,1,8
34,90,1,1,3
34,91,1,1,3
34,91,1,2,6
34,92,1,1,14
34,92,1,2,8
34,93,1,1,14
34,93,1,2,8
34,94,1,1,14
34,94,1,2,8
34,95,1,1,13
34,95,1,2,9
34,96,1,1,11
34,97,1,1,11
34,98,1,1,3
34,99,1,1,3
34,100,1,1,5
34,101,1,1,5
34,102,1,1,4
34,102,1,2,11
34,103,1,1,4
34,103,1,2,11
34,104,1,1,9
34,105,1,1,9
34,106,1,1,7
34,107,1,1,7
34,108,1,1,1
34,109,1,1,8
34,110,1,1,8
34,111,1,1,9
34,111,1,2,13
34,112,1,1,9
34,112,1,2,13
34,113,1,1,1
34,114,1,1,4
34,115,1,1,1
34,116,1,1,3
34,117,1,1,3
34,118,1,1,3
34,119,1,1,3
34,120,1,1,3
34,121,1,1,3
34,121,1,2,11
34,122,1,1,11
34,122,1,2,18
34,123,1,1,12
34,123,1,2,10
34,124,1,1,6
34,124,1,2,11
34,125,1,1,5
34,126,1,1,2
34,127,1,1,12
34,128,1,1,1
34,129,1,1,3
34,130,1,1,3
34,130,1,2,10
34,131,1,1,3
34,131,1,2,6
34,132,1,1,1
34,133,1,1,1
34,134,1,1,3
34,135,1,1,5
34,136,1,1,2
34,137,1,1,1
34,138,1,1,13
34,138,1,2,3
34,139,1,1,13
34,139,1,2,3
34,140,1,1,13
34,140,1,2,3
34,141,1,1,13
34,141,1,2,3
34,142,1,1,13
34,142,1,2,10
34,143,1,1,1
34,144,1,1,6
34,144,1,2,10
34,145,1,1,5
34,145,1,2,10
34,146,1,1,2
34,146,1,2,10
34,147,1,1,15
34,148,1,1,15
34,149,1,1,15
34,149,1,2,10
34,150,1,1,11
34,151,1,1,11
34,152,1,1,4
34,153,1,1,4
34,154,1,1,4
34,155,1,1,2
34,156,1,1,2
34,157,1,1,2
34,158,1,1,3
34,159,1,1,3
34,160,1,1,3
34,161,1,1,1
34,162,1,1,1
34,163,1,1,1
34,163,1,2,10
34,164,1,1,1
34,164,1,2,10
34,165,1,1,12
34,165,1,2,10
34,166,1,1,12
34,166,1,2,10
34,167,1,1,12
34,167,1,2,8
34,168,1,1,12
34,168,1,2,8
34,169,1,1,8
34,169,1,2,10
34,170,1,1,3
34,170,1,2,5
34,171,1,1,3
34,171,1,2,5
34,172,1,1,5
34,173,1,1,18
34,174,1,1,1
34,174,1,2,18
34,175,1,1,18
34,176,1,1,18
34,176,1,2,10
34,177,1,1,11
34,177,1,2,10
34,178,1,1,11
34,178,1,2,10
34,179,1,1,5
34,180,1,1,5
34,181,1,1,5
34,182,1,1,4
34,183,1,1,3
34,183,1,2,18
34,184,1,1,3
34,184,1,2,18
34,185,1,1,13
34,186,1,1,3
34,187,1,1,4
34,187,1,2,10
34,188,1,1,4
34,188,1,2,10
34,189,1,1,4
34,189,1,2,10
34,190,1,1,1
34,191,1,1,4
34,192,1,1,4
34,193,1,1,12
34,193,1,2,10
34,194,1,1,3
34,194,1,2,9
34,195,1,1,3
34,195,1,2,9
34,196,1,1,11
34,197,1,1,16
34,198,1,1,16
34,198,1,2,10
34,199,1,1,3
34,199,1,2,11
34,200,1,1,14
34,201,1,1,11
34,201,2,1,11
34,201,3,1,11
34,201,4,1,11
34,201,5,1,11
34,201,6,1,11
34,201,7,1,11
34,201,8,1,11
34,201,9,1,11
34,201,10,1,11
34,201,11,1,11
34,201,12,1,11
34,201,13,1,11
34,201,14,1,11
34,201,15,1,11
34,201,16,1,11
34,201,17,1,11
34,201,18,1,11
34,201,19,1,11
34,201,20,1,11
34,201,21,1,11
34,201,22,1,11
34,201,23,1,11
34,201,24,1,11
34,201,25,1,11
34,201,26,1,11
34,201,27,1,11
34,201,28,1,11
34,202,1,1,11
34,203,1,1,1
34,203,1,2,11
34,204,1,1,12
34,205,1,1,12
34,205,1,2,17
34,206,1,1,1
34,207,1,1,9
34,207,1,2,10
34,208,1,1,17
34,208,1,2,9
34,209,1,1,18
34,210,1,1,18
34,211,1,1,3
34,211,1,2,8
34,212,1,1,12
34,212,1,2,17
34,213,1,1,12
34,213,1,2,13
34,214,1,1,12
34,214,1,2,7
34,215,1,1,16
34,215,1,2,6
34,216,1,1,1
34,217,1,1,1
34,218,1,1,2
34,219,1,1,2
34,219,1,2,13
34,220,1,1,6
34,220,1,2,9
34,221,1,1,6
34,221,1,2,9
34,222,1,1,3
34,222,1,2,13
34,223,1,1,3
34,224,1,1,3
34,225,1,1,6
34,225,1,2,10
34,226,1,1,3
34,226,1,2,10
34,227,1,1,17
34,227,1,2,10
34,228,1,1,16
34,228,1,2,2
34,229,1,1,16
34,229,1,2,2
34,230,1,1,3
34,230,1,2,15
34,231,1,1,9
34,232,1,1,9
34,233,1,1,1
34,234,1,1,1
34,235,1,1,1
34,236,1,1,7
34,237,1,1,7
34,238,1,1,6
34,238,1,2,11
34,239,1,1,5
34,240,1,1,2
34,241,1,1,1
34,242,1,1,1
34,243,1,1,5
34,244,1,1,2
34,245,1,1,3
34,246,1,1,13
34,246,1,2,9
34,247,1,1,13
34,247,1,2,9
34,248,1,1,13
34,248,1,2,16
34,249,1,1,11
34,249,1,2,10
34,250,1,1,2
34,250,1,2,10
34,251,1,1,11
34,251,1,2,4
34,252,1,1,4
34,253,1,1,4
34,254,1,1,4
34,255,1,1,2
34,256,1,1,2
34,256,1,2,7
34,257,1,1,2
34,257,1,2,7
34,258,1,1,3
34,259,1,1,3
34,259,1,2,9
34,260,1,1,3
34,260,1,2,9
34,261,1,1,16
34,262,1,1,16
34,263,1,1,1
34,264,1,1,1
34,265,1,1,12
34,266,1,1,12
34,267,1,1,12
34,267,1,2,10
34,268,1,1,12
34,269,1,1,12
34,269,1,2,8
34,270,1,1,3
34,270,1,2,4
34,271,1,1,3
34,271,1,2,4
34,272,1,1,3
34,272,1,2,4
34,273,1,1,4
34,274,1,1,4
34,274,1,2,16
34,275,1,1,4
34,275,1,2,16
34,276,1,1,1
34,276,1,2,10
34,277,1,1,1
34,277,1,2,10
34,278,1,1,3
34,278,1,2,10
34,279,1,1,3
34,279,1,2,10
34,280,1,1,11
34,280,1,2,18
34,281,1,1,11
34,281,1,2,18
34,282,1,1,11
34,282,1,2,18
34,283,1,1,12
34,283,1,2,3
34,284,1,1,12
34,284,1,2,10
34,285,1,1,4
34,286,1,1,4
34,286,1,2,7
34,287,1,1,1
34,288,1,1,1
34,289,1,1,1
34,290,1,1,12
34,290,1,2,9
34,291,1,1,12
34,291,1,2,10
34,292,1,1,12
34,292,1,2,14
34,293,1,1,1
34,294,1,1,1
34,295,1,1,1
34,296,1,1,7
34,297,1,1,7
34,298,1,1,1
34,298,1,2,18
34,299,1,1,13
34,300,1,1,1
34,301,1,1,1
34,302,1,1,16
34,302,1,2,14
34,303,1,1,17
34,303,1,2,18
34,304,1,1,17
34,304,1,2,13
34,305,1,1,17
34,305,1,2,13
34,306,1,1,17
34,306,1,2,13
34,307,1,1,7
34,307,1,2,11
34,308,1,1,7
34,308,1,2,11
34,309,1,1,5
34,310,1,1,5
34,311,1,1,5
34,312,1,1,5
34,313,1,1,12
34,314,1,1,12
34,315,1,1,4
34,315,1,2,8
34,316,1,1,8
34,317,1,1,8
34,318,1,1,3
34,318,1,2,16
34,319,1,1,3
34,319,1,2,16
34,320,1,1,3
34,321,1,1,3
34,322,1,1,2
34,322,1,2,9
34,323,1,1,2
34,323,1,2,9
34,324,1,1,2
34,325,1,1,11
34,326,1,1,11
34,327,1,1,1
34,328,1,1,9
34,329,1,1,9
34,329,1,2,15
34,330,1,1,9
34,330,1,2,15
34,331,1,1,4
34,332,1,1,4
34,332,1,2,16
34,333,1,1,1
34,333,1,2,10
34,334,1,1,15
34,334,1,2,10
34,335,1,1,1
34,336,1,1,8
34,337,1,1,13
34,337,1,2,11
34,338,1,1,13
34,338,1,2,11
34,339,1,1,3
34,339,1,2,9
34,340,1,1,3
34,340,1,2,9
34,341,1,1,3
34,342,1,1,3
34,342,1,2,16
34,343,1,1,9
34,343,1,2,11
34,344,1,1,9
34,344,1,2,11
34,345,1,1,13
34,345,1,2,4
34,346,1,1,13
34,346,1,2,4
34,347,1,1,13
34,347,1,2,12
34,348,1,1,13
34,348,1,2,12
34,349,1,1,3
34,350,1,1,3
34,351,1,1,1
34,351,2,1,2
34,351,3,1,3
34,351,4,1,6
34,352,1,1,1
34,353,1,1,14
34,354,1,1,14
34,355,1,1,14
34,356,1,1,14
34,357,1,1,4
34,357,1,2,10
34,358,1,1,11
34,359,1,1,16
34,360,1,1,11
34,361,1,1,6
34,362,1,1,6
34,363,1,1,6
34,363,1,2,3
34,364,1,1,6
34,364,1,2,3
34,365,1,1,6
34,365,1,2,3
34,366,1,1,3
34,367,1,1,3
34,368,1,1,3
34,369,1,1,3
34,369,1,2,13
34,370,1,1,3
34,371,1,1,15
34,372,1,1,15
34,373,1,1,15
34,373,1,2,10
34,374,1,1,17
34,374,1,2,11
34,375,1,1,17
34,375,1,2,11
34,376,1,1,17
34,376,1,2,11
34,377,1,1,13
34,378,1,1,6
34,379,1,1,17
34,380,1,1,15
34,380,1,2,11
34,381,1,1,15
34,381,1,2,11
34,382,1,1,3
34,383,1,1,9
34,384,1,1,15
34,384,1,2,10
34,385,1,1,17
34,385,1,2,11
34,386,1,1,11
34,386,2,1,11
34,386,3,1,11
34,386,4,1,11
34,387,1,1,4
34,388,1,1,4
34,389,1,1,4
34,389,1,2,9
34,390,1,1,2
34,391,1,1,2
34,391,1,2,7
34,392,1,1,2
34,392,1,2,7
34,393,1,1,3
34,394,1,1,3
34,395,1,1,3
34,395,1,2,17
34,396,1,1,1
34,396,1,2,10
34,397,1,1,1
34,397,1,2,10
34,398,1,1,1
34,398,1,2,10
34,399,1,1,1
34,400,1,1,1
34,400,1,2,3
34,401,1,1,12
34,402,1,1,12
34,403,1,1,5
34,404,1,1,5
34,405,1,1,5
34,406,1,1,4
34,406,1,2,8
34,407,1,1,4
34,407,1,2,8
34,408,1,1,13
34,409,1,1,13
34,410,1,1,13
34,410,1,2,17
34,411,1,1,13
34,411,1,2,17
34,412,1,1,12
34,412,2,1,12
34,412,3,1,12
34,413,1,1,12
34,413,1,2,4
34,413,2,1,12
34,413,2,2,9
34,413,3,1,12
34,413,3,2,17
34,414,1,1,12
34,414,1,2,10
34,415,1,1,12
34,415,1,2,10
34,416,1,1,12
34,416,1,2,10
34,417,1,1,5
34,418,1,1,3
34,419,1,1,3
34,420,1,1,4
34,421,1,1,4
34,421,2,1,4
34,422,1,1,3
34,422,2,1,3
34,423,1,1,3
34,423,1,2,9
34,423,2,1,3
34,423,2,2,9
34,424,1,1,1
34,425,1,1,14
34,425,1,2,10
34,426,1,1,14
34,426,1,2,10
34,427,1,1,1
34,428,1,1,1
34,429,1,1,14
34,430,1,1,16
34,430,1,2,10
34,431,1,1,1
34,432,1,1,1
34,433,1,1,11
34,434,1,1,8
34,434,1,2,16
34,435,1,1,8
34,435,1,2,16
34,436,1,1,17
34,436,1,2,11
34,437,1,1,17
34,437,1,2,11
34,438,1,1,13
34,439,1,1,11
34,439,1,2,18
34,440,1,1,1
34,441,1,1,1
34,441,1,2,10
34,442,1,1,14
34,442,1,2,16
34,443,1,1,15
34,443,1,2,9
34,444,1,1,15
34,444,1,2,9
34,445,1,1,15
34,445,1,2,9
34,446,1,1,1
34,447,1,1,7
34,448,1,1,7
34,448,1,2,17
34,449,1,1,9
34,450,1,1,9
34,451,1,1,8
34,451,1,2,12
34,452,1,1,8
34,452,1,2,16
34,453,1,1,8
34,453,1,2,7
34,454,1,1,8
34,454,1,2,7
34,455,1,1,4
34,456,1,1,3
34,457,1,1,3
34,458,1,1,3
34,458,1,2,10
34,459,1,1,4
34,459,1,2,6
34,460,1,1,4
34,460,1,2,6
34,461,1,1,16
34,461,1,2,6
34,462,1,1,5
34,462,1,2,17
34,463,1,1,1
34,464,1,1,9
34,464,1,2,13
34,465,1,1,4
34,466,1,1,5
34,467,1,1,2
34,468,1,1,18
34,468,1,2,10
34,469,1,1,12
34,469,1,2,10
34,470,1,1,4
34,471,1,1,6
34,472,1,1,9
34,472,1,2,10
34,473,1,1,6
34,473,1,2,9
34,474,1,1,1
34,475,1,1,11
34,475,1,2,7
34,476,1,1,13
34,476,1,2,17
34,477,1,1,14
34,478,1,1,6
34,478,1,2,14
34,479,1,1,5
34,479,1,2,14
34,479,2,1,5
34,479,2,2,2
34,479,3,1,5
34,479,3,2,3
34,479,4,1,5
34,479,4,2,6
34,479,5,1,5
34,479,5,2,10
34,479,6,1,5
34,479,6,2,4
34,480,1,1,11
34,481,1,1,11
34,482,1,1,11
34,483,1,1,17
34,483,1,2,15
34,484,1,1,3
34,484,1,2,15
34,485,1,1,2
34,485,1,2,17
34,486,1,1,1
34,487,1,1,14
34,487,1,2,15
34,487,2,1,14
34,487,2,2,15
34,488,1,1,11
34,489,1,1,3
34,490,1,1,3
34,491,1,1,16
34,492,1,1,4
34,492,2,1,4
34,492,2,2,10
34,493,1,1,1
34,493,2,1,2
34,493,3,1,3
34,493,4,1,4
34,493,5,1,5
34,493,6,1,6
34,493,7,1,7
34,493,8,1,8
34,493,9,1,9
34,493,10,1,10
34,493,11,1,11
34,493,12,1,12
34,493,13,1,13
34,493,14,1,14
34,493,15,1,15
34,493,16,1,16
34,493,17,1,17
34,493,18,1,18
35,25,1,1,5
35,26,1,1,5
35,35,1,1,18
35,36,1,1,18
35,37,1,1,2
35,37,2,1,6
35,38,1,1,2
35,38,2,1,6
35,38,2,2,18
35,41,1,1,8
35,41,1,2,10
35,42,1,1,8
35,42,1,2,10
35,46,1,1,12
35,46,1,2,4
35,47,1,1,12
35,47,1,2,4
35,54,1,1,3
35,55,1,1,3
35,58,2,1,2
35,58,2,2,13
35,59,2,1,2
35,59,2,2,13
35,63,1,1,11
35,64,1,1,11
35,65,1,1,11
35,66,1,1,7
35,67,1,1,7
35,68,1,1,7
35,72,1,1,3
35,72,1,2,8
35,73,1,1,3
35,73,1,2,8
35,74,1,1,13
35,74,1,2,9
35,75,1,1,13
35,75,1,2,9
35,76,1,1,13
35,76,1,2,9
35,77,1,1,2
35,78,1,1,2
35,81,1,1,5
35,81,1,2,17
35,82,1,1,5
35,82,1,2,17
35,92,1,1,14
35,92,1,2,8
35,93,1,1,14
35,93,1,2,8
35,94,1,1,14
35,94,1,2,8
35,95,1,1,13
35,95,1,2,9
35,100,2,1,5
35,100,2,2,4
35,101,2,1,5
35,101,2,2,4
35,108,1,1,1
35,111,1,1,9
35,111,1,2,13
35,112,1,1,9
35,112,1,2,13
35,113,1,1,1
35,114,1,1,4
35,122,1,1,11
35,122,1,2,18
35,123,1,1,12
35,123,1,2,10
35,125,1,1,5
35,126,1,1,2
35,129,1,1,3
35,130,1,1,3
35,130,1,2,10
35,133,1,1,1
35,134,1,1,3
35,135,1,1,5
35,136,1,1,2
35,137,1,1,1
35,143,1,1,1
35,155,1,1,2
35,156,1,1,2
35,157,2,1,2
35,157,2,2,14
35,169,1,1,8
35,169,1,2,10
35,172,1,1,5
35,173,1,1,18
35,175,1,1,18
35,176,1,1,18
35,176,1,2,10
35,185,1,1,13
35,190,1,1,1
35,193,1,1,12
35,193,1,2,10
35,196,1,1,11
35,197,1,1,16
35,198,1,1,16
35,198,1,2,10
35,200,1,1,14
35,201,1,1,11
35,201,2,1,11
35,201,3,1,11
35,201,4,1,11
35,201,5,1,11
35,201,6,1,11
35,201,7,1,11
35,201,8,1,11
35,201,9,1,11
35,201,10,1,11
35,201,11,1,11
35,201,12,1,11
35,201,13,1,11
35,201,14,1,11
35,201,15,1,11
35,201,16,1,11
35,201,17,1,11
35,201,18,1,11
35,201,19,1,11
35,201,20,1,11
35,201,21,1,11
35,201,22,1,11
35,201,23,1,11
35,201,24,1,11
35,201,25,1,11
35,201,26,1,11
35,201,27,1,11
35,201,28,1,11
35,207,1,1,9
35,207,1,2,10
35,208,1,1,17
35,208,1,2,9
35,211,2,1,16
35,211,2,2,8
35,212,1,1,12
35,212,1,2,17
35,214,1,1,12
35,214,1,2,7
35,215,1,1,16
35,215,1,2,6
35,215,2,1,7
35,215,2,2,8
35,216,1,1,1
35,217,1,1,1
35,220,1,1,6
35,220,1,2,9
35,221,1,1,6
35,221,1,2,9
35,223,1,1,3
35,224,1,1,3
35,226,1,1,3
35,226,1,2,10
35,233,1,1,1
35,234,1,1,1
35,239,1,1,5
35,240,1,1,2
35,242,1,1,1
35,265,1,1,12
35,266,1,1,12
35,267,1,1,12
35,267,1,2,10
35,268,1,1,12
35,269,1,1,12
35,269,1,2,8
35,280,1,1,11
35,280,1,2,18
35,281,1,1,11
35,281,1,2,18
35,282,1,1,11
35,282,1,2,18
35,299,1,1,13
35,315,1,1,4
35,315,1,2,8
35,339,1,1,3
35,339,1,2,9
35,340,1,1,3
35,340,1,2,9
35,355,1,1,14
35,356,1,1,14
35,358,1,1,11
35,361,1,1,6
35,362,1,1,6
35,363,1,1,6
35,363,1,2,3
35,364,1,1,6
35,364,1,2,3
35,365,1,1,6
35,365,1,2,3
35,387,1,1,4
35,388,1,1,4
35,389,1,1,4
35,389,1,2,9
35,390,1,1,2
35,391,1,1,2
35,391,1,2,7
35,392,1,1,2
35,392,1,2,7
35,393,1,1,3
35,394,1,1,3
35,395,1,1,3
35,395,1,2,17
35,396,1,1,1
35,396,1,2,10
35,397,1,1,1
35,397,1,2,10
35,398,1,1,1
35,398,1,2,10
35,399,1,1,1
35,400,1,1,1
35,400,1,2,3
35,401,1,1,12
35,402,1,1,12
35,403,1,1,5
35,404,1,1,5
35,405,1,1,5
35,406,1,1,4
35,406,1,2,8
35,407,1,1,4
35,407,1,2,8
35,408,1,1,13
35,409,1,1,13
35,410,1,1,13
35,410,1,2,17
35,411,1,1,13
35,411,1,2,17
35,412,1,1,12
35,412,2,1,12
35,412,3,1,12
35,413,1,1,12
35,413,1,2,4
35,413,2,1,12
35,413,2,2,9
35,413,3,1,12
35,413,3,2,17
35,414,1,1,12
35,414,1,2,10
35,415,1,1,12
35,415,1,2,10
35,416,1,1,12
35,416,1,2,10
35,417,1,1,5
35,418,1,1,3
35,419,1,1,3
35,420,1,1,4
35,421,1,1,4
35,421,2,1,4
35,422,1,1,3
35,422,2,1,3
35,423,1,1,3
35,423,1,2,9
35,423,2,1,3
35,423,2,2,9
35,424,1,1,1
35,425,1,1,14
35,425,1,2,10
35,426,1,1,14
35,426,1,2,10
35,427,1,1,1
35,428,1,1,1
35,429,1,1,14
35,430,1,1,16
35,430,1,2,10
35,431,1,1,1
35,432,1,1,1
35,433,1,1,11
35,434,1,1,8
35,434,1,2,16
35,435,1,1,8
35,435,1,2,16
35,436,1,1,17
35,436,1,2,11
35,437,1,1,17
35,437,1,2,11
35,438,1,1,13
35,439,1,1,11
35,439,1,2,18
35,440,1,1,1
35,441,1,1,1
35,441,1,2,10
35,442,1,1,14
35,442,1,2,16
35,443,1,1,15
35,443,1,2,9
35,444,1,1,15
35,444,1,2,9
35,445,1,1,15
35,445,1,2,9
35,446,1,1,1
35,447,1,1,7
35,448,1,1,7
35,448,1,2,17
35,449,1,1,9
35,450,1,1,9
35,451,1,1,8
35,451,1,2,12
35,452,1,1,8
35,452,1,2,16
35,453,1,1,8
35,453,1,2,7
35,454,1,1,8
35,454,1,2,7
35,455,1,1,4
35,456,1,1,3
35,457,1,1,3
35,458,1,1,3
35,458,1,2,10
35,459,1,1,4
35,459,1,2,6
35,460,1,1,4
35,460,1,2,6
35,461,1,1,16
35,461,1,2,6
35,462,1,1,5
35,462,1,2,17
35,463,1,1,1
35,464,1,1,9
35,464,1,2,13
35,465,1,1,4
35,466,1,1,5
35,467,1,1,2
35,468,1,1,18
35,468,1,2,10
35,469,1,1,12
35,469,1,2,10
35,470,1,1,4
35,471,1,1,6
35,472,1,1,9
35,472,1,2,10
35,473,1,1,6
35,473,1,2,9
35,474,1,1,1
35,475,1,1,11
35,475,1,2,7
35,476,1,1,13
35,476,1,2,17
35,477,1,1,14
35,478,1,1,6
35,478,1,2,14
35,479,1,1,5
35,479,1,2,14
35,479,2,1,5
35,479,2,2,2
35,479,3,1,5
35,479,3,2,3
35,479,4,1,5
35,479,4,2,6
35,479,5,1,5
35,479,5,2,10
35,479,6,1,5
35,479,6,2,4
35,480,1,1,11
35,481,1,1,11
35,482,1,1,11
35,483,1,1,17
35,483,1,2,15
35,483,2,1,17
35,483,2,2,15
35,484,1,1,3
35,484,1,2,15
35,484,2,1,3
35,484,2,2,15
35,485,1,1,2
35,485,1,2,17
35,486,1,1,1
35,487,1,1,14
35,487,1,2,15
35,487,2,1,14
35,487,2,2,15
35,488,1,1,11
35,489,1,1,3
35,490,1,1,3
35,491,1,1,16
35,492,2,1,4
35,492,2,2,10
35,493,1,1,1
35,493,2,1,2
35,493,3,1,3
35,493,4,1,4
35,493,5,1,5
35,493,6,1,6
35,493,7,1,7
35,493,8,1,8
35,493,9,1,9
35,493,10,1,10
35,493,11,1,11
35,493,12,1,12
35,493,13,1,13
35,493,14,1,14
35,493,15,1,15
35,493,16,1,16
35,493,17,1,17
35,493,18,1,18
35,501,1,1,3
35,502,1,1,3
35,503,2,1,3
35,503,2,2,16
35,548,1,1,4
35,549,2,1,4
35,549,2,2,7
35,550,3,1,3
35,570,2,1,1
35,570,2,2,14
35,571,2,1,1
35,571,2,2,14
35,627,1,1,1
35,627,1,2,10
35,628,2,1,11
35,628,2,2,10
35,641,1,1,10
35,641,2,1,10
35,642,1,1,5
35,642,1,2,10
35,642,2,1,5
35,642,2,2,10
35,645,1,1,9
35,645,1,2,10
35,645,2,1,9
35,645,2,2,10
35,700,1,1,18
35,704,1,1,15
35,705,2,1,17
35,705,2,2,15
35,706,2,1,17
35,706,2,2,15
35,712,1,1,6
35,713,2,1,6
35,713,2,2,13
35,722,1,1,4
35,722,1,2,10
35,723,1,1,4
35,723,1,2,10
35,724,2,1,4
35,724,2,2,7
35,899,1,1,1
35,899,1,2,11
35,900,1,1,12
35,900,1,2,13
35,901,1,1,9
35,901,1,2,1
35,902,1,1,3
35,902,1,2,14
35,902,2,1,3
35,902,2,2,14
35,903,1,1,7
35,903,1,2,8
35,904,1,1,16
35,904,1,2,8
35,905,1,1,18
35,905,1,2,10
35,905,2,1,18
35,905,2,2,10
36,1,1,1,4
36,1,1,2,8
36,2,1,1,4
36,2,1,2,8
36,3,1,1,4
36,3,1,2,8
36,4,1,1,2
36,5,1,1,2
36,6,1,1,2
36,6,1,2,10
36,7,1,1,3
36,8,1,1,3
36,9,1,1,3
36,23,1,1,8
36,24,1,1,8
36,25,1,1,5
36,25,8,1,5
36,25,9,1,5
36,25,10,1,5
36,25,11,1,5
36,25,12,1,5
36,25,13,1,5
36,25,14,1,5
36,25,17,1,5
36,26,1,1,5
36,26,2,1,5
36,26,2,2,11
36,27,1,1,9
36,27,2,1,6
36,27,2,2,17
36,28,1,1,9
36,28,2,1,6
36,28,2,2,17
36,35,1,1,18
36,36,1,1,18
36,37,1,1,2
36,37,2,1,6
36,38,1,1,2
36,38,2,1,6
36,38,2,2,18
36,39,1,1,1
36,39,1,2,18
36,40,1,1,1
36,40,1,2,18
36,43,1,1,4
36,43,1,2,8
36,44,1,1,4
36,44,1,2,8
36,45,1,1,4
36,45,1,2,8
36,48,1,1,12
36,48,1,2,8
36,49,1,1,12
36,49,1,2,8
36,50,1,1,9
36,50,2,1,9
36,50,2,2,17
36,51,1,1,9
36,51,2,1,9
36,51,2,2,17
36,52,1,1,1
36,52,2,1,16
36,52,3,1,17
36,53,1,1,1
36,53,2,1,16
36,54,1,1,3
36,55,1,1,3
36,56,1,1,7
36,57,1,1,7
36,58,1,1,2
36,58,2,1,2
36,58,2,2,13
36,59,1,1,2
36,59,2,1,2
36,59,2,2,13
36,60,1,1,3
36,61,1,1,3
36,62,1,1,3
36,62,1,2,7
36,69,1,1,4
36,69,1,2,8
36,70,1,1,4
36,70,1,2,8
36,71,1,1,4
36,71,1,2,8
36,72,1,1,3
36,72,1,2,8
36,73,1,1,3
36,73,1,2,8
36,74,1,1,13
36,74,1,2,9
36,74,2,1,13
36,74,2,2,5
36,75,1,1,13
36,75,1,2,9
36,75,2,1,13
36,75,2,2,5
36,76,1,1,13
36,76,1,2,9
36,76,2,1,13
36,76,2,2,5
36,79,1,1,3
36,79,1,2,11
36,79,2,1,11
36,80,1,1,3
36,80,1,2,11
36,80,3,1,8
36,80,3,2,11
36,81,1,1,5
36,81,1,2,17
36,82,1,1,5
36,82,1,2,17
36,84,1,1,1
36,84,1,2,10
36,85,1,1,1
36,85,1,2,10
36,86,1,1,3
36,87,1,1,3
36,87,1,2,6
36,88,1,1,8
36,88,2,1,8
36,88,2,2,16
36,89,1,1,8
36,89,2,1,8
36,89,2,2,16
36,90,1,1,3
36,91,1,1,3
36,91,1,2,6
36,92,1,1,14
36,92,1,2,8
36,93,1,1,14
36,93,1,2,8
36,94,1,1,14
36,94,1,2,8
36,96,1,1,11
36,97,1,1,11
36,100,1,1,5
36,100,2,1,5
36,100,2,2,4
36,101,1,1,5
36,101,2,1,5
36,101,2,2,4
36,102,1,1,4
36,102,1,2,11
36,103,1,1,4
36,103,1,2,11
36,103,2,1,4
36,103,2,2,15
36,106,1,1,7
36,107,1,1,7
36,109,1,1,8
36,110,1,1,8
36,110,2,1,8
36,110,2,2,18
36,111,1,1,9
36,111,1,2,13
36,112,1,1,9
36,112,1,2,13
36,113,1,1,1
36,116,1,1,3
36,117,1,1,3
36,123,1,1,12
36,123,1,2,10
36,125,1,1,5
36,126,1,1,2
36,128,1,1,1
36,128,2,1,7
36,128,3,1,7
36,128,3,2,2
36,128,4,1,7
36,128,4,2,3
36,129,1,1,3
36,130,1,1,3
36,130,1,2,10
36,131,1,1,3
36,131,1,2,6
36,132,1,1,1
36,133,1,1,1
36,134,1,1,3
36,135,1,1,5
36,136,1,1,2
36,137,1,1,1
36,143,1,1,1
36,144,1,1,6
36,144,1,2,10
36,144,2,1,11
36,144,2,2,10
36,145,1,1,5
36,145,1,2,10
36,145,2,1,7
36,145,2,2,10
36,146,1,1,2
36,146,1,2,10
36,146,2,1,16
36,146,2,2,10
36,147,1,1,15
36,148,1,1,15
36,149,1,1,15
36,149,1,2,10
36,150,1,1,11
36,151,1,1,11
36,152,1,1,4
36,153,1,1,4
36,154,1,1,4
36,155,1,1,2
36,156,1,1,2
36,157,1,1,2
36,157,2,1,2
36,157,2,2,14
36,158,1,1,3
36,159,1,1,3
36,160,1,1,3
36,161,1,1,1
36,162,1,1,1
36,163,1,1,1
36,163,1,2,10
36,164,1,1,1
36,164,1,2,10
36,167,1,1,12
36,167,1,2,8
36,168,1,1,12
36,168,1,2,8
36,170,1,1,3
36,170,1,2,5
36,171,1,1,3
36,171,1,2,5
36,172,1,1,5
36,173,1,1,18
36,174,1,1,1
36,174,1,2,18
36,179,1,1,5
36,180,1,1,5
36,181,1,1,5
36,182,1,1,4
36,183,1,1,3
36,183,1,2,18
36,184,1,1,3
36,184,1,2,18
36,185,1,1,13
36,186,1,1,3
36,187,1,1,4
36,187,1,2,10
36,188,1,1,4
36,188,1,2,10
36,189,1,1,4
36,189,1,2,10
36,190,1,1,1
36,191,1,1,4
36,192,1,1,4
36,193,1,1,12
36,193,1,2,10
36,194,1,1,3
36,194,1,2,9
36,194,2,1,8
36,194,2,2,9
36,195,1,1,3
36,195,1,2,9
36,196,1,1,11
36,197,1,1,16
36,198,1,1,16
36,198,1,2,10
36,199,1,1,3
36,199,1,2,11
36,199,2,1,8
36,199,2,2,11
36,200,1,1,14
36,203,1,1,1
36,203,1,2,11
36,204,1,1,12
36,205,1,1,12
36,205,1,2,17
36,206,1,1,1
36,207,1,1,9
36,207,1,2,10
36,209,1,1,18
36,210,1,1,18
36,211,1,1,3
36,211,1,2,8
36,211,2,1,16
36,211,2,2,8
36,212,1,1,12
36,212,1,2,17
36,214,1,1,12
36,214,1,2,7
36,215,1,1,16
36,215,1,2,6
36,215,2,1,7
36,215,2,2,8
36,216,1,1,1
36,217,1,1,1
36,218,1,1,2
36,219,1,1,2
36,219,1,2,13
36,220,1,1,6
36,220,1,2,9
36,221,1,1,6
36,221,1,2,9
36,225,1,1,6
36,225,1,2,10
36,227,1,1,17
36,227,1,2,10
36,228,1,1,16
36,228,1,2,2
36,229,1,1,16
36,229,1,2,2
36,230,1,1,3
36,230,1,2,15
36,231,1,1,9
36,232,1,1,9
36,233,1,1,1
36,234,1,1,1
36,235,1,1,1
36,236,1,1,7
36,237,1,1,7
36,239,1,1,5
36,240,1,1,2
36,242,1,1,1
36,243,1,1,5
36,244,1,1,2
36,245,1,1,3
36,246,1,1,13
36,246,1,2,9
36,247,1,1,13
36,247,1,2,9
36,248,1,1,13
36,248,1,2,16
36,249,1,1,11
36,249,1,2,10
36,250,1,1,2
36,250,1,2,10
36,252,1,1,4
36,253,1,1,4
36,254,1,1,4
36,255,1,1,2
36,256,1,1,2
36,256,1,2,7
36,257,1,1,2
36,257,1,2,7
36,258,1,1,3
36,259,1,1,3
36,259,1,2,9
36,260,1,1,3
36,260,1,2,9
36,261,1,1,16
36,262,1,1,16
36,270,1,1,3
36,270,1,2,4
36,271,1,1,3
36,271,1,2,4
36,272,1,1,3
36,272,1,2,4
36,273,1,1,4
36,274,1,1,4
36,274,1,2,16
36,275,1,1,4
36,275,1,2,16
36,278,1,1,3
36,278,1,2,10
36,279,1,1,3
36,279,1,2,10
36,280,1,1,11
36,280,1,2,18
36,281,1,1,11
36,281,1,2,18
36,282,1,1,11
36,282,1,2,18
36,283,1,1,12
36,283,1,2,3
36,284,1,1,12
36,284,1,2,10
36,285,1,1,4
36,286,1,1,4
36,286,1,2,7
36,287,1,1,1
36,288,1,1,1
36,289,1,1,1
36,296,1,1,7
36,297,1,1,7
36,298,1,1,1
36,298,1,2,18
36,299,1,1,13
36,302,1,1,16
36,302,1,2,14
36,307,1,1,7
36,307,1,2,11
36,308,1,1,7
36,308,1,2,11
36,311,1,1,5
36,312,1,1,5
36,313,1,1,12
36,314,1,1,12
36,316,1,1,8
36,317,1,1,8
36,322,1,1,2
36,322,1,2,9
36,323,1,1,2
36,323,1,2,9
36,324,1,1,2
36,325,1,1,11
36,326,1,1,11
36,328,1,1,9
36,329,1,1,9
36,329,1,2,15
36,330,1,1,9
36,330,1,2,15
36,331,1,1,4
36,332,1,1,4
36,332,1,2,16
36,333,1,1,1
36,333,1,2,10
36,334,1,1,15
36,334,1,2,10
36,335,1,1,1
36,336,1,1,8
36,339,1,1,3
36,339,1,2,9
36,340,1,1,3
36,340,1,2,9
36,341,1,1,3
36,342,1,1,3
36,342,1,2,16
36,349,1,1,3
36,350,1,1,3
36,353,1,1,14
36,354,1,1,14
36,355,1,1,14
36,356,1,1,14
36,357,1,1,4
36,357,1,2,10
36,358,1,1,11
36,361,1,1,6
36,362,1,1,6
36,370,1,1,3
36,371,1,1,15
36,372,1,1,15
36,373,1,1,15
36,373,1,2,10
36,374,1,1,17
36,374,1,2,11
36,375,1,1,17
36,375,1,2,11
36,376,1,1,17
36,376,1,2,11
36,377,1,1,13
36,378,1,1,6
36,379,1,1,17
36,380,1,1,15
36,380,1,2,11
36,381,1,1,15
36,381,1,2,11
36,382,1,1,3
36,383,1,1,9
36,384,1,1,15
36,384,1,2,10
36,385,1,1,17
36,385,1,2,11
36,386,1,1,11
36,386,2,1,11
36,386,3,1,11
36,386,4,1,11
36,387,1,1,4
36,388,1,1,4
36,389,1,1,4
36,389,1,2,9
36,390,1,1,2
36,391,1,1,2
36,391,1,2,7
36,392,1,1,2
36,392,1,2,7
36,393,1,1,3
36,394,1,1,3
36,395,1,1,3
36,395,1,2,17
36,396,1,1,1
36,396,1,2,10
36,397,1,1,1
36,397,1,2,10
36,398,1,1,1
36,398,1,2,10
36,401,1,1,12
36,402,1,1,12
36,403,1,1,5
36,404,1,1,5
36,405,1,1,5
36,408,1,1,13
36,409,1,1,13
36,410,1,1,13
36,410,1,2,17
36,411,1,1,13
36,411,1,2,17
36,415,1,1,12
36,415,1,2,10
36,416,1,1,12
36,416,1,2,10
36,417,1,1,5
36,418,1,1,3
36,419,1,1,3
36,422,1,1,3
36,422,2,1,3
36,423,1,1,3
36,423,1,2,9
36,423,2,1,3
36,423,2,2,9
36,424,1,1,1
36,425,1,1,14
36,425,1,2,10
36,426,1,1,14
36,426,1,2,10
36,429,1,1,14
36,430,1,1,16
36,430,1,2,10
36,433,1,1,11
36,434,1,1,8
36,434,1,2,16
36,435,1,1,8
36,435,1,2,16
36,436,1,1,17
36,436,1,2,11
36,437,1,1,17
36,437,1,2,11
36,438,1,1,13
36,440,1,1,1
36,442,1,1,14
36,442,1,2,16
36,443,1,1,15
36,443,1,2,9
36,444,1,1,15
36,444,1,2,9
36,445,1,1,15
36,445,1,2,9
36,446,1,1,1
36,447,1,1,7
36,448,1,1,7
36,448,1,2,17
36,449,1,1,9
36,450,1,1,9
36,453,1,1,8
36,453,1,2,7
36,454,1,1,8
36,454,1,2,7
36,456,1,1,3
36,457,1,1,3
36,459,1,1,4
36,459,1,2,6
36,460,1,1,4
36,460,1,2,6
36,461,1,1,16
36,461,1,2,6
36,462,1,1,5
36,462,1,2,17
36,464,1,1,9
36,464,1,2,13
36,466,1,1,5
36,467,1,1,2
36,469,1,1,12
36,469,1,2,10
36,470,1,1,4
36,471,1,1,6
36,472,1,1,9
36,472,1,2,10
36,473,1,1,6
36,473,1,2,9
36,474,1,1,1
36,475,1,1,11
36,475,1,2,7
36,476,1,1,13
36,476,1,2,17
36,477,1,1,14
36,478,1,1,6
36,478,1,2,14
36,479,1,1,5
36,479,1,2,14
36,479,2,1,5
36,479,2,2,2
36,479,3,1,5
36,479,3,2,3
36,479,4,1,5
36,479,4,2,6
36,479,5,1,5
36,479,5,2,10
36,479,6,1,5
36,479,6,2,4
36,480,1,1,11
36,481,1,1,11
36,482,1,1,11
36,483,1,1,17
36,483,1,2,15
36,483,2,1,17
36,483,2,2,15
36,484,1,1,3
36,484,1,2,15
36,484,2,1,3
36,484,2,2,15
36,485,1,1,2
36,485,1,2,17
36,486,1,1,1
36,487,1,1,14
36,487,1,2,15
36,487,2,1,14
36,487,2,2,15
36,488,1,1,11
36,489,1,1,3
36,490,1,1,3
36,491,1,1,16
36,492,1,1,4
36,492,2,1,4
36,492,2,2,10
36,493,1,1,1
36,493,2,1,2
36,493,3,1,3
36,493,4,1,4
36,493,5,1,5
36,493,6,1,6
36,493,7,1,7
36,493,8,1,8
36,493,9,1,9
36,493,10,1,10
36,493,11,1,11
36,493,12,1,12
36,493,13,1,13
36,493,14,1,14
36,493,15,1,15
36,493,16,1,16
36,493,17,1,17
36,493,18,1,18
36,495,1,1,4
36,496,1,1,4
36,497,1,1,4
36,498,1,1,2
36,499,1,1,2
36,499,1,2,7
36,500,1,1,2
36,500,1,2,7
36,501,1,1,3
36,502,1,1,3
36,503,1,1,3
36,503,2,1,3
36,503,2,2,16
36,522,1,1,5
36,523,1,1,5
36,529,1,1,9
36,530,1,1,9
36,530,1,2,17
36,532,1,1,7
36,533,1,1,7
36,534,1,1,7
36,540,1,1,12
36,540,1,2,4
36,541,1,1,12
36,541,1,2,4
36,542,1,1,12
36,542,1,2,4
36,546,1,1,4
36,546,1,2,18
36,547,1,1,4
36,547,1,2,18
36,548,1,1,4
36,549,1,1,4
36,549,2,1,4
36,549,2,2,7
36,550,1,1,3
36,550,2,1,3
36,550,3,1,3
36,551,1,1,9
36,551,1,2,16
36,552,1,1,9
36,552,1,2,16
36,553,1,1,9
36,553,1,2,16
36,559,1,1,16
36,559,1,2,7
36,560,1,1,16
36,560,1,2,7
36,570,1,1,16
36,570,2,1,1
36,570,2,2,14
36,571,1,1,16
36,571,2,1,1
36,571,2,2,14
36,572,1,1,1
36,573,1,1,1
36,574,1,1,11
36,575,1,1,11
36,576,1,1,11
36,577,1,1,11
36,578,1,1,11
36,579,1,1,11
36,580,1,1,3
36,580,1,2,10
36,581,1,1,3
36,581,1,2,10
36,585,1,1,1
36,585,1,2,4
36,585,2,1,1
36,585,2,2,4
36,585,3,1,1
36,585,3,2,4
36,585,4,1,1
36,585,4,2,4
36,586,1,1,1
36,586,1,2,4
36,586,2,1,1
36,586,2,2,4
36,586,3,1,1
36,586,3,2,4
36,586,4,1,1
36,586,4,2,4
36,590,1,1,4
36,590,1,2,8
36,591,1,1,4
36,591,1,2,8
36,594,1,1,3
36,595,1,1,12
36,595,1,2,5
36,596,1,1,12
36,596,1,2,5
36,602,1,1,5
36,603,1,1,5
36,604,1,1,5
36,607,1,1,14
36,607,1,2,2
36,608,1,1,14
36,608,1,2,2
36,609,1,1,14
36,609,1,2,2
36,610,1,1,15
36,611,1,1,15
36,612,1,1,15
36,613,1,1,6
36,614,1,1,6
36,615,1,1,6
36,619,1,1,7
36,620,1,1,7
36,622,1,1,9
36,622,1,2,14
36,623,1,1,9
36,623,1,2,14
36,624,1,1,16
36,624,1,2,17
36,625,1,1,16
36,625,1,2,17
36,627,1,1,1
36,627,1,2,10
36,628,1,1,1
36,628,1,2,10
36,628,2,1,11
36,628,2,2,10
36,629,1,1,16
36,629,1,2,10
36,630,1,1,16
36,630,1,2,10
36,633,1,1,16
36,633,1,2,15
36,634,1,1,16
36,634,1,2,15
36,635,1,1,16
36,635,1,2,15
36,636,1,1,12
36,636,1,2,2
36,637,1,1,12
36,637,1,2,2
36,638,1,1,17
36,638,1,2,7
36,639,1,1,13
36,639,1,2,7
36,640,1,1,4
36,640,1,2,7
36,641,1,1,10
36,641,2,1,10
36,642,1,1,5
36,642,1,2,10
36,642,2,1,5
36,642,2,2,10
36,643,1,1,15
36,643,1,2,2
36,644,1,1,15
36,644,1,2,5
36,645,1,1,9
36,645,1,2,10
36,645,2,1,9
36,645,2,2,10
36,646,1,1,15
36,646,1,2,6
36,646,2,1,15
36,646,2,2,6
36,646,3,1,15
36,646,3,2,6
36,647,1,1,3
36,647,1,2,7
36,647,2,1,3
36,647,2,2,7
36,648,1,1,1
36,648,1,2,11
36,648,2,1,1
36,648,2,2,7
36,650,1,1,4
36,651,1,1,4
36,652,1,1,4
36,652,1,2,7
36,653,1,1,2
36,654,1,1,2
36,655,1,1,2
36,655,1,2,11
36,656,1,1,3
36,657,1,1,3
36,658,1,1,3
36,658,1,2,16
36,661,1,1,1
36,661,1,2,10
36,662,1,1,2
36,662,1,2,10
36,663,1,1,2
36,663,1,2,10
36,664,1,1,12
36,665,1,1,12
36,666,1,1,12
36,666,1,2,10
36,666,2,1,12
36,666,2,2,10
36,666,3,1,12
36,666,3,2,10
36,666,4,1,12
36,666,4,2,10
36,666,5,1,12
36,666,5,2,10
36,666,6,1,12
36,666,6,2,10
36,666,7,1,12
36,666,7,2,10
36,666,8,1,12
36,666,8,2,10
36,666,9,1,12
36,666,9,2,10
36,666,10,1,12
36,666,10,2,10
36,666,11,1,12
36,666,11,2,10
36,666,12,1,12
36,666,12,2,10
36,666,13,1,12
36,666,13,2,10
36,666,14,1,12
36,666,14,2,10
36,666,15,1,12
36,666,15,2,10
36,666,16,1,12
36,666,16,2,10
36,666,17,1,12
36,666,17,2,10
36,666,18,1,12
36,666,18,2,10
36,666,19,1,12
36,666,19,2,10
36,666,20,1,12
36,666,20,2,10
36,667,1,1,2
36,667,1,2,1
36,668,1,1,2
36,668,1,2,1
36,669,1,1,18
36,669,2,1,18
36,669,3,1,18
36,669,4,1,18
36,669,5,1,18
36,670,1,1,18
36,670,2,1,18
36,670,3,1,18
36,670,4,1,18
36,670,5,1,18
36,671,1,1,18
36,671,2,1,18
36,671,3,1,18
36,671,4,1,18
36,671,5,1,18
36,672,1,1,4
36,673,1,1,4
36,677,1,1,11
36,678,1,1,11
36,678,2,1,11
36,686,1,1,16
36,686,1,2,11
36,687,1,1,16
36,687,1,2,11
36,690,1,1,8
36,690,1,2,3
36,691,1,1,8
36,691,1,2,15
36,692,1,1,3
36,693,1,1,3
36,700,1,1,18
36,701,1,1,7
36,701,1,2,10
36,702,1,1,5
36,702,1,2,18
36,703,1,1,13
36,703,1,2,18
36,704,1,1,15
36,705,1,1,15
36,705,2,1,17
36,705,2,2,15
36,706,1,1,15
36,706,2,1,17
36,706,2,2,15
36,707,1,1,17
36,707,1,2,18
36,708,1,1,14
36,708,1,2,4
36,709,1,1,14
36,709,1,2,4
36,712,1,1,6
36,713,1,1,6
36,713,2,1,6
36,713,2,2,13
36,714,1,1,10
36,714,1,2,15
36,715,1,1,10
36,715,1,2,15
36,719,1,1,13
36,719,1,2,18
36,720,1,1,11
36,720,1,2,14
36,720,2,1,11
36,720,2,2,16
36,721,1,1,2
36,721,1,2,3
36,722,1,1,4
36,722,1,2,10
36,723,1,1,4
36,723,1,2,10
36,724,1,1,4
36,724,1,2,14
36,724,2,1,4
36,724,2,2,7
36,725,1,1,2
36,726,1,1,2
36,727,1,1,2
36,727,1,2,16
36,728,1,1,3
36,729,1,1,3
36,730,1,1,3
36,730,1,2,18
36,731,1,1,1
36,731,1,2,10
36,732,1,1,1
36,732,1,2,10
36,733,1,1,1
36,733,1,2,10
36,734,1,1,1
36,735,1,1,1
36,736,1,1,12
36,737,1,1,12
36,737,1,2,5
36,738,1,1,12
36,738,1,2,5
36,739,1,1,7
36,740,1,1,7
36,740,1,2,6
36,741,1,1,2
36,741,1,2,10
36,741,2,1,5
36,741,2,2,10
36,741,3,1,11
36,741,3,2,10
36,741,4,1,14
36,741,4,2,10
36,742,1,1,12
36,742,1,2,18
36,743,1,1,12
36,743,1,2,18
36,744,1,1,13
36,745,1,1,13
36,745,2,1,13
36,745,3,1,13
36,747,1,1,8
36,747,1,2,3
36,748,1,1,8
36,748,1,2,3
36,749,1,1,9
36,750,1,1,9
36,751,1,1,3
36,751,1,2,12
36,752,1,1,3
36,752,1,2,12
36,753,1,1,4
36,754,1,1,4
36,757,1,1,8
36,757,1,2,2
36,758,1,1,8
36,758,1,2,2
36,761,1,1,4
36,762,1,1,4
36,763,1,1,4
36,764,1,1,18
36,765,1,1,1
36,765,1,2,11
36,766,1,1,7
36,769,1,1,14
36,769,1,2,9
36,770,1,1,14
36,770,1,2,9
36,774,1,1,13
36,774,1,2,10
36,774,2,1,13
36,774,2,2,10
36,774,3,1,13
36,774,3,2,10
36,774,4,1,13
36,774,4,2,10
36,774,5,1,13
36,774,5,2,10
36,774,6,1,13
36,774,6,2,10
36,774,7,1,13
36,774,7,2,10
36,774,8,1,13
36,774,8,2,10
36,775,1,1,1
36,778,1,1,14
36,778,1,2,18
36,778,2,1,14
36,778,2,2,18
36,779,1,1,3
36,779,1,2,11
36,782,1,1,15
36,783,1,1,15
36,783,1,2,7
36,784,1,1,15
36,784,1,2,7
36,789,1,1,11
36,790,1,1,11
36,791,1,1,11
36,791,1,2,17
36,792,1,1,11
36,792,1,2,14
36,800,1,1,11
36,800,2,1,11
36,800,2,2,17
36,800,3,1,11
36,800,3,2,14
36,801,1,1,17
36,801,1,2,18
36,801,2,1,17
36,801,2,2,18
36,810,1,1,4
36,811,1,1,4
36,812,1,1,4
36,813,1,1,2
36,814,1,1,2
36,815,1,1,2
36,816,1,1,3
36,817,1,1,3
36,818,1,1,3
36,819,1,1,1
36,820,1,1,1
36,821,1,1,10
36,822,1,1,10
36,823,1,1,10
36,823,1,2,17
36,833,1,1,3
36,834,1,1,3
36,834,1,2,13
36,837,1,1,13
36,838,1,1,13
36,838,1,2,2
36,839,1,1,13
36,839,1,2,2
36,840,1,1,4
36,840,1,2,15
36,841,1,1,4
36,841,1,2,15
36,842,1,1,4
36,842,1,2,15
36,843,1,1,9
36,844,1,1,9
36,845,1,1,10
36,845,1,2,3
36,845,2,1,10
36,845,2,2,3
36,845,3,1,10
36,845,3,2,3
36,846,1,1,3
36,847,1,1,3
36,848,1,1,5
36,848,1,2,8
36,849,1,1,5
36,849,1,2,8
36,849,2,1,5
36,849,2,2,8
36,854,1,1,14
36,854,2,1,14
36,855,1,1,14
36,855,2,1,14
36,856,1,1,11
36,857,1,1,11
36,858,1,1,11
36,858,1,2,18
36,859,1,1,16
36,859,1,2,18
36,860,1,1,16
36,860,1,2,18
36,861,1,1,16
36,861,1,2,18
36,863,1,1,17
36,868,1,1,18
36,869,1,1,18
36,869,2,1,18
36,869,3,1,18
36,869,4,1,18
36,869,5,1,18
36,869,6,1,18
36,869,7,1,18
36,869,8,1,18
36,869,9,1,18
36,870,1,1,7
36,871,1,1,5
36,872,1,1,6
36,872,1,2,12
36,873,1,1,6
36,873,1,2,12
36,874,1,1,13
36,875,1,1,6
36,875,2,1,6
36,876,1,1,11
36,876,1,2,1
36,876,2,1,11
36,876,2,2,1
36,877,1,1,5
36,877,1,2,16
36,877,2,1,5
36,877,2,2,16
36,878,1,1,17
36,879,1,1,17
36,884,1,1,17
36,884,1,2,15
36,885,1,1,15
36,885,1,2,14
36,886,1,1,15
36,886,1,2,14
36,887,1,1,15
36,887,1,2,14
36,888,1,1,18
36,888,2,1,18
36,888,2,2,17
36,889,1,1,7
36,889,2,1,7
36,889,2,2,17
36,890,1,1,8
36,890,1,2,15
36,891,1,1,7
36,892,1,1,7
36,892,1,2,16
36,892,2,1,7
36,892,2,2,3
36,893,1,1,16
36,893,1,2,4
36,893,2,1,16
36,893,2,2,4
36,894,1,1,5
36,895,1,1,15
36,896,1,1,6
36,897,1,1,14
36,898,1,1,11
36,898,1,2,4
36,898,2,1,11
36,898,2,2,6
36,898,3,1,11
36,898,3,2,14
36,899,1,1,1
36,899,1,2,11
36,900,1,1,12
36,900,1,2,13
36,901,1,1,9
36,901,1,2,1
36,901,2,1,9
36,901,2,2,1
36,902,1,1,3
36,902,1,2,14
36,902,2,1,3
36,902,2,2,14
36,903,1,1,7
36,903,1,2,8
36,904,1,1,16
36,904,1,2,8
36,905,1,1,18
36,905,1,2,10
36,905,2,1,18
36,905,2,2,10
36,906,1,1,4
36,907,1,1,4
36,908,1,1,4
36,908,1,2,16
36,909,1,1,2
36,910,1,1,2
36,911,1,1,2
36,911,1,2,14
36,912,1,1,3
36,913,1,1,3
36,914,1,1,3
36,914,1,2,7
36,915,1,1,1
36,916,1,1,1
36,916,2,1,1
36,917,1,1,12
36,918,1,1,12
36,919,1,1,12
36,920,1,1,12
36,920,1,2,16
36,921,1,1,5
36,922,1,1,5
36,922,1,2,7
36,923,1,1,5
36,923,1,2,7
36,924,1,1,1
36,925,1,1,1
36,925,2,1,1
36,926,1,1,18
36,927,1,1,18
36,928,1,1,4
36,928,1,2,1
36,929,1,1,4
36,929,1,2,1
36,930,1,1,4
36,930,1,2,1
36,931,1,1,1
36,931,1,2,10
36,931,2,1,1
36,931,2,2,10
36,931,3,1,1
36,931,3,2,10
36,931,4,1,1
36,931,4,2,10
36,932,1,1,13
36,933,1,1,13
36,934,1,1,13
36,935,1,1,2
36,936,1,1,2
36,936,1,2,11
36,937,1,1,2
36,937,1,2,14
36,938,1,1,5
36,939,1,1,5
36,940,1,1,5
36,940,1,2,10
36,941,1,1,5
36,941,1,2,10
36,942,1,1,16
36,943,1,1,16
36,944,1,1,8
36,944,1,2,1
36,945,1,1,8
36,945,1,2,1
36,946,1,1,4
36,946,1,2,14
36,947,1,1,4
36,947,1,2,14
36,948,1,1,9
36,948,1,2,4
36,949,1,1,9
36,949,1,2,4
36,950,1,1,13
36,951,1,1,4
36,952,1,1,4
36,952,1,2,2
36,953,1,1,12
36,954,1,1,12
36,954,1,2,11
36,955,1,1,11
36,956,1,1,11
36,957,1,1,18
36,957,1,2,17
36,958,1,1,18
36,958,1,2,17
36,959,1,1,18
36,959,1,2,17
36,960,1,1,3
36,961,1,1,3
36,962,1,1,10
36,962,1,2,16
36,963,1,1,3
36,964,1,1,3
36,964,2,1,3
36,965,1,1,17
36,965,1,2,8
36,966,1,1,17
36,966,1,2,8
36,967,1,1,15
36,967,1,2,1
36,968,1,1,17
36,969,1,1,13
36,969,1,2,8
36,970,1,1,13
36,970,1,2,8
36,971,1,1,14
36,972,1,1,14
36,973,1,1,10
36,973,1,2,7
36,974,1,1,6
36,975,1,1,6
36,976,1,1,3
36,976,1,2,11
36,977,1,1,3
36,978,1,1,15
36,978,1,2,3
36,978,2,1,15
36,978,2,2,3
36,978,3,1,15
36,978,3,2,3
36,979,1,1,7
36,979,1,2,14
36,980,1,1,8
36,980,1,2,9
36,981,1,1,1
36,981,1,2,11
36,982,1,1,1
36,982,2,1,1
36,983,1,1,16
36,983,1,2,17
36,984,1,1,9
36,984,1,2,7
36,985,1,1,18
36,985,1,2,11
36,986,1,1,4
36,986,1,2,16
36,987,1,1,14
36,987,1,2,18
36,988,1,1,12
36,988,1,2,7
36,989,1,1,5
36,989,1,2,9
36,990,1,1,9
36,990,1,2,17
36,991,1,1,6
36,991,1,2,3
36,992,1,1,7
36,992,1,2,5
36,993,1,1,16
36,993,1,2,10
36,994,1,1,2
36,994,1,2,8
36,995,1,1,13
36,995,1,2,5
36,996,1,1,15
36,996,1,2,6
36,997,1,1,15
36,997,1,2,6
36,998,1,1,15
36,998,1,2,6
36,999,1,1,14
36,999,2,1,14
36,1000,1,1,17
36,1000,1,2,14
36,1001,1,1,16
36,1001,1,2,4
36,1002,1,1,16
36,1002,1,2,6
36,1003,1,1,16
36,1003,1,2,9
36,1004,1,1,16
36,1004,1,2,2
36,1005,1,1,15
36,1005,1,2,16
36,1006,1,1,18
36,1006,1,2,7
36,1007,1,1,7
36,1007,1,2,15
36,1008,1,1,5
36,1008,1,2,15
36,1009,1,1,3
36,1009,1,2,15
36,1010,1,1,4
36,1010,1,2,11
36,1011,1,1,4
36,1011,1,2,15
36,1012,1,1,4
36,1012,1,2,14
36,1012,2,1,4
36,1012,2,2,14
36,1013,1,1,4
36,1013,1,2,14
36,1013,2,1,4
36,1013,2,2,14
36,1014,1,1,8
36,1014,1,2,7
36,1015,1,1,8
36,1015,1,2,11
36,1016,1,1,8
36,1016,1,2,18
36,1017,1,1,4
36,1017,2,1,4
36,1017,2,2,3
36,1017,3,1,4
36,1017,3,2,2
36,1017,4,1,4
36,1017,4,2,13
36,1018,1,1,17
36,1018,1,2,15
36,1019,1,1,4
36,1019,1,2,15
36,1020,1,1,2
36,1020,1,2,15
36,1021,1,1,5
36,1021,1,2,15
36,1022,1,1,13
36,1022,1,2,11
36,1023,1,1,17
36,1023,1,2,11
36,1024,1,1,1
36,1024,2,1,1
36,1024,3,1,1
36,1025,1,1,8
36,1025,1,2,14
37,1,1,1,4
37,1,1,2,8
37,2,1,1,4
37,2,1,2,8
37,3,1,1,4
37,3,1,2,8
37,4,1,1,2
37,5,1,1,2
37,6,1,1,2
37,6,1,2,10
37,7,1,1,3
37,8,1,1,3
37,9,1,1,3
37,23,1,1,8
37,24,1,1,8
37,25,1,1,5
37,25,8,1,5
37,25,9,1,5
37,25,10,1,5
37,25,11,1,5
37,25,12,1,5
37,25,13,1,5
37,25,14,1,5
37,25,17,1,5
37,26,1,1,5
37,26,2,1,5
37,26,2,2,11
37,27,1,1,9
37,27,2,1,6
37,27,2,2,17
37,28,1,1,9
37,28,2,1,6
37,28,2,2,17
37,35,1,1,18
37,36,1,1,18
37,37,1,1,2
37,37,2,1,6
37,38,1,1,2
37,38,2,1,6
37,38,2,2,18
37,39,1,1,1
37,39,1,2,18
37,40,1,1,1
37,40,1,2,18
37,43,1,1,4
37,43,1,2,8
37,44,1,1,4
37,44,1,2,8
37,45,1,1,4
37,45,1,2,8
37,48,1,1,12
37,48,1,2,8
37,49,1,1,12
37,49,1,2,8
37,50,1,1,9
37,50,2,1,9
37,50,2,2,17
37,51,1,1,9
37,51,2,1,9
37,51,2,2,17
37,52,1,1,1
37,52,2,1,16
37,52,3,1,17
37,53,1,1,1
37,53,2,1,16
37,54,1,1,3
37,55,1,1,3
37,56,1,1,7
37,57,1,1,7
37,58,1,1,2
37,58,2,1,2
37,58,2,2,13
37,59,1,1,2
37,59,2,1,2
37,59,2,2,13
37,60,1,1,3
37,61,1,1,3
37,62,1,1,3
37,62,1,2,7
37,69,1,1,4
37,69,1,2,8
37,70,1,1,4
37,70,1,2,8
37,71,1,1,4
37,71,1,2,8
37,72,1,1,3
37,72,1,2,8
37,73,1,1,3
37,73,1,2,8
37,74,1,1,13
37,74,1,2,9
37,74,2,1,13
37,74,2,2,5
37,75,1,1,13
37,75,1,2,9
37,75,2,1,13
37,75,2,2,5
37,76,1,1,13
37,76,1,2,9
37,76,2,1,13
37,76,2,2,5
37,79,1,1,3
37,79,1,2,11
37,79,2,1,11
37,80,1,1,3
37,80,1,2,11
37,80,3,1,8
37,80,3,2,11
37,81,1,1,5
37,81,1,2,17
37,82,1,1,5
37,82,1,2,17
37,84,1,1,1
37,84,1,2,10
37,85,1,1,1
37,85,1,2,10
37,86,1,1,3
37,87,1,1,3
37,87,1,2,6
37,88,1,1,8
37,88,2,1,8
37,88,2,2,16
37,89,1,1,8
37,89,2,1,8
37,89,2,2,16
37,90,1,1,3
37,91,1,1,3
37,91,1,2,6
37,92,1,1,14
37,92,1,2,8
37,93,1,1,14
37,93,1,2,8
37,94,1,1,14
37,94,1,2,8
37,96,1,1,11
37,97,1,1,11
37,100,1,1,5
37,100,2,1,5
37,100,2,2,4
37,101,1,1,5
37,101,2,1,5
37,101,2,2,4
37,102,1,1,4
37,102,1,2,11
37,103,1,1,4
37,103,1,2,11
37,103,2,1,4
37,103,2,2,15
37,106,1,1,7
37,107,1,1,7
37,109,1,1,8
37,110,1,1,8
37,110,2,1,8
37,110,2,2,18
37,111,1,1,9
37,111,1,2,13
37,112,1,1,9
37,112,1,2,13
37,113,1,1,1
37,116,1,1,3
37,117,1,1,3
37,123,1,1,12
37,123,1,2,10
37,125,1,1,5
37,126,1,1,2
37,128,1,1,1
37,128,2,1,7
37,128,3,1,7
37,128,3,2,2
37,128,4,1,7
37,128,4,2,3
37,129,1,1,3
37,130,1,1,3
37,130,1,2,10
37,131,1,1,3
37,131,1,2,6
37,132,1,1,1
37,133,1,1,1
37,134,1,1,3
37,135,1,1,5
37,136,1,1,2
37,137,1,1,1
37,143,1,1,1
37,144,1,1,6
37,144,1,2,10
37,144,2,1,11
37,144,2,2,10
37,145,1,1,5
37,145,1,2,10
37,145,2,1,7
37,145,2,2,10
37,146,1,1,2
37,146,1,2,10
37,146,2,1,16
37,146,2,2,10
37,147,1,1,15
37,148,1,1,15
37,149,1,1,15
37,149,1,2,10
37,150,1,1,11
37,151,1,1,11
37,152,1,1,4
37,153,1,1,4
37,154,1,1,4
37,155,1,1,2
37,156,1,1,2
37,157,1,1,2
37,157,2,1,2
37,157,2,2,14
37,158,1,1,3
37,159,1,1,3
37,160,1,1,3
37,161,1,1,1
37,162,1,1,1
37,163,1,1,1
37,163,1,2,10
37,164,1,1,1
37,164,1,2,10
37,167,1,1,12
37,167,1,2,8
37,168,1,1,12
37,168,1,2,8
37,170,1,1,3
37,170,1,2,5
37,171,1,1,3
37,171,1,2,5
37,172,1,1,5
37,173,1,1,18
37,174,1,1,1
37,174,1,2,18
37,179,1,1,5
37,180,1,1,5
37,181,1,1,5
37,182,1,1,4
37,183,1,1,3
37,183,1,2,18
37,184,1,1,3
37,184,1,2,18
37,185,1,1,13
37,186,1,1,3
37,187,1,1,4
37,187,1,2,10
37,188,1,1,4
37,188,1,2,10
37,189,1,1,4
37,189,1,2,10
37,190,1,1,1
37,191,1,1,4
37,192,1,1,4
37,193,1,1,12
37,193,1,2,10
37,194,1,1,3
37,194,1,2,9
37,194,2,1,8
37,194,2,2,9
37,195,1,1,3
37,195,1,2,9
37,196,1,1,11
37,197,1,1,16
37,198,1,1,16
37,198,1,2,10
37,199,1,1,3
37,199,1,2,11
37,199,2,1,8
37,199,2,2,11
37,200,1,1,14
37,203,1,1,1
37,203,1,2,11
37,204,1,1,12
37,205,1,1,12
37,205,1,2,17
37,206,1,1,1
37,207,1,1,9
37,207,1,2,10
37,209,1,1,18
37,210,1,1,18
37,211,1,1,3
37,211,1,2,8
37,211,2,1,16
37,211,2,2,8
37,212,1,1,12
37,212,1,2,17
37,214,1,1,12
37,214,1,2,7
37,215,1,1,16
37,215,1,2,6
37,215,2,1,7
37,215,2,2,8
37,216,1,1,1
37,217,1,1,1
37,218,1,1,2
37,219,1,1,2
37,219,1,2,13
37,220,1,1,6
37,220,1,2,9
37,221,1,1,6
37,221,1,2,9
37,225,1,1,6
37,225,1,2,10
37,227,1,1,17
37,227,1,2,10
37,228,1,1,16
37,228,1,2,2
37,229,1,1,16
37,229,1,2,2
37,230,1,1,3
37,230,1,2,15
37,231,1,1,9
37,232,1,1,9
37,233,1,1,1
37,234,1,1,1
37,235,1,1,1
37,236,1,1,7
37,237,1,1,7
37,239,1,1,5
37,240,1,1,2
37,242,1,1,1
37,243,1,1,5
37,244,1,1,2
37,245,1,1,3
37,246,1,1,13
37,246,1,2,9
37,247,1,1,13
37,247,1,2,9
37,248,1,1,13
37,248,1,2,16
37,249,1,1,11
37,249,1,2,10
37,250,1,1,2
37,250,1,2,10
37,252,1,1,4
37,253,1,1,4
37,254,1,1,4
37,255,1,1,2
37,256,1,1,2
37,256,1,2,7
37,257,1,1,2
37,257,1,2,7
37,258,1,1,3
37,259,1,1,3
37,259,1,2,9
37,260,1,1,3
37,260,1,2,9
37,261,1,1,16
37,262,1,1,16
37,270,1,1,3
37,270,1,2,4
37,271,1,1,3
37,271,1,2,4
37,272,1,1,3
37,272,1,2,4
37,273,1,1,4
37,274,1,1,4
37,274,1,2,16
37,275,1,1,4
37,275,1,2,16
37,278,1,1,3
37,278,1,2,10
37,279,1,1,3
37,279,1,2,10
37,280,1,1,11
37,280,1,2,18
37,281,1,1,11
37,281,1,2,18
37,282,1,1,11
37,282,1,2,18
37,283,1,1,12
37,283,1,2,3
37,284,1,1,12
37,284,1,2,10
37,285,1,1,4
37,286,1,1,4
37,286,1,2,7
37,287,1,1,1
37,288,1,1,1
37,289,1,1,1
37,296,1,1,7
37,297,1,1,7
37,298,1,1,1
37,298,1,2,18
37,299,1,1,13
37,302,1,1,16
37,302,1,2,14
37,307,1,1,7
37,307,1,2,11
37,308,1,1,7
37,308,1,2,11
37,311,1,1,5
37,312,1,1,5
37,313,1,1,12
37,314,1,1,12
37,316,1,1,8
37,317,1,1,8
37,322,1,1,2
37,322,1,2,9
37,323,1,1,2
37,323,1,2,9
37,324,1,1,2
37,325,1,1,11
37,326,1,1,11
37,328,1,1,9
37,329,1,1,9
37,329,1,2,15
37,330,1,1,9
37,330,1,2,15
37,331,1,1,4
37,332,1,1,4
37,332,1,2,16
37,333,1,1,1
37,333,1,2,10
37,334,1,1,15
37,334,1,2,10
37,335,1,1,1
37,336,1,1,8
37,339,1,1,3
37,339,1,2,9
37,340,1,1,3
37,340,1,2,9
37,341,1,1,3
37,342,1,1,3
37,342,1,2,16
37,349,1,1,3
37,350,1,1,3
37,353,1,1,14
37,354,1,1,14
37,355,1,1,14
37,356,1,1,14
37,357,1,1,4
37,357,1,2,10
37,358,1,1,11
37,361,1,1,6
37,362,1,1,6
37,370,1,1,3
37,371,1,1,15
37,372,1,1,15
37,373,1,1,15
37,373,1,2,10
37,374,1,1,17
37,374,1,2,11
37,375,1,1,17
37,375,1,2,11
37,376,1,1,17
37,376,1,2,11
37,377,1,1,13
37,378,1,1,6
37,379,1,1,17
37,380,1,1,15
37,380,1,2,11
37,381,1,1,15
37,381,1,2,11
37,382,1,1,3
37,383,1,1,9
37,384,1,1,15
37,384,1,2,10
37,385,1,1,17
37,385,1,2,11
37,386,1,1,11
37,386,2,1,11
37,386,3,1,11
37,386,4,1,11
37,387,1,1,4
37,388,1,1,4
37,389,1,1,4
37,389,1,2,9
37,390,1,1,2
37,391,1,1,2
37,391,1,2,7
37,392,1,1,2
37,392,1,2,7
37,393,1,1,3
37,394,1,1,3
37,395,1,1,3
37,395,1,2,17
37,396,1,1,1
37,396,1,2,10
37,397,1,1,1
37,397,1,2,10
37,398,1,1,1
37,398,1,2,10
37,401,1,1,12
37,402,1,1,12
37,403,1,1,5
37,404,1,1,5
37,405,1,1,5
37,408,1,1,13
37,409,1,1,13
37,410,1,1,13
37,410,1,2,17
37,411,1,1,13
37,411,1,2,17
37,415,1,1,12
37,415,1,2,10
37,416,1,1,12
37,416,1,2,10
37,417,1,1,5
37,418,1,1,3
37,419,1,1,3
37,422,1,1,3
37,422,2,1,3
37,423,1,1,3
37,423,1,2,9
37,423,2,1,3
37,423,2,2,9
37,424,1,1,1
37,425,1,1,14
37,425,1,2,10
37,426,1,1,14
37,426,1,2,10
37,429,1,1,14
37,430,1,1,16
37,430,1,2,10
37,433,1,1,11
37,434,1,1,8
37,434,1,2,16
37,435,1,1,8
37,435,1,2,16
37,436,1,1,17
37,436,1,2,11
37,437,1,1,17
37,437,1,2,11
37,438,1,1,13
37,440,1,1,1
37,442,1,1,14
37,442,1,2,16
37,443,1,1,15
37,443,1,2,9
37,444,1,1,15
37,444,1,2,9
37,445,1,1,15
37,445,1,2,9
37,446,1,1,1
37,447,1,1,7
37,448,1,1,7
37,448,1,2,17
37,449,1,1,9
37,450,1,1,9
37,453,1,1,8
37,453,1,2,7
37,454,1,1,8
37,454,1,2,7
37,456,1,1,3
37,457,1,1,3
37,459,1,1,4
37,459,1,2,6
37,460,1,1,4
37,460,1,2,6
37,461,1,1,16
37,461,1,2,6
37,462,1,1,5
37,462,1,2,17
37,464,1,1,9
37,464,1,2,13
37,466,1,1,5
37,467,1,1,2
37,469,1,1,12
37,469,1,2,10
37,470,1,1,4
37,471,1,1,6
37,472,1,1,9
37,472,1,2,10
37,473,1,1,6
37,473,1,2,9
37,474,1,1,1
37,475,1,1,11
37,475,1,2,7
37,476,1,1,13
37,476,1,2,17
37,477,1,1,14
37,478,1,1,6
37,478,1,2,14
37,479,1,1,5
37,479,1,2,14
37,479,2,1,5
37,479,2,2,2
37,479,3,1,5
37,479,3,2,3
37,479,4,1,5
37,479,4,2,6
37,479,5,1,5
37,479,5,2,10
37,479,6,1,5
37,479,6,2,4
37,480,1,1,11
37,481,1,1,11
37,482,1,1,11
37,483,1,1,17
37,483,1,2,15
37,483,2,1,17
37,483,2,2,15
37,484,1,1,3
37,484,1,2,15
37,484,2,1,3
37,484,2,2,15
37,485,1,1,2
37,485,1,2,17
37,486,1,1,1
37,487,1,1,14
37,487,1,2,15
37,487,2,1,14
37,487,2,2,15
37,488,1,1,11
37,489,1,1,3
37,490,1,1,3
37,491,1,1,16
37,492,1,1,4
37,492,2,1,4
37,492,2,2,10
37,493,1,1,1
37,493,2,1,2
37,493,3,1,3
37,493,4,1,4
37,493,5,1,5
37,493,6,1,6
37,493,7,1,7
37,493,8,1,8
37,493,9,1,9
37,493,10,1,10
37,493,11,1,11
37,493,12,1,12
37,493,13,1,13
37,493,14,1,14
37,493,15,1,15
37,493,16,1,16
37,493,17,1,17
37,493,18,1,18
37,495,1,1,4
37,496,1,1,4
37,497,1,1,4
37,498,1,1,2
37,499,1,1,2
37,499,1,2,7
37,500,1,1,2
37,500,1,2,7
37,501,1,1,3
37,502,1,1,3
37,503,1,1,3
37,503,2,1,3
37,503,2,2,16
37,522,1,1,5
37,523,1,1,5
37,529,1,1,9
37,530,1,1,9
37,530,1,2,17
37,532,1,1,7
37,533,1,1,7
37,534,1,1,7
37,540,1,1,12
37,540,1,2,4
37,541,1,1,12
37,541,1,2,4
37,542,1,1,12
37,542,1,2,4
37,546,1,1,4
37,546,1,2,18
37,547,1,1,4
37,547,1,2,18
37,548,1,1,4
37,549,1,1,4
37,549,2,1,4
37,549,2,2,7
37,550,1,1,3
37,550,2,1,3
37,550,3,1,3
37,551,1,1,9
37,551,1,2,16
37,552,1,1,9
37,552,1,2,16
37,553,1,1,9
37,553,1,2,16
37,559,1,1,16
37,559,1,2,7
37,560,1,1,16
37,560,1,2,7
37,570,1,1,16
37,570,2,1,1
37,570,2,2,14
37,571,1,1,16
37,571,2,1,1
37,571,2,2,14
37,572,1,1,1
37,573,1,1,1
37,574,1,1,11
37,575,1,1,11
37,576,1,1,11
37,577,1,1,11
37,578,1,1,11
37,579,1,1,11
37,580,1,1,3
37,580,1,2,10
37,581,1,1,3
37,581,1,2,10
37,585,1,1,1
37,585,1,2,4
37,585,2,1,1
37,585,2,2,4
37,585,3,1,1
37,585,3,2,4
37,585,4,1,1
37,585,4,2,4
37,586,1,1,1
37,586,1,2,4
37,586,2,1,1
37,586,2,2,4
37,586,3,1,1
37,586,3,2,4
37,586,4,1,1
37,586,4,2,4
37,590,1,1,4
37,590,1,2,8
37,591,1,1,4
37,591,1,2,8
37,594,1,1,3
37,595,1,1,12
37,595,1,2,5
37,596,1,1,12
37,596,1,2,5
37,602,1,1,5
37,603,1,1,5
37,604,1,1,5
37,607,1,1,14
37,607,1,2,2
37,608,1,1,14
37,608,1,2,2
37,609,1,1,14
37,609,1,2,2
37,610,1,1,15
37,611,1,1,15
37,612,1,1,15
37,613,1,1,6
37,614,1,1,6
37,615,1,1,6
37,619,1,1,7
37,620,1,1,7
37,622,1,1,9
37,622,1,2,14
37,623,1,1,9
37,623,1,2,14
37,624,1,1,16
37,624,1,2,17
37,625,1,1,16
37,625,1,2,17
37,627,1,1,1
37,627,1,2,10
37,628,1,1,1
37,628,1,2,10
37,628,2,1,11
37,628,2,2,10
37,629,1,1,16
37,629,1,2,10
37,630,1,1,16
37,630,1,2,10
37,633,1,1,16
37,633,1,2,15
37,634,1,1,16
37,634,1,2,15
37,635,1,1,16
37,635,1,2,15
37,636,1,1,12
37,636,1,2,2
37,637,1,1,12
37,637,1,2,2
37,638,1,1,17
37,638,1,2,7
37,639,1,1,13
37,639,1,2,7
37,640,1,1,4
37,640,1,2,7
37,641,1,1,10
37,641,2,1,10
37,642,1,1,5
37,642,1,2,10
37,642,2,1,5
37,642,2,2,10
37,643,1,1,15
37,643,1,2,2
37,644,1,1,15
37,644,1,2,5
37,645,1,1,9
37,645,1,2,10
37,645,2,1,9
37,645,2,2,10
37,646,1,1,15
37,646,1,2,6
37,646,2,1,15
37,646,2,2,6
37,646,3,1,15
37,646,3,2,6
37,647,1,1,3
37,647,1,2,7
37,647,2,1,3
37,647,2,2,7
37,648,1,1,1
37,648,1,2,11
37,648,2,1,1
37,648,2,2,7
37,650,1,1,4
37,651,1,1,4
37,652,1,1,4
37,652,1,2,7
37,653,1,1,2
37,654,1,1,2
37,655,1,1,2
37,655,1,2,11
37,656,1,1,3
37,657,1,1,3
37,658,1,1,3
37,658,1,2,16
37,661,1,1,1
37,661,1,2,10
37,662,1,1,2
37,662,1,2,10
37,663,1,1,2
37,663,1,2,10
37,664,1,1,12
37,665,1,1,12
37,666,1,1,12
37,666,1,2,10
37,666,2,1,12
37,666,2,2,10
37,666,3,1,12
37,666,3,2,10
37,666,4,1,12
37,666,4,2,10
37,666,5,1,12
37,666,5,2,10
37,666,6,1,12
37,666,6,2,10
37,666,7,1,12
37,666,7,2,10
37,666,8,1,12
37,666,8,2,10
37,666,9,1,12
37,666,9,2,10
37,666,10,1,12
37,666,10,2,10
37,666,11,1,12
37,666,11,2,10
37,666,12,1,12
37,666,12,2,10
37,666,13,1,12
37,666,13,2,10
37,666,14,1,12
37,666,14,2,10
37,666,15,1,12
37,666,15,2,10
37,666,16,1,12
37,666,16,2,10
37,666,17,1,12
37,666,17,2,10
37,666,18,1,12
37,666,18,2,10
37,666,19,1,12
37,666,19,2,10
37,666,20,1,12
37,666,20,2,10
37,667,1,1,2
37,667,1,2,1
37,668,1,1,2
37,668,1,2,1
37,669,1,1,18
37,669,2,1,18
37,669,3,1,18
37,669,4,1,18
37,669,5,1,18
37,670,1,1,18
37,670,2,1,18
37,670,3,1,18
37,670,4,1,18
37,670,5,1,18
37,671,1,1,18
37,671,2,1,18
37,671,3,1,18
37,671,4,1,18
37,671,5,1,18
37,672,1,1,4
37,673,1,1,4
37,677,1,1,11
37,678,1,1,11
37,678,2,1,11
37,686,1,1,16
37,686,1,2,11
37,687,1,1,16
37,687,1,2,11
37,690,1,1,8
37,690,1,2,3
37,691,1,1,8
37,691,1,2,15
37,692,1,1,3
37,693,1,1,3
37,700,1,1,18
37,701,1,1,7
37,701,1,2,10
37,702,1,1,5
37,702,1,2,18
37,703,1,1,13
37,703,1,2,18
37,704,1,1,15
37,705,1,1,15
37,705,2,1,17
37,705,2,2,15
37,706,1,1,15
37,706,2,1,17
37,706,2,2,15
37,707,1,1,17
37,707,1,2,18
37,708,1,1,14
37,708,1,2,4
37,709,1,1,14
37,709,1,2,4
37,712,1,1,6
37,713,1,1,6
37,713,2,1,6
37,713,2,2,13
37,714,1,1,10
37,714,1,2,15
37,715,1,1,10
37,715,1,2,15
37,719,1,1,13
37,719,1,2,18
37,720,1,1,11
37,720,1,2,14
37,720,2,1,11
37,720,2,2,16
37,721,1,1,2
37,721,1,2,3
37,722,1,1,4
37,722,1,2,10
37,723,1,1,4
37,723,1,2,10
37,724,1,1,4
37,724,1,2,14
37,724,2,1,4
37,724,2,2,7
37,725,1,1,2
37,726,1,1,2
37,727,1,1,2
37,727,1,2,16
37,728,1,1,3
37,729,1,1,3
37,730,1,1,3
37,730,1,2,18
37,731,1,1,1
37,731,1,2,10
37,732,1,1,1
37,732,1,2,10
37,733,1,1,1
37,733,1,2,10
37,734,1,1,1
37,735,1,1,1
37,736,1,1,12
37,737,1,1,12
37,737,1,2,5
37,738,1,1,12
37,738,1,2,5
37,739,1,1,7
37,740,1,1,7
37,740,1,2,6
37,741,1,1,2
37,741,1,2,10
37,741,2,1,5
37,741,2,2,10
37,741,3,1,11
37,741,3,2,10
37,741,4,1,14
37,741,4,2,10
37,742,1,1,12
37,742,1,2,18
37,743,1,1,12
37,743,1,2,18
37,744,1,1,13
37,745,1,1,13
37,745,2,1,13
37,745,3,1,13
37,747,1,1,8
37,747,1,2,3
37,748,1,1,8
37,748,1,2,3
37,749,1,1,9
37,750,1,1,9
37,751,1,1,3
37,751,1,2,12
37,752,1,1,3
37,752,1,2,12
37,753,1,1,4
37,754,1,1,4
37,757,1,1,8
37,757,1,2,2
37,758,1,1,8
37,758,1,2,2
37,761,1,1,4
37,762,1,1,4
37,763,1,1,4
37,764,1,1,18
37,765,1,1,1
37,765,1,2,11
37,766,1,1,7
37,769,1,1,14
37,769,1,2,9
37,770,1,1,14
37,770,1,2,9
37,774,1,1,13
37,774,1,2,10
37,774,2,1,13
37,774,2,2,10
37,774,3,1,13
37,774,3,2,10
37,774,4,1,13
37,774,4,2,10
37,774,5,1,13
37,774,5,2,10
37,774,6,1,13
37,774,6,2,10
37,774,7,1,13
37,774,7,2,10
37,774,8,1,13
37,774,8,2,10
37,775,1,1,1
37,778,1,1,14
37,778,1,2,18
37,778,2,1,14
37,778,2,2,18
37,779,1,1,3
37,779,1,2,11
37,782,1,1,15
37,783,1,1,15
37,783,1,2,7
37,784,1,1,15
37,784,1,2,7
37,789,1,1,11
37,790,1,1,11
37,791,1,1,11
37,791,1,2,17
37,792,1,1,11
37,792,1,2,14
37,800,1,1,11
37,800,2,1,11
37,800,2,2,17
37,800,3,1,11
37,800,3,2,14
37,801,1,1,17
37,801,1,2,18
37,801,2,1,17
37,801,2,2,18
37,810,1,1,4
37,811,1,1,4
37,812,1,1,4
37,813,1,1,2
37,814,1,1,2
37,815,1,1,2
37,816,1,1,3
37,817,1,1,3
37,818,1,1,3
37,819,1,1,1
37,820,1,1,1
37,821,1,1,10
37,822,1,1,10
37,823,1,1,10
37,823,1,2,17
37,833,1,1,3
37,834,1,1,3
37,834,1,2,13
37,837,1,1,13
37,838,1,1,13
37,838,1,2,2
37,839,1,1,13
37,839,1,2,2
37,840,1,1,4
37,840,1,2,15
37,841,1,1,4
37,841,1,2,15
37,842,1,1,4
37,842,1,2,15
37,843,1,1,9
37,844,1,1,9
37,845,1,1,10
37,845,1,2,3
37,845,2,1,10
37,845,2,2,3
37,845,3,1,10
37,845,3,2,3
37,846,1,1,3
37,847,1,1,3
37,848,1,1,5
37,848,1,2,8
37,849,1,1,5
37,849,1,2,8
37,849,2,1,5
37,849,2,2,8
37,854,1,1,14
37,854,2,1,14
37,855,1,1,14
37,855,2,1,14
37,856,1,1,11
37,857,1,1,11
37,858,1,1,11
37,858,1,2,18
37,859,1,1,16
37,859,1,2,18
37,860,1,1,16
37,860,1,2,18
37,861,1,1,16
37,861,1,2,18
37,863,1,1,17
37,868,1,1,18
37,869,1,1,18
37,869,2,1,18
37,869,3,1,18
37,869,4,1,18
37,869,5,1,18
37,869,6,1,18
37,869,7,1,18
37,869,8,1,18
37,869,9,1,18
37,870,1,1,7
37,871,1,1,5
37,872,1,1,6
37,872,1,2,12
37,873,1,1,6
37,873,1,2,12
37,874,1,1,13
37,875,1,1,6
37,875,2,1,6
37,876,1,1,11
37,876,1,2,1
37,876,2,1,11
37,876,2,2,1
37,877,1,1,5
37,877,1,2,16
37,877,2,1,5
37,877,2,2,16
37,878,1,1,17
37,879,1,1,17
37,884,1,1,17
37,884,1,2,15
37,885,1,1,15
37,885,1,2,14
37,886,1,1,15
37,886,1,2,14
37,887,1,1,15
37,887,1,2,14
37,888,1,1,18
37,888,2,1,18
37,888,2,2,17
37,889,1,1,7
37,889,2,1,7
37,889,2,2,17
37,890,1,1,8
37,890,1,2,15
37,891,1,1,7
37,892,1,1,7
37,892,1,2,16
37,892,2,1,7
37,892,2,2,3
37,893,1,1,16
37,893,1,2,4
37,893,2,1,16
37,893,2,2,4
37,894,1,1,5
37,895,1,1,15
37,896,1,1,6
37,897,1,1,14
37,898,1,1,11
37,898,1,2,4
37,898,2,1,11
37,898,2,2,6
37,898,3,1,11
37,898,3,2,14
37,899,1,1,1
37,899,1,2,11
37,900,1,1,12
37,900,1,2,13
37,901,1,1,9
37,901,1,2,1
37,901,2,1,9
37,901,2,2,1
37,902,1,1,3
37,902,1,2,14
37,902,2,1,3
37,902,2,2,14
37,903,1,1,7
37,903,1,2,8
37,904,1,1,16
37,904,1,2,8
37,905,1,1,18
37,905,1,2,10
37,905,2,1,18
37,905,2,2,10
37,906,1,1,4
37,907,1,1,4
37,908,1,1,4
37,908,1,2,16
37,909,1,1,2
37,910,1,1,2
37,911,1,1,2
37,911,1,2,14
37,912,1,1,3
37,913,1,1,3
37,914,1,1,3
37,914,1,2,7
37,915,1,1,1
37,916,1,1,1
37,916,2,1,1
37,917,1,1,12
37,918,1,1,12
37,919,1,1,12
37,920,1,1,12
37,920,1,2,16
37,921,1,1,5
37,922,1,1,5
37,922,1,2,7
37,923,1,1,5
37,923,1,2,7
37,924,1,1,1
37,925,1,1,1
37,925,2,1,1
37,926,1,1,18
37,927,1,1,18
37,928,1,1,4
37,928,1,2,1
37,929,1,1,4
37,929,1,2,1
37,930,1,1,4
37,930,1,2,1
37,931,1,1,1
37,931,1,2,10
37,931,2,1,1
37,931,2,2,10
37,931,3,1,1
37,931,3,2,10
37,931,4,1,1
37,931,4,2,10
37,932,1,1,13
37,933,1,1,13
37,934,1,1,13
37,935,1,1,2
37,936,1,1,2
37,936,1,2,11
37,937,1,1,2
37,937,1,2,14
37,938,1,1,5
37,939,1,1,5
37,940,1,1,5
37,940,1,2,10
37,941,1,1,5
37,941,1,2,10
37,942,1,1,16
37,943,1,1,16
37,944,1,1,8
37,944,1,2,1
37,945,1,1,8
37,945,1,2,1
37,946,1,1,4
37,946,1,2,14
37,947,1,1,4
37,947,1,2,14
37,948,1,1,9
37,948,1,2,4
37,949,1,1,9
37,949,1,2,4
37,950,1,1,13
37,951,1,1,4
37,952,1,1,4
37,952,1,2,2
37,953,1,1,12
37,954,1,1,12
37,954,1,2,11
37,955,1,1,11
37,956,1,1,11
37,957,1,1,18
37,957,1,2,17
37,958,1,1,18
37,958,1,2,17
37,959,1,1,18
37,959,1,2,17
37,960,1,1,3
37,961,1,1,3
37,962,1,1,10
37,962,1,2,16
37,963,1,1,3
37,964,1,1,3
37,964,2,1,3
37,965,1,1,17
37,965,1,2,8
37,966,1,1,17
37,966,1,2,8
37,967,1,1,15
37,967,1,2,1
37,968,1,1,17
37,969,1,1,13
37,969,1,2,8
37,970,1,1,13
37,970,1,2,8
37,971,1,1,14
37,972,1,1,14
37,973,1,1,10
37,973,1,2,7
37,974,1,1,6
37,975,1,1,6
37,976,1,1,3
37,976,1,2,11
37,977,1,1,3
37,978,1,1,15
37,978,1,2,3
37,978,2,1,15
37,978,2,2,3
37,978,3,1,15
37,978,3,2,3
37,979,1,1,7
37,979,1,2,14
37,980,1,1,8
37,980,1,2,9
37,981,1,1,1
37,981,1,2,11
37,982,1,1,1
37,982,2,1,1
37,983,1,1,16
37,983,1,2,17
37,984,1,1,9
37,984,1,2,7
37,985,1,1,18
37,985,1,2,11
37,986,1,1,4
37,986,1,2,16
37,987,1,1,14
37,987,1,2,18
37,988,1,1,12
37,988,1,2,7
37,989,1,1,5
37,989,1,2,9
37,990,1,1,9
37,990,1,2,17
37,991,1,1,6
37,991,1,2,3
37,992,1,1,7
37,992,1,2,5
37,993,1,1,16
37,993,1,2,10
37,994,1,1,2
37,994,1,2,8
37,995,1,1,13
37,995,1,2,5
37,996,1,1,15
37,996,1,2,6
37,997,1,1,15
37,997,1,2,6
37,998,1,1,15
37,998,1,2,6
37,999,1,1,14
37,999,2,1,14
37,1000,1,1,17
37,1000,1,2,14
37,1001,1,1,16
37,1001,1,2,4
37,1002,1,1,16
37,1002,1,2,6
37,1003,1,1,16
37,1003,1,2,9
37,1004,1,1,16
37,1004,1,2,2
37,1005,1,1,15
37,1005,1,2,16
37,1006,1,1,18
37,1006,1,2,7
37,1007,1,1,7
37,1007,1,2,15
37,1008,1,1,5
37,1008,1,2,15
37,1009,1,1,3
37,1009,1,2,15
37,1010,1,1,4
37,1010,1,2,11
37,1011,1,1,4
37,1011,1,2,15
37,1012,1,1,4
37,1012,1,2,14
37,1012,2,1,4
37,1012,2,2,14
37,1013,1,1,4
37,1013,1,2,14
37,1013,2,1,4
37,1013,2,2,14
37,1014,1,1,8
37,1014,1,2,7
37,1015,1,1,8
37,1015,1,2,11
37,1016,1,1,8
37,1016,1,2,18
37,1017,1,1,4
37,1017,2,1,4
37,1017,2,2,3
37,1017,3,1,4
37,1017,3,2,2
37,1017,4,1,4
37,1017,4,2,13
37,1018,1,1,17
37,1018,1,2,15
37,1019,1,1,4
37,1019,1,2,15
37,1020,1,1,2
37,1020,1,2,15
37,1021,1,1,5
37,1021,1,2,15
37,1022,1,1,13
37,1022,1,2,11
37,1023,1,1,17
37,1023,1,2,11
37,1024,1,1,1
37,1024,2,1,1
37,1024,3,1,1
37,1025,1,1,8
37,1025,1,2,14
